A/atoms001.POSCAR,0.4,6,6,4,16,16,128,4,4,4,931.119075677993351,0.006090082000000
A/atoms001.POSCAR,0.400000000000000,6,6,5,16,16,128,4,4,4,988.948604545906505,0.006022895000000
A/atoms001.POSCAR,0.400000000000000,6,6,6,16,16,128,4,4,4,992.028526099551073,0.006004687000000
A/atoms001.POSCAR,0.400000000000000,6,6,7,16,16,128,4,4,4,1021.628827787894579,0.006245504000000
A/atoms001.POSCAR,0.400000000000000,6,6,8,16,16,128,4,4,4,1079.769900525382809,0.005979211000000
A/atoms001.POSCAR,0.400000000000000,6,6,9,16,16,128,4,4,4,1157.355974510050373,0.006099080000000
A/atoms001.POSCAR,0.400000000000000,6,6,10,16,16,128,4,4,4,1195.362232584878711,0.006102704000000
A/atoms001.POSCAR,0.400000000000000,6,6,11,16,16,128,4,4,4,1213.729124536354902,0.005977215000000
A/atoms001.POSCAR,0.400000000000000,6,6,12,16,16,128,4,4,4,1214.145662778088536,0.006022670000000
A/atoms001.POSCAR,0.400000000000000,6,6,13,16,16,128,4,4,4,1217.393791857264205,0.006141859000000
A/atoms001.POSCAR,0.400000000000000,6,6,14,16,16,128,4,4,4,1225.731498693342928,0.006104722000000
A/atoms001.POSCAR,0.400000000000000,6,6,15,16,16,128,4,4,4,1235.537062861236109,0.005785288000000
A/atoms001.POSCAR,0.400000000000000,6,6,16,16,16,128,4,4,4,1241.144160341344787,0.006087187000000
A/atoms001.POSCAR,0.400000000000000,6,6,17,16,16,128,4,4,4,1243.621002006885419,0.006193943000000
A/atoms001.POSCAR,0.400000000000000,6,6,18,16,16,128,4,4,4,1243.905224271994257,0.006059022000000
A/atoms001.POSCAR,0.400000000000000,6,6,19,16,16,128,4,4,4,1244.236221961724141,0.005789157000000
A/atoms001.POSCAR,0.400000000000000,6,6,20,16,16,128,4,4,4,1244.755413488945806,0.006116570000000
A/atoms001.POSCAR,0.400000000000000,6,6,21,16,16,128,4,4,4,1245.913859677313212,0.006146644000000
A/atoms001.POSCAR,0.400000000000000,6,6,22,16,16,128,4,4,4,1246.086906994435139,0.005984765000000
A/atoms001.POSCAR,0.400000000000000,6,6,23,16,16,128,4,4,4,1246.538275915366285,0.005765666000000
A/atoms001.POSCAR,0.400000000000000,6,6,24,16,16,128,4,4,4,1246.481919929631886,0.006161231000000
A/atoms001.POSCAR,0.400000000000000,6,6,25,16,16,128,4,4,4,1246.516601638028533,0.006042754000000
A/atoms001.POSCAR,0.400000000000000,6,6,26,16,16,128,4,4,4,1246.529696781616167,0.006657636000000
A/atoms001.POSCAR,0.400000000000000,6,6,27,16,16,128,4,4,4,1246.618205512993882,0.005813502000000
A/atoms001.POSCAR,0.400000000000000,6,6,28,16,16,128,4,4,4,1246.568929394353063,0.006156973000000
A/atoms001.POSCAR,0.400000000000000,6,6,29,16,16,128,4,4,4,1246.641241930997012,0.006141460000000
A/atoms001.POSCAR,0.400000000000000,6,6,30,16,16,128,4,4,4,1246.611119324065612,0.006155932000000
A/atoms001.POSCAR,0.400000000000000,6,6,31,16,16,128,4,4,4,1246.619612973591074,0.006288069000000
A/atoms001.POSCAR,0.400000000000000,6,6,32,16,16,128,4,4,4,1246.619203316449330,0.006263821000000
A/atoms001.POSCAR,0.400000000000000,6,6,33,16,16,128,4,4,4,1246.631905905092253,0.006211475000000
A/atoms001.POSCAR,0.400000000000000,6,6,34,16,16,128,4,4,4,1246.599498994327632,0.006385431000000
A/atoms001.POSCAR,0.400000000000000,6,6,35,16,16,128,4,4,4,1246.654505502616985,0.006174895000000
A/atoms001.POSCAR,0.400000000000000,6,6,36,16,16,128,4,4,4,1246.583048469219193,0.006196875000000
A/atoms001.POSCAR,0.400000000000000,6,6,37,16,16,128,4,4,4,1246.661335683716288,0.006146856000000
A/atoms001.POSCAR,0.400000000000000,6,6,38,16,16,128,4,4,4,1246.588139293932500,0.006559855000000
A/atoms001.POSCAR,0.400000000000000,6,6,39,16,16,128,4,4,4,1246.646349423059746,0.006184701000000
A/atoms001.POSCAR,0.400000000000000,6,6,40,16,16,128,4,4,4,1246.607863064906041,0.006200520000000
A/atoms001.POSCAR,0.400000000000000,6,6,41,16,16,128,4,4,4,1246.628312163429882,0.006164820000000
A/atoms001.POSCAR,0.400000000000000,6,6,42,16,16,128,4,4,4,1246.620112069980223,0.006337332000000
A/atoms001.POSCAR,0.400000000000000,6,6,43,16,16,128,4,4,4,1246.622354027216716,0.006272875000000
A/atoms001.POSCAR,0.400000000000000,6,6,44,16,16,128,4,4,4,1246.621930748445038,0.006305196000000
A/atoms001.POSCAR,0.400000000000000,6,6,45,16,16,128,4,4,4,1246.622205042529231,0.006542894000000
A/atoms001.POSCAR,0.400000000000000,6,6,46,16,16,128,4,4,4,1246.621637962449086,0.006377555000000
A/atoms001.POSCAR,0.400000000000000,6,6,47,16,16,128,4,4,4,1246.622920627910844,0.006280861000000
A/atoms001.POSCAR,0.400000000000000,6,6,48,16,16,128,4,4,4,1246.620310529988728,0.006395443000000
A/atoms001.POSCAR,0.400000000000000,6,6,49,16,16,128,4,4,4,1246.624524077790966,0.006166381000000
A/atoms001.POSCAR,0.400000000000000,6,6,50,16,16,128,4,4,4,1246.619180520949840,0.006320915000000
A/atoms001.POSCAR,0.400000000000000,6,6,51,16,16,128,4,4,4,1246.624623551386094,0.006355465000000
A/atoms001.POSCAR,0.400000000000000,6,6,52,16,16,128,4,4,4,1246.620071983196340,0.006408219000000
A/atoms001.POSCAR,0.400000000000000,6,6,53,16,16,128,4,4,4,1246.623257658662624,0.006316498000000
A/atoms001.POSCAR,0.400000000000000,6,6,54,16,16,128,4,4,4,1246.621344432235674,0.006274223000000
A/atoms001.POSCAR,0.400000000000000,6,6,55,16,16,128,4,4,4,1246.622373521551253,0.006310609000000
A/atoms001.POSCAR,0.400000000000000,6,6,56,16,16,128,4,4,4,1246.621847101606136,0.006343552000000
A/atoms001.POSCAR,0.400000000000000,6,6,57,16,16,128,4,4,4,1246.622109674913872,0.006317970000000
A/atoms001.POSCAR,0.400000000000000,6,6,58,16,16,128,4,4,4,1246.621993035410014,0.006070694000000
A/atoms001.POSCAR,0.400000000000000,6,6,59,16,16,128,4,4,4,1246.622029199608733,0.006598187000000
A/atoms001.POSCAR,0.400000000000000,6,6,60,16,16,128,4,4,4,1246.622023950481889,0.006296880000000
A/atoms001.POSCAR,0.400000000000000,6,6,61,16,16,128,4,4,4,1246.622032406016388,0.006487078000000
A/atoms001.POSCAR,0.400000000000000,6,6,62,16,16,128,4,4,4,1246.622008252778187,0.006404942000000
A/atoms001.POSCAR,0.400000000000000,6,6,63,16,16,128,4,4,4,1246.622043107079662,0.006394726000000
A/atoms001.POSCAR,0.400000000000000,6,6,64,16,16,128,4,4,4,1246.622009136831821,0.006383693000000
A/atoms001.POSCAR,0.400000000000000,6,6,65,16,16,128,4,4,4,1246.622033110389566,0.006285138000000
A/atoms001.POSCAR,0.400000000000000,6,6,66,16,16,128,4,4,4,1246.622021684730498,0.006459778000000
A/atoms001.POSCAR,0.400000000000000,6,6,67,16,16,128,4,4,4,1246.622024435609092,0.007540728000000
A/atoms001.POSCAR,0.400000000000000,6,6,68,16,16,128,4,4,4,1246.622023260588321,0.006458938000000
A/atoms001.POSCAR,0.400000000000000,6,6,69,16,16,128,4,4,4,1246.622028828204520,0.006098336000000
A/atoms001.POSCAR,0.400000000000000,6,6,70,16,16,128,4,4,4,1246.622016481371475,0.006584998000000
A/atoms001.POSCAR,0.400000000000000,6,6,71,16,16,128,4,4,4,1246.622035598048797,0.006358406000000
A/atoms001.POSCAR,0.400000000000000,6,6,72,16,16,128,4,4,4,1246.622009235308724,0.006565969000000
A/atoms001.POSCAR,0.400000000000000,6,6,73,16,16,128,4,4,4,1246.622044680322915,0.006544821000000
A/atoms001.POSCAR,0.400000000000000,6,6,74,16,16,128,4,4,4,1246.621999356784954,0.006581994000000
A/atoms001.POSCAR,0.400000000000000,6,6,75,16,16,128,4,4,4,1246.622051262308105,0.006408339000000
A/atoms001.POSCAR,0.400000000000000,6,6,76,16,16,128,4,4,4,1246.622000253732494,0.006392449000000
A/atoms001.POSCAR,0.400000000000000,6,6,77,16,16,128,4,4,4,1246.622042212813767,0.006450087000000
A/atoms001.POSCAR,0.400000000000000,6,6,78,16,16,128,4,4,4,1246.622013888512583,0.006609211000000
A/atoms001.POSCAR,0.400000000000000,6,6,79,16,16,128,4,4,4,1246.622029250143214,0.006521965000000
A/atoms001.POSCAR,0.400000000000000,6,6,80,16,16,128,4,4,4,1246.622022704197207,0.006303569000000
A/atoms001.POSCAR,0.400000000000000,6,6,81,16,16,128,4,4,4,1246.622024917538056,0.006571089000000
A/atoms001.POSCAR,0.400000000000000,6,6,82,16,16,128,4,4,4,1246.622024245709781,0.006462876000000
A/atoms001.POSCAR,0.400000000000000,6,6,83,16,16,128,4,4,4,1246.622024467609663,0.006579168000000
A/atoms001.POSCAR,0.400000000000000,6,6,84,16,16,128,4,4,4,1246.622024229509407,0.006557652000000
A/atoms001.POSCAR,0.400000000000000,6,6,85,16,16,128,4,4,4,1246.622025154292942,0.006569119000000
A/atoms001.POSCAR,0.400000000000000,6,6,86,16,16,128,4,4,4,1246.622022977658162,0.006490667000000
A/atoms001.POSCAR,0.400000000000000,6,6,87,16,16,128,4,4,4,1246.622026712531806,0.006526853000000
A/atoms001.POSCAR,0.400000000000000,6,6,88,16,16,128,4,4,4,1246.622021877110456,0.006507070000000
A/atoms001.POSCAR,0.400000000000000,6,6,89,16,16,128,4,4,4,1246.622026906058636,0.006761192000000
A/atoms001.POSCAR,0.400000000000000,6,6,90,16,16,128,4,4,4,1246.622022556568027,0.006918515000000
A/atoms001.POSCAR,0.400000000000000,6,6,91,16,16,128,4,4,4,1246.622025753115167,0.006267933000000
A/atoms001.POSCAR,0.400000000000000,6,6,92,16,16,128,4,4,4,1246.622023745353317,0.006640835000000
A/atoms001.POSCAR,0.400000000000000,6,6,93,16,16,128,4,4,4,1246.622024807152684,0.006546476000000
A/atoms001.POSCAR,0.400000000000000,6,6,94,16,16,128,4,4,4,1246.622024369955398,0.006723206000000
A/atoms001.POSCAR,0.400000000000000,6,6,95,16,16,128,4,4,4,1246.622024479072707,0.006566378000000
A/atoms001.POSCAR,0.400000000000000,6,6,96,16,16,128,4,4,4,1246.622024471996156,0.006676196000000
A/atoms001.POSCAR,0.400000000000000,6,6,97,16,16,128,4,4,4,1246.622024506144271,0.006551067000000
A/atoms001.POSCAR,0.400000000000000,6,6,98,16,16,128,4,4,4,1246.622024408784227,0.006495535000000
A/atoms001.POSCAR,0.400000000000000,6,6,99,16,16,128,4,4,4,1246.622024534734010,0.006592304000000
A/atoms001.POSCAR,0.400000000000000,6,6,100,16,16,128,4,4,4,1246.622024428905434,0.006815953000000
A/atoms001.POSCAR,0.400000000000000,6,6,101,16,16,128,4,4,4,1246.622024479803713,0.006786343000000
A/atoms001.POSCAR,0.400000000000000,6,6,102,16,16,128,4,4,4,1246.622024468607378,0.006357508000000
A/atoms001.POSCAR,0.400000000000000,6,6,103,16,16,128,4,4,4,1246.622024477617288,0.006605854000000
A/atoms001.POSCAR,0.400000000000000,6,6,104,16,16,128,4,4,4,1246.622024445926854,0.006603138000000
A/atoms001.POSCAR,0.400000000000000,6,6,105,16,16,128,4,4,4,1246.622024495945880,0.006731614000000
A/atoms001.POSCAR,0.400000000000000,6,6,106,16,16,128,4,4,4,1246.622024445319994,0.006638420000000
A/atoms001.POSCAR,0.400000000000000,6,6,107,16,16,128,4,4,4,1246.622024485151087,0.006737970000000
A/atoms001.POSCAR,0.400000000000000,6,6,108,16,16,128,4,4,4,1246.622024470305405,0.006808808000000
A/atoms001.POSCAR,0.400000000000000,6,6,109,16,16,128,4,4,4,1246.622024472817657,0.006616231000000
A/atoms001.POSCAR,0.400000000000000,6,6,110,16,16,128,4,4,4,1246.622024471133045,0.006702623000000
A/atoms001.POSCAR,0.400000000000000,6,6,111,16,16,128,4,4,4,1246.622024476483375,0.006635496000000
A/atoms001.POSCAR,0.400000000000000,6,6,112,16,16,128,4,4,4,1246.622024465695631,0.006707501000000
A/atoms001.POSCAR,0.400000000000000,6,6,113,16,16,128,4,4,4,1246.622024471387931,0.006453790000000
A/atoms001.POSCAR,0.400000000000000,6,6,114,16,16,128,4,4,4,1246.622024472072098,0.006709916000000
A/atoms001.POSCAR,0.400000000000000,6,6,115,16,16,128,4,4,4,1246.622024472296062,0.006705721000000
A/atoms001.POSCAR,0.400000000000000,6,6,116,16,16,128,4,4,4,1246.622024467400024,0.006882421000000
A/atoms001.POSCAR,0.400000000000000,6,6,117,16,16,128,4,4,4,1246.622024476213028,0.006685887000000
A/atoms001.POSCAR,0.400000000000000,6,6,118,16,16,128,4,4,4,1246.622024469628059,0.006830692000000
A/atoms001.POSCAR,0.400000000000000,6,6,119,16,16,128,4,4,4,1246.622024474407908,0.006722304000000
A/atoms001.POSCAR,0.400000000000000,6,6,120,16,16,128,4,4,4,1246.622024468115796,0.006632617000000
A/atoms001.POSCAR,0.400000000000000,6,6,121,16,16,128,4,4,4,1246.622024469461621,0.006764778000000
A/atoms001.POSCAR,0.400000000000000,6,6,122,16,16,128,4,4,4,1246.622024469466169,0.006769719000000
A/atoms001.POSCAR,0.400000000000000,6,6,123,16,16,128,4,4,4,1246.622024469531652,0.006784952000000
A/atoms001.POSCAR,0.400000000000000,6,6,124,16,16,128,4,4,4,1246.622024466473931,0.006542589000000
A/atoms001.POSCAR,0.4,6,6,4,16,16,128,4,4,4,931.119075677993237,0.006120653000000
A/atoms001.POSCAR,0.400000000000000,6,6,5,16,16,128,4,4,4,988.948604545906960,0.005806182000000
A/atoms001.POSCAR,0.400000000000000,6,6,6,16,16,128,4,4,4,992.028526099551982,0.006054239000000
A/atoms001.POSCAR,0.400000000000000,6,6,7,16,16,128,4,4,4,1021.628827787893783,0.006032726000000
A/atoms001.POSCAR,0.400000000000000,6,6,8,16,16,128,4,4,4,1079.769900525382354,0.006016342000000
A/atoms001.POSCAR,0.400000000000000,6,6,9,16,16,128,4,4,4,1157.355974510051283,0.006003559000000
A/atoms001.POSCAR,0.400000000000000,6,6,10,16,16,128,4,4,4,1195.362232584878484,0.005981642000000
A/atoms001.POSCAR,0.400000000000000,6,6,11,16,16,128,4,4,4,1213.729124536354675,0.006019861000000
A/atoms001.POSCAR,0.400000000000000,6,6,12,16,16,128,4,4,4,1214.145662778087853,0.006030456000000
A/atoms001.POSCAR,0.400000000000000,6,6,13,16,16,128,4,4,4,1217.393791857264659,0.006051563000000
A/atoms001.POSCAR,0.400000000000000,6,6,14,16,16,128,4,4,4,1225.731498693342928,0.005778228000000
A/atoms001.POSCAR,0.400000000000000,6,6,15,16,16,128,4,4,4,1235.537062861235654,0.006007191000000
A/atoms001.POSCAR,0.400000000000000,6,6,16,16,16,128,4,4,4,1241.144160341344332,0.005837445000000
A/atoms001.POSCAR,0.400000000000000,6,6,17,16,16,128,4,4,4,1243.621002006885647,0.006120399000000
A/atoms001.POSCAR,0.400000000000000,6,6,18,16,16,128,4,4,4,1243.905224271994484,0.006363859000000
A/atoms001.POSCAR,0.400000000000000,6,6,19,16,16,128,4,4,4,1244.236221961723913,0.006233287000000
A/atoms001.POSCAR,0.400000000000000,6,6,20,16,16,128,4,4,4,1244.755413488945806,0.006276233000000
A/atoms001.POSCAR,0.400000000000000,6,6,21,16,16,128,4,4,4,1245.913859677313667,0.006134172000000
A/atoms001.POSCAR,0.400000000000000,6,6,22,16,16,128,4,4,4,1246.086906994435594,0.005934589000000
A/atoms001.POSCAR,0.400000000000000,6,6,23,16,16,128,4,4,4,1246.538275915366057,0.006411508000000
A/atoms001.POSCAR,0.400000000000000,6,6,24,16,16,128,4,4,4,1246.481919929633250,0.006082415000000
A/atoms001.POSCAR,0.400000000000000,6,6,25,16,16,128,4,4,4,1246.516601638029670,0.006110684000000
A/atoms001.POSCAR,0.400000000000000,6,6,26,16,16,128,4,4,4,1246.529696781615939,0.006148968000000
A/atoms001.POSCAR,0.400000000000000,6,6,27,16,16,128,4,4,4,1246.618205512994336,0.006211118000000
A/atoms001.POSCAR,0.400000000000000,6,6,28,16,16,128,4,4,4,1246.568929394353972,0.006100373000000
A/atoms001.POSCAR,0.400000000000000,6,6,29,16,16,128,4,4,4,1246.641241930997012,0.006197034000000
A/atoms001.POSCAR,0.400000000000000,6,6,30,16,16,128,4,4,4,1246.611119324065157,0.006302780000000
A/atoms001.POSCAR,0.400000000000000,6,6,31,16,16,128,4,4,4,1246.619612973591302,0.006152536000000
A/atoms001.POSCAR,0.400000000000000,6,6,32,16,16,128,4,4,4,1246.619203316449784,0.006100762000000
A/atoms001.POSCAR,0.400000000000000,6,6,33,16,16,128,4,4,4,1246.631905905092253,0.006384341000000
A/atoms001.POSCAR,0.400000000000000,6,6,34,16,16,128,4,4,4,1246.599498994327405,0.006149676000000
A/atoms001.POSCAR,0.400000000000000,6,6,35,16,16,128,4,4,4,1246.654505502618349,0.005966881000000
A/atoms001.POSCAR,0.400000000000000,6,6,36,16,16,128,4,4,4,1246.583048469219193,0.006188358000000
A/atoms001.POSCAR,0.400000000000000,6,6,37,16,16,128,4,4,4,1246.661335683716516,0.006471559000000
A/atoms001.POSCAR,0.400000000000000,6,6,38,16,16,128,4,4,4,1246.588139293932954,0.006212269000000
A/atoms001.POSCAR,0.400000000000000,6,6,39,16,16,128,4,4,4,1246.646349423059746,0.006445711000000
A/atoms001.POSCAR,0.400000000000000,6,6,40,16,16,128,4,4,4,1246.607863064906269,0.006307010000000
A/atoms001.POSCAR,0.400000000000000,6,6,41,16,16,128,4,4,4,1246.628312163430337,0.006244858000000
A/atoms001.POSCAR,0.400000000000000,6,6,42,16,16,128,4,4,4,1246.620112069980223,0.006202448000000
A/atoms001.POSCAR,0.400000000000000,6,6,43,16,16,128,4,4,4,1246.622354027216034,0.006245569000000
A/atoms001.POSCAR,0.400000000000000,6,6,44,16,16,128,4,4,4,1246.621930748445038,0.006422240000000
A/atoms001.POSCAR,0.400000000000000,6,6,45,16,16,128,4,4,4,1246.622205042529231,0.006272419000000
A/atoms001.POSCAR,0.400000000000000,6,6,46,16,16,128,4,4,4,1246.621637962449540,0.006294042000000
A/atoms001.POSCAR,0.400000000000000,6,6,47,16,16,128,4,4,4,1246.622920627911526,0.006415086000000
A/atoms001.POSCAR,0.400000000000000,6,6,48,16,16,128,4,4,4,1246.620310529988956,0.006227752000000
A/atoms001.POSCAR,0.400000000000000,6,6,49,16,16,128,4,4,4,1246.624524077792103,0.006272885000000
A/atoms001.POSCAR,0.400000000000000,6,6,50,16,16,128,4,4,4,1246.619180520950295,0.006306455000000
A/atoms001.POSCAR,0.400000000000000,6,6,51,16,16,128,4,4,4,1246.624623551386549,0.006511653000000
A/atoms001.POSCAR,0.400000000000000,6,6,52,16,16,128,4,4,4,1246.620071983196340,0.006358356000000
A/atoms001.POSCAR,0.400000000000000,6,6,53,16,16,128,4,4,4,1246.623257658662169,0.006261863000000
A/atoms001.POSCAR,0.400000000000000,6,6,54,16,16,128,4,4,4,1246.621344432234309,0.006100465000000
A/atoms001.POSCAR,0.400000000000000,6,6,55,16,16,128,4,4,4,1246.622373521551481,0.006242670000000
A/atoms001.POSCAR,0.400000000000000,6,6,56,16,16,128,4,4,4,1246.621847101606363,0.006341903000000
A/atoms001.POSCAR,0.400000000000000,6,6,57,16,16,128,4,4,4,1246.622109674913645,0.006114033000000
A/atoms001.POSCAR,0.400000000000000,6,6,58,16,16,128,4,4,4,1246.621993035410242,0.006478185000000
A/atoms001.POSCAR,0.400000000000000,6,6,59,16,16,128,4,4,4,1246.622029199607823,0.006358260000000
A/atoms001.POSCAR,0.400000000000000,6,6,60,16,16,128,4,4,4,1246.622023950482344,0.006516033000000
A/atoms001.POSCAR,0.400000000000000,6,6,61,16,16,128,4,4,4,1246.622032406016160,0.006392596000000
A/atoms001.POSCAR,0.400000000000000,6,6,62,16,16,128,4,4,4,1246.622008252777050,0.006450884000000
A/atoms001.POSCAR,0.400000000000000,6,6,63,16,16,128,4,4,4,1246.622043107080117,0.006365137000000
A/atoms001.POSCAR,0.400000000000000,6,6,64,16,16,128,4,4,4,1246.622009136831366,0.006294380000000
A/atoms001.POSCAR,0.400000000000000,6,6,65,16,16,128,4,4,4,1246.622033110389111,0.006451916000000
A/atoms001.POSCAR,0.400000000000000,6,6,66,16,16,128,4,4,4,1246.622021684730043,0.006299239000000
A/atoms001.POSCAR,0.400000000000000,6,6,67,16,16,128,4,4,4,1246.622024435609546,0.006447745000000
A/atoms001.POSCAR,0.400000000000000,6,6,68,16,16,128,4,4,4,1246.622023260589003,0.006211223000000
A/atoms001.POSCAR,0.400000000000000,6,6,69,16,16,128,4,4,4,1246.622028828204520,0.006447676000000
A/atoms001.POSCAR,0.400000000000000,6,6,70,16,16,128,4,4,4,1246.622016481371702,0.006363912000000
A/atoms001.POSCAR,0.400000000000000,6,6,71,16,16,128,4,4,4,1246.622035598048569,0.006619702000000
A/atoms001.POSCAR,0.400000000000000,6,6,72,16,16,128,4,4,4,1246.622009235309406,0.006764379000000
A/atoms001.POSCAR,0.400000000000000,6,6,73,16,16,128,4,4,4,1246.622044680323370,0.006606144000000
A/atoms001.POSCAR,0.400000000000000,6,6,74,16,16,128,4,4,4,1246.621999356786318,0.006447644000000
A/atoms001.POSCAR,0.400000000000000,6,6,75,16,16,128,4,4,4,1246.622051262308105,0.006132278000000
A/atoms001.POSCAR,0.400000000000000,6,6,76,16,16,128,4,4,4,1246.622000253731812,0.006446561000000
A/atoms001.POSCAR,0.400000000000000,6,6,77,16,16,128,4,4,4,1246.622042212814222,0.006445372000000
A/atoms001.POSCAR,0.400000000000000,6,6,78,16,16,128,4,4,4,1246.622013888511674,0.006575349000000
A/atoms001.POSCAR,0.400000000000000,6,6,79,16,16,128,4,4,4,1246.622029250144124,0.006374536000000
A/atoms001.POSCAR,0.400000000000000,6,6,80,16,16,128,4,4,4,1246.622022704196752,0.006508500000000
A/atoms001.POSCAR,0.400000000000000,6,6,81,16,16,128,4,4,4,1246.622024917537829,0.006462336000000
A/atoms001.POSCAR,0.400000000000000,6,6,82,16,16,128,4,4,4,1246.622024245710236,0.006680286000000
A/atoms001.POSCAR,0.400000000000000,6,6,83,16,16,128,4,4,4,1246.622024467609890,0.006529804000000
A/atoms001.POSCAR,0.400000000000000,6,6,84,16,16,128,4,4,4,1246.622024229510544,0.006696034000000
A/atoms001.POSCAR,0.400000000000000,6,6,85,16,16,128,4,4,4,1246.622025154292487,0.006583850000000
A/atoms001.POSCAR,0.400000000000000,6,6,86,16,16,128,4,4,4,1246.622022977658844,0.006332935000000
A/atoms001.POSCAR,0.400000000000000,6,6,87,16,16,128,4,4,4,1246.622026712532261,0.006531556000000
A/atoms001.POSCAR,0.400000000000000,6,6,88,16,16,128,4,4,4,1246.622021877109773,0.006537029000000
A/atoms001.POSCAR,0.400000000000000,6,6,89,16,16,128,4,4,4,1246.622026906059318,0.006638299000000
A/atoms001.POSCAR,0.400000000000000,6,6,90,16,16,128,4,4,4,1246.622022556567117,0.006425146000000
A/atoms001.POSCAR,0.400000000000000,6,6,91,16,16,128,4,4,4,1246.622025753114713,0.006646768000000
A/atoms001.POSCAR,0.400000000000000,6,6,92,16,16,128,4,4,4,1246.622023745353545,0.006535355000000
A/atoms001.POSCAR,0.400000000000000,6,6,93,16,16,128,4,4,4,1246.622024807152229,0.006839974000000
A/atoms001.POSCAR,0.400000000000000,6,6,94,16,16,128,4,4,4,1246.622024369955625,0.006559796000000
A/atoms001.POSCAR,0.400000000000000,6,6,95,16,16,128,4,4,4,1246.622024479072934,0.006692998000000
A/atoms001.POSCAR,0.400000000000000,6,6,96,16,16,128,4,4,4,1246.622024471994564,0.006612581000000
A/atoms001.POSCAR,0.400000000000000,6,6,97,16,16,128,4,4,4,1246.622024506144044,0.006302053000000
A/atoms001.POSCAR,0.400000000000000,6,6,98,16,16,128,4,4,4,1246.622024408784000,0.006605029000000
A/atoms001.POSCAR,0.400000000000000,6,6,99,16,16,128,4,4,4,1246.622024534733328,0.006582275000000
A/atoms001.POSCAR,0.400000000000000,6,6,100,16,16,128,4,4,4,1246.622024428905661,0.006753741000000
A/atoms001.POSCAR,0.400000000000000,6,6,101,16,16,128,4,4,4,1246.622024479803258,0.006500778000000
A/atoms001.POSCAR,0.400000000000000,6,6,102,16,16,128,4,4,4,1246.622024468606924,0.006656178000000
A/atoms001.POSCAR,0.400000000000000,6,6,103,16,16,128,4,4,4,1246.622024477617515,0.006641846000000
A/atoms001.POSCAR,0.400000000000000,6,6,104,16,16,128,4,4,4,1246.622024445926627,0.006557860000000
A/atoms001.POSCAR,0.400000000000000,6,6,105,16,16,128,4,4,4,1246.622024495945425,0.006641152000000
A/atoms001.POSCAR,0.400000000000000,6,6,106,16,16,128,4,4,4,1246.622024445320676,0.006829493000000
A/atoms001.POSCAR,0.400000000000000,6,6,107,16,16,128,4,4,4,1246.622024485151769,0.006825530000000
A/atoms001.POSCAR,0.400000000000000,6,6,108,16,16,128,4,4,4,1246.622024470305632,0.006443712000000
A/atoms001.POSCAR,0.400000000000000,6,6,109,16,16,128,4,4,4,1246.622024472818111,0.006685763000000
A/atoms001.POSCAR,0.400000000000000,6,6,110,16,16,128,4,4,4,1246.622024471133500,0.006670214000000
A/atoms001.POSCAR,0.400000000000000,6,6,111,16,16,128,4,4,4,1246.622024476483375,0.007398946000000
A/atoms001.POSCAR,0.400000000000000,6,6,112,16,16,128,4,4,4,1246.622024465695858,0.006806777000000
A/atoms001.POSCAR,0.400000000000000,6,6,113,16,16,128,4,4,4,1246.622024471387704,0.006810042000000
A/atoms001.POSCAR,0.400000000000000,6,6,114,16,16,128,4,4,4,1246.622024472071416,0.006747536000000
A/atoms001.POSCAR,0.400000000000000,6,6,115,16,16,128,4,4,4,1246.622024472296062,0.006808480000000
A/atoms001.POSCAR,0.400000000000000,6,6,116,16,16,128,4,4,4,1246.622024467399342,0.006720253000000
A/atoms001.POSCAR,0.400000000000000,6,6,117,16,16,128,4,4,4,1246.622024476213937,0.006890265000000
A/atoms001.POSCAR,0.400000000000000,6,6,118,16,16,128,4,4,4,1246.622024469628059,0.006811377000000
A/atoms001.POSCAR,0.400000000000000,6,6,119,16,16,128,4,4,4,1246.622024474407908,0.006488688000000
A/atoms001.POSCAR,0.400000000000000,6,6,120,16,16,128,4,4,4,1246.622024468117388,0.006752605000000
A/atoms001.POSCAR,0.400000000000000,6,6,121,16,16,128,4,4,4,1246.622024469461394,0.006829492000000
A/atoms001.POSCAR,0.400000000000000,6,6,122,16,16,128,4,4,4,1246.622024469466623,0.006920609000000
A/atoms001.POSCAR,0.400000000000000,6,6,123,16,16,128,4,4,4,1246.622024469531198,0.006822282000000
A/atoms001.POSCAR,0.400000000000000,6,6,124,16,16,128,4,4,4,1246.622024466472794,0.006803314000000
A/atoms001.POSCAR,0.4,6,6,4,16,16,128,4,4,4,931.119075677993578,0.006090852000000
A/atoms001.POSCAR,0.400000000000000,6,6,5,16,16,128,4,4,4,988.948604545906051,0.005848883000000
A/atoms001.POSCAR,0.400000000000000,6,6,6,16,16,128,4,4,4,992.028526099550959,0.006094531000000
A/atoms001.POSCAR,0.400000000000000,6,6,7,16,16,128,4,4,4,1021.628827787894238,0.005974575000000
A/atoms001.POSCAR,0.400000000000000,6,6,8,16,16,128,4,4,4,1079.769900525382582,0.005903433000000
A/atoms001.POSCAR,0.400000000000000,6,6,9,16,16,128,4,4,4,1157.355974510050828,0.006125196000000
A/atoms001.POSCAR,0.400000000000000,6,6,10,16,16,128,4,4,4,1195.362232584879393,0.006044961000000
A/atoms001.POSCAR,0.400000000000000,6,6,11,16,16,128,4,4,4,1213.729124536354220,0.006109009000000
A/atoms001.POSCAR,0.400000000000000,6,6,12,16,16,128,4,4,4,1214.145662778087399,0.005939657000000
A/atoms001.POSCAR,0.400000000000000,6,6,13,16,16,128,4,4,4,1217.393791857264659,0.006071317000000
A/atoms001.POSCAR,0.400000000000000,6,6,14,16,16,128,4,4,4,1225.731498693343156,0.006103740000000
A/atoms001.POSCAR,0.400000000000000,6,6,15,16,16,128,4,4,4,1235.537062861236109,0.006333330000000
A/atoms001.POSCAR,0.400000000000000,6,6,16,16,16,128,4,4,4,1241.144160341343877,0.005980531000000
A/atoms001.POSCAR,0.400000000000000,6,6,17,16,16,128,4,4,4,1243.621002006885647,0.006076482000000
A/atoms001.POSCAR,0.400000000000000,6,6,18,16,16,128,4,4,4,1243.905224271993802,0.006150371000000
A/atoms001.POSCAR,0.400000000000000,6,6,19,16,16,128,4,4,4,1244.236221961724368,0.006127686000000
A/atoms001.POSCAR,0.400000000000000,6,6,20,16,16,128,4,4,4,1244.755413488945578,0.006058362000000
A/atoms001.POSCAR,0.400000000000000,6,6,21,16,16,128,4,4,4,1245.913859677313440,0.006112655000000
A/atoms001.POSCAR,0.400000000000000,6,6,22,16,16,128,4,4,4,1246.086906994434912,0.006086635000000
A/atoms001.POSCAR,0.400000000000000,6,6,23,16,16,128,4,4,4,1246.538275915365830,0.006090908000000
A/atoms001.POSCAR,0.400000000000000,6,6,24,16,16,128,4,4,4,1246.481919929632340,0.006080172000000
A/atoms001.POSCAR,0.400000000000000,6,6,25,16,16,128,4,4,4,1246.516601638029897,0.006191382000000
A/atoms001.POSCAR,0.400000000000000,6,6,26,16,16,128,4,4,4,1246.529696781616394,0.006496381000000
A/atoms001.POSCAR,0.400000000000000,6,6,27,16,16,128,4,4,4,1246.618205512994564,0.006081535000000
A/atoms001.POSCAR,0.400000000000000,6,6,28,16,16,128,4,4,4,1246.568929394353290,0.006396327000000
A/atoms001.POSCAR,0.400000000000000,6,6,29,16,16,128,4,4,4,1246.641241930996557,0.006193837000000
A/atoms001.POSCAR,0.400000000000000,6,6,30,16,16,128,4,4,4,1246.611119324065612,0.006086719000000
A/atoms001.POSCAR,0.400000000000000,6,6,31,16,16,128,4,4,4,1246.619612973590620,0.006141669000000
A/atoms001.POSCAR,0.400000000000000,6,6,32,16,16,128,4,4,4,1246.619203316448875,0.006064273000000
A/atoms001.POSCAR,0.400000000000000,6,6,33,16,16,128,4,4,4,1246.631905905091571,0.006197535000000
A/atoms001.POSCAR,0.400000000000000,6,6,34,16,16,128,4,4,4,1246.599498994327405,0.006087717000000
A/atoms001.POSCAR,0.400000000000000,6,6,35,16,16,128,4,4,4,1246.654505502617894,0.006198206000000
A/atoms001.POSCAR,0.400000000000000,6,6,36,16,16,128,4,4,4,1246.583048469219420,0.006002198000000
A/atoms001.POSCAR,0.400000000000000,6,6,37,16,16,128,4,4,4,1246.661335683715379,0.006138254000000
A/atoms001.POSCAR,0.400000000000000,6,6,38,16,16,128,4,4,4,1246.588139293932500,0.006225265000000
A/atoms001.POSCAR,0.400000000000000,6,6,39,16,16,128,4,4,4,1246.646349423059291,0.006247213000000
A/atoms001.POSCAR,0.400000000000000,6,6,40,16,16,128,4,4,4,1246.607863064906041,0.006169701000000
A/atoms001.POSCAR,0.400000000000000,6,6,41,16,16,128,4,4,4,1246.628312163430110,0.006259049000000
A/atoms001.POSCAR,0.400000000000000,6,6,42,16,16,128,4,4,4,1246.620112069980905,0.006170417000000
A/atoms001.POSCAR,0.400000000000000,6,6,43,16,16,128,4,4,4,1246.622354027216261,0.006209915000000
A/atoms001.POSCAR,0.400000000000000,6,6,44,16,16,128,4,4,4,1246.621930748445493,0.006277011000000
A/atoms001.POSCAR,0.400000000000000,6,6,45,16,16,128,4,4,4,1246.622205042528549,0.006340766000000
A/atoms001.POSCAR,0.400000000000000,6,6,46,16,16,128,4,4,4,1246.621637962449768,0.006277784000000
A/atoms001.POSCAR,0.400000000000000,6,6,47,16,16,128,4,4,4,1246.622920627911071,0.006136942000000
A/atoms001.POSCAR,0.400000000000000,6,6,48,16,16,128,4,4,4,1246.620310529988501,0.006333201000000
A/atoms001.POSCAR,0.400000000000000,6,6,49,16,16,128,4,4,4,1246.624524077790966,0.006502847000000
A/atoms001.POSCAR,0.400000000000000,6,6,50,16,16,128,4,4,4,1246.619180520951204,0.006320312000000
A/atoms001.POSCAR,0.400000000000000,6,6,51,16,16,128,4,4,4,1246.624623551386094,0.007152477000000
A/atoms001.POSCAR,0.400000000000000,6,6,52,16,16,128,4,4,4,1246.620071983197249,0.006383291000000
A/atoms001.POSCAR,0.400000000000000,6,6,53,16,16,128,4,4,4,1246.623257658663533,0.007332395000000
A/atoms001.POSCAR,0.400000000000000,6,6,54,16,16,128,4,4,4,1246.621344432234764,0.006462032000000
A/atoms001.POSCAR,0.400000000000000,6,6,55,16,16,128,4,4,4,1246.622373521551935,0.006337385000000
A/atoms001.POSCAR,0.400000000000000,6,6,56,16,16,128,4,4,4,1246.621847101606363,0.007572783000000
A/atoms001.POSCAR,0.400000000000000,6,6,57,16,16,128,4,4,4,1246.622109674913190,0.006273231000000
A/atoms001.POSCAR,0.400000000000000,6,6,58,16,16,128,4,4,4,1246.621993035410696,0.006908506000000
A/atoms001.POSCAR,0.400000000000000,6,6,59,16,16,128,4,4,4,1246.622029199609187,0.006431576000000
A/atoms001.POSCAR,0.400000000000000,6,6,60,16,16,128,4,4,4,1246.622023950483026,0.006661406000000
A/atoms001.POSCAR,0.400000000000000,6,6,61,16,16,128,4,4,4,1246.622032406016388,0.006489136000000
A/atoms001.POSCAR,0.400000000000000,6,6,62,16,16,128,4,4,4,1246.622008252777505,0.006087312000000
A/atoms001.POSCAR,0.400000000000000,6,6,63,16,16,128,4,4,4,1246.622043107080117,0.006420746000000
A/atoms001.POSCAR,0.400000000000000,6,6,64,16,16,128,4,4,4,1246.622009136832276,0.006348817000000
A/atoms001.POSCAR,0.400000000000000,6,6,65,16,16,128,4,4,4,1246.622033110389111,0.006499014000000
A/atoms001.POSCAR,0.400000000000000,6,6,66,16,16,128,4,4,4,1246.622021684729816,0.006389873000000
A/atoms001.POSCAR,0.400000000000000,6,6,67,16,16,128,4,4,4,1246.622024435609319,0.006560140000000
A/atoms001.POSCAR,0.400000000000000,6,6,68,16,16,128,4,4,4,1246.622023260589231,0.008655171000000
A/atoms001.POSCAR,0.400000000000000,6,6,69,16,16,128,4,4,4,1246.622028828204520,0.007158473000000
A/atoms001.POSCAR,0.400000000000000,6,6,70,16,16,128,4,4,4,1246.622016481371475,0.006424691000000
A/atoms001.POSCAR,0.400000000000000,6,6,71,16,16,128,4,4,4,1246.622035598048114,0.006514736000000
A/atoms001.POSCAR,0.400000000000000,6,6,72,16,16,128,4,4,4,1246.622009235308496,0.006432891000000
A/atoms001.POSCAR,0.400000000000000,6,6,73,16,16,128,4,4,4,1246.622044680322915,0.006307108000000
A/atoms001.POSCAR,0.400000000000000,6,6,74,16,16,128,4,4,4,1246.621999356785864,0.006478098000000
A/atoms001.POSCAR,0.400000000000000,6,6,75,16,16,128,4,4,4,1246.622051262307650,0.006432929000000
A/atoms001.POSCAR,0.400000000000000,6,6,76,16,16,128,4,4,4,1246.622000253732949,0.006600674000000
A/atoms001.POSCAR,0.400000000000000,6,6,77,16,16,128,4,4,4,1246.622042212814449,0.006489674000000
A/atoms001.POSCAR,0.400000000000000,6,6,78,16,16,128,4,4,4,1246.622013888512129,0.006685610000000
A/atoms001.POSCAR,0.400000000000000,6,6,79,16,16,128,4,4,4,1246.622029250143441,0.006438261000000
A/atoms001.POSCAR,0.400000000000000,6,6,80,16,16,128,4,4,4,1246.622022704196070,0.006529419000000
A/atoms001.POSCAR,0.400000000000000,6,6,81,16,16,128,4,4,4,1246.622024917538283,0.006561985000000
A/atoms001.POSCAR,0.400000000000000,6,6,82,16,16,128,4,4,4,1246.622024245709326,0.006390336000000
A/atoms001.POSCAR,0.400000000000000,6,6,83,16,16,128,4,4,4,1246.622024467610572,0.006490609000000
A/atoms001.POSCAR,0.400000000000000,6,6,84,16,16,128,4,4,4,1246.622024229510316,0.006324090000000
A/atoms001.POSCAR,0.400000000000000,6,6,85,16,16,128,4,4,4,1246.622025154292260,0.006583128000000
A/atoms001.POSCAR,0.400000000000000,6,6,86,16,16,128,4,4,4,1246.622022977658844,0.006532655000000
A/atoms001.POSCAR,0.400000000000000,6,6,87,16,16,128,4,4,4,1246.622026712531124,0.006791530000000
A/atoms001.POSCAR,0.400000000000000,6,6,88,16,16,128,4,4,4,1246.622021877110228,0.006601399000000
A/atoms001.POSCAR,0.400000000000000,6,6,89,16,16,128,4,4,4,1246.622026906060228,0.007378518000000
A/atoms001.POSCAR,0.400000000000000,6,6,90,16,16,128,4,4,4,1246.622022556566890,0.006566823000000
A/atoms001.POSCAR,0.400000000000000,6,6,91,16,16,128,4,4,4,1246.622025753115167,0.006490312000000
A/atoms001.POSCAR,0.400000000000000,6,6,92,16,16,128,4,4,4,1246.622023745353545,0.006636380000000
A/atoms001.POSCAR,0.400000000000000,6,6,93,16,16,128,4,4,4,1246.622024807152229,0.006509270000000
A/atoms001.POSCAR,0.400000000000000,6,6,94,16,16,128,4,4,4,1246.622024369955170,0.006614518000000
A/atoms001.POSCAR,0.400000000000000,6,6,95,16,16,128,4,4,4,1246.622024479072479,0.006343735000000
A/atoms001.POSCAR,0.400000000000000,6,6,96,16,16,128,4,4,4,1246.622024471994791,0.006614383000000
A/atoms001.POSCAR,0.400000000000000,6,6,97,16,16,128,4,4,4,1246.622024506144044,0.006564396000000
A/atoms001.POSCAR,0.400000000000000,6,6,98,16,16,128,4,4,4,1246.622024408784227,0.006783264000000
A/atoms001.POSCAR,0.400000000000000,6,6,99,16,16,128,4,4,4,1246.622024534733782,0.006662620000000
A/atoms001.POSCAR,0.400000000000000,6,6,100,16,16,128,4,4,4,1246.622024428906116,0.006786177000000
A/atoms001.POSCAR,0.400000000000000,6,6,101,16,16,128,4,4,4,1246.622024479803713,0.006725987000000
A/atoms001.POSCAR,0.400000000000000,6,6,102,16,16,128,4,4,4,1246.622024468607378,0.006305810000000
A/atoms001.POSCAR,0.400000000000000,6,6,103,16,16,128,4,4,4,1246.622024477616833,0.006692783000000
A/atoms001.POSCAR,0.400000000000000,6,6,104,16,16,128,4,4,4,1246.622024445926172,0.006612442000000
A/atoms001.POSCAR,0.400000000000000,6,6,105,16,16,128,4,4,4,1246.622024495945652,0.006663619000000
A/atoms001.POSCAR,0.400000000000000,6,6,106,16,16,128,4,4,4,1246.622024445319994,0.006470177000000
A/atoms001.POSCAR,0.400000000000000,6,6,107,16,16,128,4,4,4,1246.622024485152679,0.006881800000000
A/atoms001.POSCAR,0.400000000000000,6,6,108,16,16,128,4,4,4,1246.622024470306542,0.006743209000000
A/atoms001.POSCAR,0.400000000000000,6,6,109,16,16,128,4,4,4,1246.622024472818339,0.006855712000000
A/atoms001.POSCAR,0.400000000000000,6,6,110,16,16,128,4,4,4,1246.622024471133727,0.006747414000000
A/atoms001.POSCAR,0.400000000000000,6,6,111,16,16,128,4,4,4,1246.622024476482011,0.006852179000000
A/atoms001.POSCAR,0.400000000000000,6,6,112,16,16,128,4,4,4,1246.622024465696541,0.006672404000000
A/atoms001.POSCAR,0.400000000000000,6,6,113,16,16,128,4,4,4,1246.622024471388386,0.006423687000000
A/atoms001.POSCAR,0.400000000000000,6,6,114,16,16,128,4,4,4,1246.622024472072326,0.006774181000000
A/atoms001.POSCAR,0.400000000000000,6,6,115,16,16,128,4,4,4,1246.622024472296289,0.006790484000000
A/atoms001.POSCAR,0.400000000000000,6,6,116,16,16,128,4,4,4,1246.622024467400024,0.006749296000000
A/atoms001.POSCAR,0.400000000000000,6,6,117,16,16,128,4,4,4,1246.622024476213028,0.006529445000000
A/atoms001.POSCAR,0.400000000000000,6,6,118,16,16,128,4,4,4,1246.622024469628286,0.006812350000000
A/atoms001.POSCAR,0.400000000000000,6,6,119,16,16,128,4,4,4,1246.622024474408363,0.006732771000000
A/atoms001.POSCAR,0.400000000000000,6,6,120,16,16,128,4,4,4,1246.622024468117161,0.006956785000000
A/atoms001.POSCAR,0.400000000000000,6,6,121,16,16,128,4,4,4,1246.622024469462531,0.006779864000000
A/atoms001.POSCAR,0.400000000000000,6,6,122,16,16,128,4,4,4,1246.622024469466396,0.006996688000000
A/atoms001.POSCAR,0.400000000000000,6,6,123,16,16,128,4,4,4,1246.622024469530515,0.006760974000000
A/atoms001.POSCAR,0.400000000000000,6,6,124,16,16,128,4,4,4,1246.622024466475295,0.006476921000000
A/atoms001.POSCAR,0.4,6,6,4,16,16,128,4,4,4,931.119075677992782,0.006181832000000
A/atoms001.POSCAR,0.400000000000000,6,6,5,16,16,128,4,4,4,988.948604545906960,0.005859200000000
A/atoms001.POSCAR,0.400000000000000,6,6,6,16,16,128,4,4,4,992.028526099550731,0.005998059000000
A/atoms001.POSCAR,0.400000000000000,6,6,7,16,16,128,4,4,4,1021.628827787893897,0.006198916000000
A/atoms001.POSCAR,0.400000000000000,6,6,8,16,16,128,4,4,4,1079.769900525382354,0.006464118000000
A/atoms001.POSCAR,0.400000000000000,6,6,9,16,16,128,4,4,4,1157.355974510050828,0.006352059000000
A/atoms001.POSCAR,0.400000000000000,6,6,10,16,16,128,4,4,4,1195.362232584878711,0.006000187000000
A/atoms001.POSCAR,0.400000000000000,6,6,11,16,16,128,4,4,4,1213.729124536354675,0.006035689000000
A/atoms001.POSCAR,0.400000000000000,6,6,12,16,16,128,4,4,4,1214.145662778087399,0.005962113000000
A/atoms001.POSCAR,0.400000000000000,6,6,13,16,16,128,4,4,4,1217.393791857265114,0.006214526000000
A/atoms001.POSCAR,0.400000000000000,6,6,14,16,16,128,4,4,4,1225.731498693342928,0.006035609000000
A/atoms001.POSCAR,0.400000000000000,6,6,15,16,16,128,4,4,4,1235.537062861235654,0.006342074000000
A/atoms001.POSCAR,0.400000000000000,6,6,16,16,16,128,4,4,4,1241.144160341345014,0.006292406000000
A/atoms001.POSCAR,0.400000000000000,6,6,17,16,16,128,4,4,4,1243.621002006885874,0.005998523000000
A/atoms001.POSCAR,0.400000000000000,6,6,18,16,16,128,4,4,4,1243.905224271994257,0.006066078000000
A/atoms001.POSCAR,0.400000000000000,6,6,19,16,16,128,4,4,4,1244.236221961723913,0.006130114000000
A/atoms001.POSCAR,0.400000000000000,6,6,20,16,16,128,4,4,4,1244.755413488945351,0.006063232000000
A/atoms001.POSCAR,0.400000000000000,6,6,21,16,16,128,4,4,4,1245.913859677313667,0.006021265000000
A/atoms001.POSCAR,0.400000000000000,6,6,22,16,16,128,4,4,4,1246.086906994435594,0.006497435000000
A/atoms001.POSCAR,0.400000000000000,6,6,23,16,16,128,4,4,4,1246.538275915366285,0.006007940000000
A/atoms001.POSCAR,0.400000000000000,6,6,24,16,16,128,4,4,4,1246.481919929633023,0.006064856000000
A/atoms001.POSCAR,0.400000000000000,6,6,25,16,16,128,4,4,4,1246.516601638028988,0.006385379000000
A/atoms001.POSCAR,0.400000000000000,6,6,26,16,16,128,4,4,4,1246.529696781616394,0.006109699000000
A/atoms001.POSCAR,0.400000000000000,6,6,27,16,16,128,4,4,4,1246.618205512994564,0.006056100000000
A/atoms001.POSCAR,0.400000000000000,6,6,28,16,16,128,4,4,4,1246.568929394353290,0.006309465000000
A/atoms001.POSCAR,0.400000000000000,6,6,29,16,16,128,4,4,4,1246.641241930996785,0.006401584000000
A/atoms001.POSCAR,0.400000000000000,6,6,30,16,16,128,4,4,4,1246.611119324066067,0.006179871000000
A/atoms001.POSCAR,0.400000000000000,6,6,31,16,16,128,4,4,4,1246.619612973591074,0.006385915000000
A/atoms001.POSCAR,0.400000000000000,6,6,32,16,16,128,4,4,4,1246.619203316449102,0.006523828000000
A/atoms001.POSCAR,0.400000000000000,6,6,33,16,16,128,4,4,4,1246.631905905092253,0.005961567000000
A/atoms001.POSCAR,0.400000000000000,6,6,34,16,16,128,4,4,4,1246.599498994327405,0.006114562000000
A/atoms001.POSCAR,0.400000000000000,6,6,35,16,16,128,4,4,4,1246.654505502617894,0.006125903000000
A/atoms001.POSCAR,0.400000000000000,6,6,36,16,16,128,4,4,4,1246.583048469219193,0.006251227000000
A/atoms001.POSCAR,0.400000000000000,6,6,37,16,16,128,4,4,4,1246.661335683716288,0.005940604000000
A/atoms001.POSCAR,0.400000000000000,6,6,38,16,16,128,4,4,4,1246.588139293932500,0.006165239000000
A/atoms001.POSCAR,0.400000000000000,6,6,39,16,16,128,4,4,4,1246.646349423059291,0.006422955000000
A/atoms001.POSCAR,0.400000000000000,6,6,40,16,16,128,4,4,4,1246.607863064905814,0.006198732000000
A/atoms001.POSCAR,0.400000000000000,6,6,41,16,16,128,4,4,4,1246.628312163430792,0.006158679000000
A/atoms001.POSCAR,0.400000000000000,6,6,42,16,16,128,4,4,4,1246.620112069980678,0.006567800000000
A/atoms001.POSCAR,0.400000000000000,6,6,43,16,16,128,4,4,4,1246.622354027216034,0.006240019000000
A/atoms001.POSCAR,0.400000000000000,6,6,44,16,16,128,4,4,4,1246.621930748445493,0.006245684000000
A/atoms001.POSCAR,0.400000000000000,6,6,45,16,16,128,4,4,4,1246.622205042528776,0.006234787000000
A/atoms001.POSCAR,0.400000000000000,6,6,46,16,16,128,4,4,4,1246.621637962448858,0.006494771000000
A/atoms001.POSCAR,0.400000000000000,6,6,47,16,16,128,4,4,4,1246.622920627911981,0.006493089000000
A/atoms001.POSCAR,0.400000000000000,6,6,48,16,16,128,4,4,4,1246.620310529988956,0.006507136000000
A/atoms001.POSCAR,0.400000000000000,6,6,49,16,16,128,4,4,4,1246.624524077791193,0.006175622000000
A/atoms001.POSCAR,0.400000000000000,6,6,50,16,16,128,4,4,4,1246.619180520950749,0.006669245000000
A/atoms001.POSCAR,0.400000000000000,6,6,51,16,16,128,4,4,4,1246.624623551386321,0.006303664000000
A/atoms001.POSCAR,0.400000000000000,6,6,52,16,16,128,4,4,4,1246.620071983196794,0.006195933000000
A/atoms001.POSCAR,0.400000000000000,6,6,53,16,16,128,4,4,4,1246.623257658663078,0.006296991000000
A/atoms001.POSCAR,0.400000000000000,6,6,54,16,16,128,4,4,4,1246.621344432235219,0.006353079000000
A/atoms001.POSCAR,0.400000000000000,6,6,55,16,16,128,4,4,4,1246.622373521551935,0.006299189000000
A/atoms001.POSCAR,0.400000000000000,6,6,56,16,16,128,4,4,4,1246.621847101605454,0.006049502000000
A/atoms001.POSCAR,0.400000000000000,6,6,57,16,16,128,4,4,4,1246.622109674913190,0.006329455000000
A/atoms001.POSCAR,0.400000000000000,6,6,58,16,16,128,4,4,4,1246.621993035410014,0.006518587000000
A/atoms001.POSCAR,0.400000000000000,6,6,59,16,16,128,4,4,4,1246.622029199608960,0.006504330000000
A/atoms001.POSCAR,0.400000000000000,6,6,60,16,16,128,4,4,4,1246.622023950480980,0.006270261000000
A/atoms001.POSCAR,0.400000000000000,6,6,61,16,16,128,4,4,4,1246.622032406015478,0.006355210000000
A/atoms001.POSCAR,0.400000000000000,6,6,62,16,16,128,4,4,4,1246.622008252777960,0.006340079000000
A/atoms001.POSCAR,0.400000000000000,6,6,63,16,16,128,4,4,4,1246.622043107079207,0.006541867000000
A/atoms001.POSCAR,0.400000000000000,6,6,64,16,16,128,4,4,4,1246.622009136832276,0.006498870000000
A/atoms001.POSCAR,0.400000000000000,6,6,65,16,16,128,4,4,4,1246.622033110389339,0.006536821000000
A/atoms001.POSCAR,0.400000000000000,6,6,66,16,16,128,4,4,4,1246.622021684730043,0.006318767000000
A/atoms001.POSCAR,0.400000000000000,6,6,67,16,16,128,4,4,4,1246.622024435608864,0.006055927000000
A/atoms001.POSCAR,0.400000000000000,6,6,68,16,16,128,4,4,4,1246.622023260589231,0.006865950000000
A/atoms001.POSCAR,0.400000000000000,6,6,69,16,16,128,4,4,4,1246.622028828204748,0.006588421000000
A/atoms001.POSCAR,0.400000000000000,6,6,70,16,16,128,4,4,4,1246.622016481372384,0.006482573000000
A/atoms001.POSCAR,0.400000000000000,6,6,71,16,16,128,4,4,4,1246.622035598048114,0.006460551000000
A/atoms001.POSCAR,0.400000000000000,6,6,72,16,16,128,4,4,4,1246.622009235308269,0.006417176000000
A/atoms001.POSCAR,0.400000000000000,6,6,73,16,16,128,4,4,4,1246.622044680322233,0.006604547000000
A/atoms001.POSCAR,0.400000000000000,6,6,74,16,16,128,4,4,4,1246.621999356785182,0.006513269000000
A/atoms001.POSCAR,0.400000000000000,6,6,75,16,16,128,4,4,4,1246.622051262308105,0.006840256000000
A/atoms001.POSCAR,0.400000000000000,6,6,76,16,16,128,4,4,4,1246.622000253733177,0.006604650000000
A/atoms001.POSCAR,0.400000000000000,6,6,77,16,16,128,4,4,4,1246.622042212813767,0.006505169000000
A/atoms001.POSCAR,0.400000000000000,6,6,78,16,16,128,4,4,4,1246.622013888512129,0.006163690000000
A/atoms001.POSCAR,0.400000000000000,6,6,79,16,16,128,4,4,4,1246.622029250143214,0.006382528000000
A/atoms001.POSCAR,0.400000000000000,6,6,80,16,16,128,4,4,4,1246.622022704195842,0.006443301000000
A/atoms001.POSCAR,0.400000000000000,6,6,81,16,16,128,4,4,4,1246.622024917537601,0.006576328000000
A/atoms001.POSCAR,0.400000000000000,6,6,82,16,16,128,4,4,4,1246.622024245710008,0.006558307000000
A/atoms001.POSCAR,0.400000000000000,6,6,83,16,16,128,4,4,4,1246.622024467609890,0.006753287000000
A/atoms001.POSCAR,0.400000000000000,6,6,84,16,16,128,4,4,4,1246.622024229510089,0.006442207000000
A/atoms001.POSCAR,0.400000000000000,6,6,85,16,16,128,4,4,4,1246.622025154292260,0.006489281000000
A/atoms001.POSCAR,0.400000000000000,6,6,86,16,16,128,4,4,4,1246.622022977659071,0.006460448000000
A/atoms001.POSCAR,0.400000000000000,6,6,87,16,16,128,4,4,4,1246.622026712532033,0.006944392000000
A/atoms001.POSCAR,0.400000000000000,6,6,88,16,16,128,4,4,4,1246.622021877110228,0.006620480000000
A/atoms001.POSCAR,0.400000000000000,6,6,89,16,16,128,4,4,4,1246.622026906060682,0.006219797000000
A/atoms001.POSCAR,0.400000000000000,6,6,90,16,16,128,4,4,4,1246.622022556567572,0.006505219000000
A/atoms001.POSCAR,0.400000000000000,6,6,91,16,16,128,4,4,4,1246.622025753115622,0.006469196000000
A/atoms001.POSCAR,0.400000000000000,6,6,92,16,16,128,4,4,4,1246.622023745353772,0.006832536000000
A/atoms001.POSCAR,0.400000000000000,6,6,93,16,16,128,4,4,4,1246.622024807152684,0.006570446000000
A/atoms001.POSCAR,0.400000000000000,6,6,94,16,16,128,4,4,4,1246.622024369955852,0.006843270000000
A/atoms001.POSCAR,0.400000000000000,6,6,95,16,16,128,4,4,4,1246.622024479074298,0.010169782000000
A/atoms001.POSCAR,0.400000000000000,6,6,96,16,16,128,4,4,4,1246.622024471994337,0.006631541000000
A/atoms001.POSCAR,0.400000000000000,6,6,97,16,16,128,4,4,4,1246.622024506143816,0.006539326000000
A/atoms001.POSCAR,0.400000000000000,6,6,98,16,16,128,4,4,4,1246.622024408783545,0.006868561000000
A/atoms001.POSCAR,0.400000000000000,6,6,99,16,16,128,4,4,4,1246.622024534734010,0.026327383000000
A/atoms001.POSCAR,0.400000000000000,6,6,100,16,16,128,4,4,4,1246.622024428905434,0.006289007000000
A/atoms001.POSCAR,0.400000000000000,6,6,101,16,16,128,4,4,4,1246.622024479804622,0.007108988000000
A/atoms001.POSCAR,0.400000000000000,6,6,102,16,16,128,4,4,4,1246.622024468606014,0.006946801000000
A/atoms001.POSCAR,0.400000000000000,6,6,103,16,16,128,4,4,4,1246.622024477617060,0.006822024000000
A/atoms001.POSCAR,0.400000000000000,6,6,104,16,16,128,4,4,4,1246.622024445926172,0.006634499000000
A/atoms001.POSCAR,0.400000000000000,6,6,105,16,16,128,4,4,4,1246.622024495945652,0.006608235000000
A/atoms001.POSCAR,0.400000000000000,6,6,106,16,16,128,4,4,4,1246.622024445320449,0.006631894000000
A/atoms001.POSCAR,0.400000000000000,6,6,107,16,16,128,4,4,4,1246.622024485151314,0.006525345000000
A/atoms001.POSCAR,0.400000000000000,6,6,108,16,16,128,4,4,4,1246.622024470305632,0.006661346000000
A/atoms001.POSCAR,0.400000000000000,6,6,109,16,16,128,4,4,4,1246.622024472819021,0.006873824000000
A/atoms001.POSCAR,0.400000000000000,6,6,110,16,16,128,4,4,4,1246.622024471133500,0.006793215000000
A/atoms001.POSCAR,0.400000000000000,6,6,111,16,16,128,4,4,4,1246.622024476483148,0.006377980000000
A/atoms001.POSCAR,0.400000000000000,6,6,112,16,16,128,4,4,4,1246.622024465695858,0.006713418000000
A/atoms001.POSCAR,0.400000000000000,6,6,113,16,16,128,4,4,4,1246.622024471388613,0.006597841000000
A/atoms001.POSCAR,0.400000000000000,6,6,114,16,16,128,4,4,4,1246.622024472072098,0.007062678000000
A/atoms001.POSCAR,0.400000000000000,6,6,115,16,16,128,4,4,4,1246.622024472295834,0.006721571000000
A/atoms001.POSCAR,0.400000000000000,6,6,116,16,16,128,4,4,4,1246.622024467399569,0.007307978000000
A/atoms001.POSCAR,0.400000000000000,6,6,117,16,16,128,4,4,4,1246.622024476213483,0.007030859000000
A/atoms001.POSCAR,0.400000000000000,6,6,118,16,16,128,4,4,4,1246.622024469628059,0.006560588000000
A/atoms001.POSCAR,0.400000000000000,6,6,119,16,16,128,4,4,4,1246.622024474407908,0.010446461000000
A/atoms001.POSCAR,0.400000000000000,6,6,120,16,16,128,4,4,4,1246.622024468118070,0.006874248000000
A/atoms001.POSCAR,0.400000000000000,6,6,121,16,16,128,4,4,4,1246.622024469462986,0.007115707000000
A/atoms001.POSCAR,0.400000000000000,6,6,122,16,16,128,4,4,4,1246.622024469466623,0.006465656000000
A/atoms001.POSCAR,0.400000000000000,6,6,123,16,16,128,4,4,4,1246.622024469530970,0.006990903000000
A/atoms001.POSCAR,0.400000000000000,6,6,124,16,16,128,4,4,4,1246.622024466474159,0.006697891000000
A/atoms001.POSCAR,0.4,6,6,4,16,16,128,4,4,4,931.119075677993237,0.006963798000000
A/atoms001.POSCAR,0.400000000000000,6,6,5,16,16,128,4,4,4,988.948604545906505,0.006823370000000
A/atoms001.POSCAR,0.400000000000000,6,6,6,16,16,128,4,4,4,992.028526099551527,0.006227481000000
A/atoms001.POSCAR,0.400000000000000,6,6,7,16,16,128,4,4,4,1021.628827787894579,0.006500725000000
A/atoms001.POSCAR,0.400000000000000,6,6,8,16,16,128,4,4,4,1079.769900525382354,0.006392759000000
A/atoms001.POSCAR,0.400000000000000,6,6,9,16,16,128,4,4,4,1157.355974510050373,0.006851621000000
A/atoms001.POSCAR,0.400000000000000,6,6,10,16,16,128,4,4,4,1195.362232584878029,0.006068961000000
A/atoms001.POSCAR,0.400000000000000,6,6,11,16,16,128,4,4,4,1213.729124536354448,0.006360755000000
A/atoms001.POSCAR,0.400000000000000,6,6,12,16,16,128,4,4,4,1214.145662778087853,0.008892748000000
A/atoms001.POSCAR,0.400000000000000,6,6,13,16,16,128,4,4,4,1217.393791857265114,0.006410674000000
A/atoms001.POSCAR,0.400000000000000,6,6,14,16,16,128,4,4,4,1225.731498693342928,0.006097778000000
A/atoms001.POSCAR,0.400000000000000,6,6,15,16,16,128,4,4,4,1235.537062861235881,0.006284466000000
A/atoms001.POSCAR,0.400000000000000,6,6,16,16,16,128,4,4,4,1241.144160341344559,0.006257458000000
A/atoms001.POSCAR,0.400000000000000,6,6,17,16,16,128,4,4,4,1243.621002006885419,0.006137207000000
A/atoms001.POSCAR,0.400000000000000,6,6,18,16,16,128,4,4,4,1243.905224271993802,0.006308798000000
A/atoms001.POSCAR,0.400000000000000,6,6,19,16,16,128,4,4,4,1244.236221961724823,0.006478817000000
A/atoms001.POSCAR,0.400000000000000,6,6,20,16,16,128,4,4,4,1244.755413488946033,0.006304238000000
A/atoms001.POSCAR,0.400000000000000,6,6,21,16,16,128,4,4,4,1245.913859677312985,0.006342223000000
A/atoms001.POSCAR,0.400000000000000,6,6,22,16,16,128,4,4,4,1246.086906994435594,0.006232390000000
A/atoms001.POSCAR,0.400000000000000,6,6,23,16,16,128,4,4,4,1246.538275915366057,0.006237455000000
A/atoms001.POSCAR,0.400000000000000,6,6,24,16,16,128,4,4,4,1246.481919929632113,0.006166181000000
A/atoms001.POSCAR,0.400000000000000,6,6,25,16,16,128,4,4,4,1246.516601638029897,0.005948463000000
A/atoms001.POSCAR,0.400000000000000,6,6,26,16,16,128,4,4,4,1246.529696781615485,0.006239533000000
A/atoms001.POSCAR,0.400000000000000,6,6,27,16,16,128,4,4,4,1246.618205512994564,0.006150328000000
A/atoms001.POSCAR,0.400000000000000,6,6,28,16,16,128,4,4,4,1246.568929394353745,0.006239307000000
A/atoms001.POSCAR,0.400000000000000,6,6,29,16,16,128,4,4,4,1246.641241930997012,0.006039660000000
A/atoms001.POSCAR,0.400000000000000,6,6,30,16,16,128,4,4,4,1246.611119324065612,0.006287273000000
A/atoms001.POSCAR,0.400000000000000,6,6,31,16,16,128,4,4,4,1246.619612973590847,0.006274260000000
A/atoms001.POSCAR,0.400000000000000,6,6,32,16,16,128,4,4,4,1246.619203316448193,0.006419451000000
A/atoms001.POSCAR,0.400000000000000,6,6,33,16,16,128,4,4,4,1246.631905905092253,0.005961156000000
A/atoms001.POSCAR,0.400000000000000,6,6,34,16,16,128,4,4,4,1246.599498994327405,0.006263937000000
A/atoms001.POSCAR,0.400000000000000,6,6,35,16,16,128,4,4,4,1246.654505502618122,0.006267524000000
A/atoms001.POSCAR,0.400000000000000,6,6,36,16,16,128,4,4,4,1246.583048469219648,0.006269316000000
A/atoms001.POSCAR,0.400000000000000,6,6,37,16,16,128,4,4,4,1246.661335683716288,0.006321994000000
A/atoms001.POSCAR,0.400000000000000,6,6,38,16,16,128,4,4,4,1246.588139293932954,0.007684744000000
A/atoms001.POSCAR,0.400000000000000,6,6,39,16,16,128,4,4,4,1246.646349423059746,0.006343503000000
A/atoms001.POSCAR,0.400000000000000,6,6,40,16,16,128,4,4,4,1246.607863064905359,0.006374692000000
A/atoms001.POSCAR,0.400000000000000,6,6,41,16,16,128,4,4,4,1246.628312163430792,0.006207296000000
A/atoms001.POSCAR,0.400000000000000,6,6,42,16,16,128,4,4,4,1246.620112069982042,0.006331028000000
A/atoms001.POSCAR,0.400000000000000,6,6,43,16,16,128,4,4,4,1246.622354027216261,0.006332262000000
A/atoms001.POSCAR,0.400000000000000,6,6,44,16,16,128,4,4,4,1246.621930748444129,0.006428208000000
A/atoms001.POSCAR,0.400000000000000,6,6,45,16,16,128,4,4,4,1246.622205042528776,0.006265491000000
A/atoms001.POSCAR,0.400000000000000,6,6,46,16,16,128,4,4,4,1246.621637962449540,0.006223385000000
A/atoms001.POSCAR,0.400000000000000,6,6,47,16,16,128,4,4,4,1246.622920627910617,0.006347750000000
A/atoms001.POSCAR,0.400000000000000,6,6,48,16,16,128,4,4,4,1246.620310529988956,0.006430326000000
A/atoms001.POSCAR,0.400000000000000,6,6,49,16,16,128,4,4,4,1246.624524077791420,0.006249895000000
A/atoms001.POSCAR,0.400000000000000,6,6,50,16,16,128,4,4,4,1246.619180520951431,0.006472355000000
A/atoms001.POSCAR,0.400000000000000,6,6,51,16,16,128,4,4,4,1246.624623551386549,0.006470124000000
A/atoms001.POSCAR,0.400000000000000,6,6,52,16,16,128,4,4,4,1246.620071983197477,0.006426407000000
A/atoms001.POSCAR,0.400000000000000,6,6,53,16,16,128,4,4,4,1246.623257658662169,0.006478566000000
A/atoms001.POSCAR,0.400000000000000,6,6,54,16,16,128,4,4,4,1246.621344432235674,0.006401655000000
A/atoms001.POSCAR,0.400000000000000,6,6,55,16,16,128,4,4,4,1246.622373521551481,0.006255726000000
A/atoms001.POSCAR,0.400000000000000,6,6,56,16,16,128,4,4,4,1246.621847101606363,0.006413902000000
A/atoms001.POSCAR,0.400000000000000,6,6,57,16,16,128,4,4,4,1246.622109674913418,0.006439095000000
A/atoms001.POSCAR,0.400000000000000,6,6,58,16,16,128,4,4,4,1246.621993035410696,0.006443261000000
A/atoms001.POSCAR,0.400000000000000,6,6,59,16,16,128,4,4,4,1246.622029199608733,0.006363673000000
A/atoms001.POSCAR,0.400000000000000,6,6,60,16,16,128,4,4,4,1246.622023950482571,0.006140393000000
A/atoms001.POSCAR,0.400000000000000,6,6,61,16,16,128,4,4,4,1246.622032406015478,0.006441515000000
A/atoms001.POSCAR,0.400000000000000,6,6,62,16,16,128,4,4,4,1246.622008252777960,0.006410300000000
A/atoms001.POSCAR,0.400000000000000,6,6,63,16,16,128,4,4,4,1246.622043107080344,0.006448628000000
A/atoms001.POSCAR,0.400000000000000,6,6,64,16,16,128,4,4,4,1246.622009136832048,0.006421762000000
A/atoms001.POSCAR,0.400000000000000,6,6,65,16,16,128,4,4,4,1246.622033110389566,0.006437967000000
A/atoms001.POSCAR,0.400000000000000,6,6,66,16,16,128,4,4,4,1246.622021684731180,0.006456731000000
A/atoms001.POSCAR,0.400000000000000,6,6,67,16,16,128,4,4,4,1246.622024435610228,0.006461681000000
A/atoms001.POSCAR,0.400000000000000,6,6,68,16,16,128,4,4,4,1246.622023260588776,0.006435644000000
A/atoms001.POSCAR,0.400000000000000,6,6,69,16,16,128,4,4,4,1246.622028828204748,0.006637526000000
A/atoms001.POSCAR,0.400000000000000,6,6,70,16,16,128,4,4,4,1246.622016481371475,0.006463357000000
A/atoms001.POSCAR,0.400000000000000,6,6,71,16,16,128,4,4,4,1246.622035598047660,0.006202458000000
A/atoms001.POSCAR,0.400000000000000,6,6,72,16,16,128,4,4,4,1246.622009235309179,0.006493820000000
A/atoms001.POSCAR,0.400000000000000,6,6,73,16,16,128,4,4,4,1246.622044680322915,0.006511727000000
A/atoms001.POSCAR,0.400000000000000,6,6,74,16,16,128,4,4,4,1246.621999356786318,0.006553715000000
A/atoms001.POSCAR,0.400000000000000,6,6,75,16,16,128,4,4,4,1246.622051262308105,0.006517997000000
A/atoms001.POSCAR,0.400000000000000,6,6,76,16,16,128,4,4,4,1246.622000253733177,0.006484604000000
A/atoms001.POSCAR,0.400000000000000,6,6,77,16,16,128,4,4,4,1246.622042212814449,0.007035838000000
A/atoms001.POSCAR,0.400000000000000,6,6,78,16,16,128,4,4,4,1246.622013888511674,0.006711205000000
A/atoms001.POSCAR,0.400000000000000,6,6,79,16,16,128,4,4,4,1246.622029250143896,0.006584364000000
A/atoms001.POSCAR,0.400000000000000,6,6,80,16,16,128,4,4,4,1246.622022704196525,0.006636930000000
A/atoms001.POSCAR,0.400000000000000,6,6,81,16,16,128,4,4,4,1246.622024917538738,0.006524661000000
A/atoms001.POSCAR,0.400000000000000,6,6,82,16,16,128,4,4,4,1246.622024245710463,0.006233368000000
A/atoms001.POSCAR,0.400000000000000,6,6,83,16,16,128,4,4,4,1246.622024467609663,0.006602094000000
A/atoms001.POSCAR,0.400000000000000,6,6,84,16,16,128,4,4,4,1246.622024229510998,0.006573085000000
A/atoms001.POSCAR,0.400000000000000,6,6,85,16,16,128,4,4,4,1246.622025154292260,0.006806281000000
A/atoms001.POSCAR,0.400000000000000,6,6,86,16,16,128,4,4,4,1246.622022977658162,0.006535974000000
A/atoms001.POSCAR,0.400000000000000,6,6,87,16,16,128,4,4,4,1246.622026712531124,0.006590488000000
A/atoms001.POSCAR,0.400000000000000,6,6,88,16,16,128,4,4,4,1246.622021877110683,0.006587305000000
A/atoms001.POSCAR,0.400000000000000,6,6,89,16,16,128,4,4,4,1246.622026906058636,0.006606319000000
A/atoms001.POSCAR,0.400000000000000,6,6,90,16,16,128,4,4,4,1246.622022556568254,0.006627872000000
A/atoms001.POSCAR,0.400000000000000,6,6,91,16,16,128,4,4,4,1246.622025753114713,0.006734169000000
A/atoms001.POSCAR,0.400000000000000,6,6,92,16,16,128,4,4,4,1246.622023745354454,0.006696899000000
A/atoms001.POSCAR,0.400000000000000,6,6,93,16,16,128,4,4,4,1246.622024807151547,0.006289282000000
A/atoms001.POSCAR,0.400000000000000,6,6,94,16,16,128,4,4,4,1246.622024369956080,0.006665238000000
A/atoms001.POSCAR,0.400000000000000,6,6,95,16,16,128,4,4,4,1246.622024479073161,0.006601181000000
A/atoms001.POSCAR,0.400000000000000,6,6,96,16,16,128,4,4,4,1246.622024471995701,0.006695103000000
A/atoms001.POSCAR,0.400000000000000,6,6,97,16,16,128,4,4,4,1246.622024506144271,0.006545387000000
A/atoms001.POSCAR,0.400000000000000,6,6,98,16,16,128,4,4,4,1246.622024408784227,0.006663291000000
A/atoms001.POSCAR,0.400000000000000,6,6,99,16,16,128,4,4,4,1246.622024534733782,0.006742878000000
A/atoms001.POSCAR,0.400000000000000,6,6,100,16,16,128,4,4,4,1246.622024428905888,0.006579292000000
A/atoms001.POSCAR,0.400000000000000,6,6,101,16,16,128,4,4,4,1246.622024479803031,0.006610098000000
A/atoms001.POSCAR,0.400000000000000,6,6,102,16,16,128,4,4,4,1246.622024468606014,0.006832151000000
A/atoms001.POSCAR,0.400000000000000,6,6,103,16,16,128,4,4,4,1246.622024477617060,0.006654991000000
A/atoms001.POSCAR,0.400000000000000,6,6,104,16,16,128,4,4,4,1246.622024445926627,0.006401620000000
A/atoms001.POSCAR,0.400000000000000,6,6,105,16,16,128,4,4,4,1246.622024495946107,0.006690359000000
A/atoms001.POSCAR,0.400000000000000,6,6,106,16,16,128,4,4,4,1246.622024445319994,0.006856612000000
A/atoms001.POSCAR,0.400000000000000,6,6,107,16,16,128,4,4,4,1246.622024485151314,0.006780408000000
A/atoms001.POSCAR,0.400000000000000,6,6,108,16,16,128,4,4,4,1246.622024470305405,0.006587383000000
A/atoms001.POSCAR,0.400000000000000,6,6,109,16,16,128,4,4,4,1246.622024472817657,0.006761509000000
A/atoms001.POSCAR,0.400000000000000,6,6,110,16,16,128,4,4,4,1246.622024471133045,0.006691020000000
A/atoms001.POSCAR,0.400000000000000,6,6,111,16,16,128,4,4,4,1246.622024476483830,0.006650339000000
A/atoms001.POSCAR,0.400000000000000,6,6,112,16,16,128,4,4,4,1246.622024465696086,0.006710880000000
A/atoms001.POSCAR,0.400000000000000,6,6,113,16,16,128,4,4,4,1246.622024471388841,0.006789538000000
A/atoms001.POSCAR,0.400000000000000,6,6,114,16,16,128,4,4,4,1246.622024472072098,0.006678849000000
A/atoms001.POSCAR,0.400000000000000,6,6,115,16,16,128,4,4,4,1246.622024472294925,0.006453607000000
A/atoms001.POSCAR,0.400000000000000,6,6,116,16,16,128,4,4,4,1246.622024467399342,0.006823671000000
A/atoms001.POSCAR,0.400000000000000,6,6,117,16,16,128,4,4,4,1246.622024476212573,0.006785121000000
A/atoms001.POSCAR,0.400000000000000,6,6,118,16,16,128,4,4,4,1246.622024469627149,0.006843759000000
A/atoms001.POSCAR,0.400000000000000,6,6,119,16,16,128,4,4,4,1246.622024474407453,0.006713224000000
A/atoms001.POSCAR,0.400000000000000,6,6,120,16,16,128,4,4,4,1246.622024468118070,0.006892034000000
A/atoms001.POSCAR,0.400000000000000,6,6,121,16,16,128,4,4,4,1246.622024469462076,0.006780651000000
A/atoms001.POSCAR,0.400000000000000,6,6,122,16,16,128,4,4,4,1246.622024469467078,0.006768791000000
A/atoms001.POSCAR,0.400000000000000,6,6,123,16,16,128,4,4,4,1246.622024469531652,0.006869336000000
A/atoms001.POSCAR,0.400000000000000,6,6,124,16,16,128,4,4,4,1246.622024466474386,0.006807370000000
A/atoms001.POSCAR,0.4,6,6,4,16,16,256,4,4,4,931.119144388077643,0.010564773000000
A/atoms001.POSCAR,0.400000000000000,6,6,5,16,16,256,4,4,4,988.948602815586014,0.010103794000000
A/atoms001.POSCAR,0.400000000000000,6,6,6,16,16,256,4,4,4,992.028342181432549,0.010395076000000
A/atoms001.POSCAR,0.400000000000000,6,6,7,16,16,256,4,4,4,1021.629551910973873,0.010107692000000
A/atoms001.POSCAR,0.400000000000000,6,6,8,16,16,256,4,4,4,1079.766203687391680,0.010024114000000
A/atoms001.POSCAR,0.400000000000000,6,6,9,16,16,256,4,4,4,1157.360669922413081,0.009803491000000
A/atoms001.POSCAR,0.400000000000000,6,6,10,16,16,256,4,4,4,1195.358902746859485,0.009820283000000
A/atoms001.POSCAR,0.400000000000000,6,6,11,16,16,256,4,4,4,1213.739195842578965,0.009686416000000
A/atoms001.POSCAR,0.400000000000000,6,6,12,16,16,256,4,4,4,1214.151215082402587,0.009710407000000
A/atoms001.POSCAR,0.400000000000000,6,6,13,16,16,256,4,4,4,1217.401152676982974,0.009800520000000
A/atoms001.POSCAR,0.400000000000000,6,6,14,16,16,256,4,4,4,1225.739195027085771,0.009662856000000
A/atoms001.POSCAR,0.400000000000000,6,6,15,16,16,256,4,4,4,1235.538832620690528,0.009722843000000
A/atoms001.POSCAR,0.400000000000000,6,6,16,16,16,256,4,4,4,1241.150406647276441,0.009708640000000
A/atoms001.POSCAR,0.400000000000000,6,6,17,16,16,256,4,4,4,1243.623507603545931,0.009708016000000
A/atoms001.POSCAR,0.400000000000000,6,6,18,16,16,256,4,4,4,1243.909738444852564,0.009777731000000
A/atoms001.POSCAR,0.400000000000000,6,6,19,16,16,256,4,4,4,1244.243137393334337,0.009597672000000
A/atoms001.POSCAR,0.400000000000000,6,6,20,16,16,256,4,4,4,1244.752562955636222,0.010052126000000
A/atoms001.POSCAR,0.400000000000000,6,6,21,16,16,256,4,4,4,1245.928024162117936,0.009843312000000
A/atoms001.POSCAR,0.400000000000000,6,6,22,16,16,256,4,4,4,1246.084574055368421,0.009647190000000
A/atoms001.POSCAR,0.400000000000000,6,6,23,16,16,256,4,4,4,1246.552978775217525,0.010486332000000
A/atoms001.POSCAR,0.400000000000000,6,6,24,16,16,256,4,4,4,1246.490371194596719,0.009896055000000
A/atoms001.POSCAR,0.400000000000000,6,6,25,16,16,256,4,4,4,1246.525081918983688,0.009579170000000
A/atoms001.POSCAR,0.400000000000000,6,6,26,16,16,256,4,4,4,1246.541202721619129,0.009676809000000
A/atoms001.POSCAR,0.400000000000000,6,6,27,16,16,256,4,4,4,1246.627504105689468,0.009601157000000
A/atoms001.POSCAR,0.400000000000000,6,6,28,16,16,256,4,4,4,1246.574632949406350,0.009709207000000
A/atoms001.POSCAR,0.400000000000000,6,6,29,16,16,256,4,4,4,1246.653823174515992,0.009822289000000
A/atoms001.POSCAR,0.400000000000000,6,6,30,16,16,256,4,4,4,1246.616280905056101,0.009715253000000
A/atoms001.POSCAR,0.400000000000000,6,6,31,16,16,256,4,4,4,1246.629180645179986,0.009957486000000
A/atoms001.POSCAR,0.400000000000000,6,6,32,16,16,256,4,4,4,1246.628185306844671,0.009647840000000
A/atoms001.POSCAR,0.400000000000000,6,6,33,16,16,256,4,4,4,1246.639836953388112,0.009736797000000
A/atoms001.POSCAR,0.400000000000000,6,6,34,16,16,256,4,4,4,1246.606727627932287,0.009852963000000
A/atoms001.POSCAR,0.400000000000000,6,6,35,16,16,256,4,4,4,1246.666858330541345,0.010116920000000
A/atoms001.POSCAR,0.400000000000000,6,6,36,16,16,256,4,4,4,1246.585690319315518,0.009599584000000
A/atoms001.POSCAR,0.400000000000000,6,6,37,16,16,256,4,4,4,1246.676001241522727,0.009998252000000
A/atoms001.POSCAR,0.400000000000000,6,6,38,16,16,256,4,4,4,1246.591902760762878,0.009806916000000
A/atoms001.POSCAR,0.400000000000000,6,6,39,16,16,256,4,4,4,1246.657176765563008,0.009870781000000
A/atoms001.POSCAR,0.400000000000000,6,6,40,16,16,256,4,4,4,1246.616148026299015,0.009990208000000
A/atoms001.POSCAR,0.400000000000000,6,6,41,16,16,256,4,4,4,1246.635963090085397,0.009834211000000
A/atoms001.POSCAR,0.400000000000000,6,6,42,16,16,256,4,4,4,1246.629386376502225,0.009794786000000
A/atoms001.POSCAR,0.400000000000000,6,6,43,16,16,256,4,4,4,1246.630554038986702,0.009866698000000
A/atoms001.POSCAR,0.400000000000000,6,6,44,16,16,256,4,4,4,1246.630473468216906,0.009745131000000
A/atoms001.POSCAR,0.400000000000000,6,6,45,16,16,256,4,4,4,1246.630497934936329,0.009820538000000
A/atoms001.POSCAR,0.400000000000000,6,6,46,16,16,256,4,4,4,1246.630302710401338,0.009766800000000
A/atoms001.POSCAR,0.400000000000000,6,6,47,16,16,256,4,4,4,1246.632139909543866,0.010260645000000
A/atoms001.POSCAR,0.400000000000000,6,6,48,16,16,256,4,4,4,1246.626094003288244,0.009974731000000
A/atoms001.POSCAR,0.400000000000000,6,6,49,16,16,256,4,4,4,1246.638127992800037,0.010082240000000
A/atoms001.POSCAR,0.400000000000000,6,6,50,16,16,256,4,4,4,1246.620845866612399,0.009914835000000
A/atoms001.POSCAR,0.400000000000000,6,6,51,16,16,256,4,4,4,1246.640078833165262,0.009890479000000
A/atoms001.POSCAR,0.400000000000000,6,6,52,16,16,256,4,4,4,1246.623069160300929,0.009867706000000
A/atoms001.POSCAR,0.400000000000000,6,6,53,16,16,256,4,4,4,1246.634936137750856,0.009820722000000
A/atoms001.POSCAR,0.400000000000000,6,6,54,16,16,256,4,4,4,1246.628701525177121,0.009878471000000
A/atoms001.POSCAR,0.400000000000000,6,6,55,16,16,256,4,4,4,1246.630927054764243,0.009769484000000
A/atoms001.POSCAR,0.400000000000000,6,6,56,16,16,256,4,4,4,1246.630279305595423,0.009742393000000
A/atoms001.POSCAR,0.400000000000000,6,6,57,16,16,256,4,4,4,1246.631258839992597,0.010425944000000
A/atoms001.POSCAR,0.400000000000000,6,6,58,16,16,256,4,4,4,1246.629210952300582,0.010005999000000
A/atoms001.POSCAR,0.400000000000000,6,6,59,16,16,256,4,4,4,1246.632027300409618,0.009970768000000
A/atoms001.POSCAR,0.400000000000000,6,6,60,16,16,256,4,4,4,1246.629198057295753,0.009913386000000
A/atoms001.POSCAR,0.400000000000000,6,6,61,16,16,256,4,4,4,1246.631412698093982,0.009943710000000
A/atoms001.POSCAR,0.400000000000000,6,6,62,16,16,256,4,4,4,1246.629998878630431,0.009799185000000
A/atoms001.POSCAR,0.400000000000000,6,6,63,16,16,256,4,4,4,1246.630863110723112,0.009908630000000
A/atoms001.POSCAR,0.400000000000000,6,6,64,16,16,256,4,4,4,1246.630078876180278,0.009881007000000
A/atoms001.POSCAR,0.400000000000000,6,6,65,16,16,256,4,4,4,1246.631188160396960,0.009800034000000
A/atoms001.POSCAR,0.400000000000000,6,6,66,16,16,256,4,4,4,1246.629621940644711,0.010155958000000
A/atoms001.POSCAR,0.400000000000000,6,6,67,16,16,256,4,4,4,1246.631457366004724,0.010159110000000
A/atoms001.POSCAR,0.400000000000000,6,6,68,16,16,256,4,4,4,1246.629734781224215,0.010039214000000
A/atoms001.POSCAR,0.400000000000000,6,6,69,16,16,256,4,4,4,1246.630989191613025,0.009981342000000
A/atoms001.POSCAR,0.400000000000000,6,6,70,16,16,256,4,4,4,1246.630340930806824,0.009942434000000
A/atoms001.POSCAR,0.400000000000000,6,6,71,16,16,256,4,4,4,1246.630517858581925,0.010863533000000
A/atoms001.POSCAR,0.400000000000000,6,6,72,16,16,256,4,4,4,1246.630504678264970,0.009928037000000
A/atoms001.POSCAR,0.400000000000000,6,6,73,16,16,256,4,4,4,1246.630652646663520,0.009864500000000
A/atoms001.POSCAR,0.400000000000000,6,6,74,16,16,256,4,4,4,1246.630229311563198,0.009829199000000
A/atoms001.POSCAR,0.400000000000000,6,6,75,16,16,256,4,4,4,1246.630874184995264,0.010267015000000
A/atoms001.POSCAR,0.400000000000000,6,6,76,16,16,256,4,4,4,1246.630180290859698,0.010246576000000
A/atoms001.POSCAR,0.400000000000000,6,6,77,16,16,256,4,4,4,1246.630753076203519,0.010268173000000
A/atoms001.POSCAR,0.400000000000000,6,6,78,16,16,256,4,4,4,1246.630382508498315,0.010161968000000
A/atoms001.POSCAR,0.400000000000000,6,6,79,16,16,256,4,4,4,1246.630571823085575,0.010026420000000
A/atoms001.POSCAR,0.400000000000000,6,6,80,16,16,256,4,4,4,1246.630487656462037,0.009918531000000
A/atoms001.POSCAR,0.400000000000000,6,6,81,16,16,256,4,4,4,1246.630538098370153,0.010130254000000
A/atoms001.POSCAR,0.400000000000000,6,6,82,16,16,256,4,4,4,1246.630487863415738,0.009942582000000
A/atoms001.POSCAR,0.400000000000000,6,6,83,16,16,256,4,4,4,1246.630537196633213,0.014564367000000
A/atoms001.POSCAR,0.400000000000000,6,6,84,16,16,256,4,4,4,1246.630499906749264,0.010270774000000
A/atoms001.POSCAR,0.400000000000000,6,6,85,16,16,256,4,4,4,1246.630524980429300,0.010465435000000
A/atoms001.POSCAR,0.400000000000000,6,6,86,16,16,256,4,4,4,1246.630504784683581,0.010187912000000
A/atoms001.POSCAR,0.400000000000000,6,6,87,16,16,256,4,4,4,1246.630534431549677,0.010126387000000
A/atoms001.POSCAR,0.400000000000000,6,6,88,16,16,256,4,4,4,1246.630491632173744,0.010539063000000
A/atoms001.POSCAR,0.400000000000000,6,6,89,16,16,256,4,4,4,1246.630539824442394,0.010101173000000
A/atoms001.POSCAR,0.400000000000000,6,6,90,16,16,256,4,4,4,1246.630499067174469,0.010015805000000
A/atoms001.POSCAR,0.400000000000000,6,6,91,16,16,256,4,4,4,1246.630523781700276,0.009939115000000
A/atoms001.POSCAR,0.400000000000000,6,6,92,16,16,256,4,4,4,1246.630514657261529,0.009890268000000
A/atoms001.POSCAR,0.400000000000000,6,6,93,16,16,256,4,4,4,1246.630515823577070,0.010203968000000
A/atoms001.POSCAR,0.400000000000000,6,6,94,16,16,256,4,4,4,1246.630513715159623,0.010453557000000
A/atoms001.POSCAR,0.400000000000000,6,6,95,16,16,256,4,4,4,1246.630521625345182,0.010199101000000
A/atoms001.POSCAR,0.400000000000000,6,6,96,16,16,256,4,4,4,1246.630508638834954,0.010205036000000
A/atoms001.POSCAR,0.400000000000000,6,6,97,16,16,256,4,4,4,1246.630522665963099,0.010162706000000
A/atoms001.POSCAR,0.400000000000000,6,6,98,16,16,256,4,4,4,1246.630511629282637,0.010584304000000
A/atoms001.POSCAR,0.400000000000000,6,6,99,16,16,256,4,4,4,1246.630518254761682,0.010042861000000
A/atoms001.POSCAR,0.400000000000000,6,6,100,16,16,256,4,4,4,1246.630514442662843,0.010084326000000
A/atoms001.POSCAR,0.400000000000000,6,6,101,16,16,256,4,4,4,1246.630518012355196,0.009966713000000
A/atoms001.POSCAR,0.400000000000000,6,6,102,16,16,256,4,4,4,1246.630512524541018,0.010424975000000
A/atoms001.POSCAR,0.400000000000000,6,6,103,16,16,256,4,4,4,1246.630520564391418,0.010341638000000
A/atoms001.POSCAR,0.400000000000000,6,6,104,16,16,256,4,4,4,1246.630511423356211,0.010334834000000
A/atoms001.POSCAR,0.400000000000000,6,6,105,16,16,256,4,4,4,1246.630519521126871,0.010213023000000
A/atoms001.POSCAR,0.400000000000000,6,6,106,16,16,256,4,4,4,1246.630512767350865,0.010175416000000
A/atoms001.POSCAR,0.400000000000000,6,6,107,16,16,256,4,4,4,1246.630518360117321,0.010255195000000
A/atoms001.POSCAR,0.400000000000000,6,6,108,16,16,256,4,4,4,1246.630515529077002,0.010233659000000
A/atoms001.POSCAR,0.400000000000000,6,6,109,16,16,256,4,4,4,1246.630517241567532,0.010273087000000
A/atoms001.POSCAR,0.400000000000000,6,6,110,16,16,256,4,4,4,1246.630516175921230,0.010079634000000
A/atoms001.POSCAR,0.400000000000000,6,6,111,16,16,256,4,4,4,1246.630516996695405,0.010492613000000
A/atoms001.POSCAR,0.400000000000000,6,6,112,16,16,256,4,4,4,1246.630516067574263,0.010417208000000
A/atoms001.POSCAR,0.400000000000000,6,6,113,16,16,256,4,4,4,1246.630516881657513,0.010426637000000
A/atoms001.POSCAR,0.400000000000000,6,6,114,16,16,256,4,4,4,1246.630515979244137,0.010368644000000
A/atoms001.POSCAR,0.400000000000000,6,6,115,16,16,256,4,4,4,1246.630517021940250,0.010358329000000
A/atoms001.POSCAR,0.400000000000000,6,6,116,16,16,256,4,4,4,1246.630515606089830,0.010262096000000
A/atoms001.POSCAR,0.400000000000000,6,6,117,16,16,256,4,4,4,1246.630516689152500,0.010227960000000
A/atoms001.POSCAR,0.400000000000000,6,6,118,16,16,256,4,4,4,1246.630515890812148,0.010369305000000
A/atoms001.POSCAR,0.400000000000000,6,6,119,16,16,256,4,4,4,1246.630516348586070,0.010515182000000
A/atoms001.POSCAR,0.400000000000000,6,6,120,16,16,256,4,4,4,1246.630515885454088,0.010218062000000
A/atoms001.POSCAR,0.400000000000000,6,6,121,16,16,256,4,4,4,1246.630516127002238,0.010551611000000
A/atoms001.POSCAR,0.400000000000000,6,6,122,16,16,256,4,4,4,1246.630516063103641,0.010486388000000
A/atoms001.POSCAR,0.400000000000000,6,6,123,16,16,256,4,4,4,1246.630516111209545,0.010405156000000
A/atoms001.POSCAR,0.400000000000000,6,6,124,16,16,256,4,4,4,1246.630515984041494,0.010359474000000
A/atoms001.POSCAR,0.4,6,6,4,16,16,256,4,4,4,931.119144388077984,0.010522046000000
A/atoms001.POSCAR,0.400000000000000,6,6,5,16,16,256,4,4,4,988.948602815586128,0.010356008000000
A/atoms001.POSCAR,0.400000000000000,6,6,6,16,16,256,4,4,4,992.028342181432322,0.010245003000000
A/atoms001.POSCAR,0.400000000000000,6,6,7,16,16,256,4,4,4,1021.629551910974101,0.010002251000000
A/atoms001.POSCAR,0.400000000000000,6,6,8,16,16,256,4,4,4,1079.766203687391453,0.009826305000000
A/atoms001.POSCAR,0.400000000000000,6,6,9,16,16,256,4,4,4,1157.360669922413081,0.009959784000000
A/atoms001.POSCAR,0.400000000000000,6,6,10,16,16,256,4,4,4,1195.358902746859258,0.009962540000000
A/atoms001.POSCAR,0.400000000000000,6,6,11,16,16,256,4,4,4,1213.739195842578965,0.009777414000000
A/atoms001.POSCAR,0.400000000000000,6,6,12,16,16,256,4,4,4,1214.151215082403041,0.009697530000000
A/atoms001.POSCAR,0.400000000000000,6,6,13,16,16,256,4,4,4,1217.401152676982974,0.009675182000000
A/atoms001.POSCAR,0.400000000000000,6,6,14,16,16,256,4,4,4,1225.739195027086225,0.009605471000000
A/atoms001.POSCAR,0.400000000000000,6,6,15,16,16,256,4,4,4,1235.538832620690528,0.009815148000000
A/atoms001.POSCAR,0.400000000000000,6,6,16,16,16,256,4,4,4,1241.150406647276441,0.009778112000000
A/atoms001.POSCAR,0.400000000000000,6,6,17,16,16,256,4,4,4,1243.623507603545704,0.009692862000000
A/atoms001.POSCAR,0.400000000000000,6,6,18,16,16,256,4,4,4,1243.909738444851882,0.009937260000000
A/atoms001.POSCAR,0.400000000000000,6,6,19,16,16,256,4,4,4,1244.243137393333882,0.009657142000000
A/atoms001.POSCAR,0.400000000000000,6,6,20,16,16,256,4,4,4,1244.752562955635312,0.009567198000000
A/atoms001.POSCAR,0.400000000000000,6,6,21,16,16,256,4,4,4,1245.928024162117481,0.009631694000000
A/atoms001.POSCAR,0.400000000000000,6,6,22,16,16,256,4,4,4,1246.084574055368421,0.010015283000000
A/atoms001.POSCAR,0.400000000000000,6,6,23,16,16,256,4,4,4,1246.552978775217525,0.009633242000000
A/atoms001.POSCAR,0.400000000000000,6,6,24,16,16,256,4,4,4,1246.490371194596719,0.009591704000000
A/atoms001.POSCAR,0.400000000000000,6,6,25,16,16,256,4,4,4,1246.525081918983688,0.009621205000000
A/atoms001.POSCAR,0.400000000000000,6,6,26,16,16,256,4,4,4,1246.541202721619584,0.009610729000000
A/atoms001.POSCAR,0.400000000000000,6,6,27,16,16,256,4,4,4,1246.627504105689241,0.009807673000000
A/atoms001.POSCAR,0.400000000000000,6,6,28,16,16,256,4,4,4,1246.574632949406578,0.009838858000000
A/atoms001.POSCAR,0.400000000000000,6,6,29,16,16,256,4,4,4,1246.653823174515537,0.009949101000000
A/atoms001.POSCAR,0.400000000000000,6,6,30,16,16,256,4,4,4,1246.616280905056328,0.009639669000000
A/atoms001.POSCAR,0.400000000000000,6,6,31,16,16,256,4,4,4,1246.629180645180213,0.009781247000000
A/atoms001.POSCAR,0.400000000000000,6,6,32,16,16,256,4,4,4,1246.628185306844671,0.009738105000000
A/atoms001.POSCAR,0.400000000000000,6,6,33,16,16,256,4,4,4,1246.639836953388112,0.009940139000000
A/atoms001.POSCAR,0.400000000000000,6,6,34,16,16,256,4,4,4,1246.606727627931605,0.009833664000000
A/atoms001.POSCAR,0.400000000000000,6,6,35,16,16,256,4,4,4,1246.666858330540890,0.009740874000000
A/atoms001.POSCAR,0.400000000000000,6,6,36,16,16,256,4,4,4,1246.585690319315518,0.009790575000000
A/atoms001.POSCAR,0.400000000000000,6,6,37,16,16,256,4,4,4,1246.676001241522954,0.009767254000000
A/atoms001.POSCAR,0.400000000000000,6,6,38,16,16,256,4,4,4,1246.591902760763105,0.009783806000000
A/atoms001.POSCAR,0.400000000000000,6,6,39,16,16,256,4,4,4,1246.657176765562099,0.010701212000000
A/atoms001.POSCAR,0.400000000000000,6,6,40,16,16,256,4,4,4,1246.616148026298333,0.009683545000000
A/atoms001.POSCAR,0.400000000000000,6,6,41,16,16,256,4,4,4,1246.635963090084715,0.009592662000000
A/atoms001.POSCAR,0.400000000000000,6,6,42,16,16,256,4,4,4,1246.629386376501770,0.009646823000000
A/atoms001.POSCAR,0.400000000000000,6,6,43,16,16,256,4,4,4,1246.630554038986475,0.009791767000000
A/atoms001.POSCAR,0.400000000000000,6,6,44,16,16,256,4,4,4,1246.630473468216906,0.009594959000000
A/atoms001.POSCAR,0.400000000000000,6,6,45,16,16,256,4,4,4,1246.630497934937466,0.010037923000000
A/atoms001.POSCAR,0.400000000000000,6,6,46,16,16,256,4,4,4,1246.630302710401565,0.010185776000000
A/atoms001.POSCAR,0.400000000000000,6,6,47,16,16,256,4,4,4,1246.632139909544321,0.009897419000000
A/atoms001.POSCAR,0.400000000000000,6,6,48,16,16,256,4,4,4,1246.626094003288017,0.009918556000000
A/atoms001.POSCAR,0.400000000000000,6,6,49,16,16,256,4,4,4,1246.638127992800491,0.009847239000000
A/atoms001.POSCAR,0.400000000000000,6,6,50,16,16,256,4,4,4,1246.620845866613308,0.009808902000000
A/atoms001.POSCAR,0.400000000000000,6,6,51,16,16,256,4,4,4,1246.640078833164353,0.009816968000000
A/atoms001.POSCAR,0.400000000000000,6,6,52,16,16,256,4,4,4,1246.623069160300020,0.009776577000000
A/atoms001.POSCAR,0.400000000000000,6,6,53,16,16,256,4,4,4,1246.634936137750401,0.009715205000000
A/atoms001.POSCAR,0.400000000000000,6,6,54,16,16,256,4,4,4,1246.628701525177121,0.009670604000000
A/atoms001.POSCAR,0.400000000000000,6,6,55,16,16,256,4,4,4,1246.630927054764243,0.010124216000000
A/atoms001.POSCAR,0.400000000000000,6,6,56,16,16,256,4,4,4,1246.630279305594740,0.010017604000000
A/atoms001.POSCAR,0.400000000000000,6,6,57,16,16,256,4,4,4,1246.631258839992597,0.009860362000000
A/atoms001.POSCAR,0.400000000000000,6,6,58,16,16,256,4,4,4,1246.629210952299672,0.009990856000000
A/atoms001.POSCAR,0.400000000000000,6,6,59,16,16,256,4,4,4,1246.632027300408936,0.009809937000000
A/atoms001.POSCAR,0.400000000000000,6,6,60,16,16,256,4,4,4,1246.629198057296662,0.009910945000000
A/atoms001.POSCAR,0.400000000000000,6,6,61,16,16,256,4,4,4,1246.631412698093982,0.009864377000000
A/atoms001.POSCAR,0.400000000000000,6,6,62,16,16,256,4,4,4,1246.629998878630431,0.009759118000000
A/atoms001.POSCAR,0.400000000000000,6,6,63,16,16,256,4,4,4,1246.630863110722885,0.009721165000000
A/atoms001.POSCAR,0.400000000000000,6,6,64,16,16,256,4,4,4,1246.630078876180278,0.010172121000000
A/atoms001.POSCAR,0.400000000000000,6,6,65,16,16,256,4,4,4,1246.631188160397642,0.010071336000000
A/atoms001.POSCAR,0.400000000000000,6,6,66,16,16,256,4,4,4,1246.629621940643119,0.009975534000000
A/atoms001.POSCAR,0.400000000000000,6,6,67,16,16,256,4,4,4,1246.631457366005179,0.009978374000000
A/atoms001.POSCAR,0.400000000000000,6,6,68,16,16,256,4,4,4,1246.629734781224215,0.009964415000000
A/atoms001.POSCAR,0.400000000000000,6,6,69,16,16,256,4,4,4,1246.630989191612798,0.009813176000000
A/atoms001.POSCAR,0.400000000000000,6,6,70,16,16,256,4,4,4,1246.630340930807506,0.010190522000000
A/atoms001.POSCAR,0.400000000000000,6,6,71,16,16,256,4,4,4,1246.630517858581015,0.010021179000000
A/atoms001.POSCAR,0.400000000000000,6,6,72,16,16,256,4,4,4,1246.630504678263605,0.009767285000000
A/atoms001.POSCAR,0.400000000000000,6,6,73,16,16,256,4,4,4,1246.630652646664430,0.010177112000000
A/atoms001.POSCAR,0.400000000000000,6,6,74,16,16,256,4,4,4,1246.630229311563880,0.010146762000000
A/atoms001.POSCAR,0.400000000000000,6,6,75,16,16,256,4,4,4,1246.630874184995719,0.010058643000000
A/atoms001.POSCAR,0.400000000000000,6,6,76,16,16,256,4,4,4,1246.630180290861063,0.009955526000000
A/atoms001.POSCAR,0.400000000000000,6,6,77,16,16,256,4,4,4,1246.630753076203519,0.009905291000000
A/atoms001.POSCAR,0.400000000000000,6,6,78,16,16,256,4,4,4,1246.630382508497632,0.009978517000000
A/atoms001.POSCAR,0.400000000000000,6,6,79,16,16,256,4,4,4,1246.630571823086029,0.009884615000000
A/atoms001.POSCAR,0.400000000000000,6,6,80,16,16,256,4,4,4,1246.630487656462265,0.010080677000000
A/atoms001.POSCAR,0.400000000000000,6,6,81,16,16,256,4,4,4,1246.630538098370380,0.009752766000000
A/atoms001.POSCAR,0.400000000000000,6,6,82,16,16,256,4,4,4,1246.630487863415965,0.010340266000000
A/atoms001.POSCAR,0.400000000000000,6,6,83,16,16,256,4,4,4,1246.630537196633441,0.010219131000000
A/atoms001.POSCAR,0.400000000000000,6,6,84,16,16,256,4,4,4,1246.630499906750401,0.010125306000000
A/atoms001.POSCAR,0.400000000000000,6,6,85,16,16,256,4,4,4,1246.630524980428845,0.010020118000000
A/atoms001.POSCAR,0.400000000000000,6,6,86,16,16,256,4,4,4,1246.630504784684035,0.010036411000000
A/atoms001.POSCAR,0.400000000000000,6,6,87,16,16,256,4,4,4,1246.630534431549904,0.009970541000000
A/atoms001.POSCAR,0.400000000000000,6,6,88,16,16,256,4,4,4,1246.630491632173971,0.010017114000000
A/atoms001.POSCAR,0.400000000000000,6,6,89,16,16,256,4,4,4,1246.630539824442621,0.009957134000000
A/atoms001.POSCAR,0.400000000000000,6,6,90,16,16,256,4,4,4,1246.630499067174924,0.010087141000000
A/atoms001.POSCAR,0.400000000000000,6,6,91,16,16,256,4,4,4,1246.630523781700049,0.010178786000000
A/atoms001.POSCAR,0.400000000000000,6,6,92,16,16,256,4,4,4,1246.630514657261301,0.010159126000000
A/atoms001.POSCAR,0.400000000000000,6,6,93,16,16,256,4,4,4,1246.630515823576843,0.010207636000000
A/atoms001.POSCAR,0.400000000000000,6,6,94,16,16,256,4,4,4,1246.630513715159168,0.010102145000000
A/atoms001.POSCAR,0.400000000000000,6,6,95,16,16,256,4,4,4,1246.630521625345864,0.010021272000000
A/atoms001.POSCAR,0.400000000000000,6,6,96,16,16,256,4,4,4,1246.630508638835408,0.010018304000000
A/atoms001.POSCAR,0.400000000000000,6,6,97,16,16,256,4,4,4,1246.630522665963326,0.009999737000000
A/atoms001.POSCAR,0.400000000000000,6,6,98,16,16,256,4,4,4,1246.630511629282637,0.010062642000000
A/atoms001.POSCAR,0.400000000000000,6,6,99,16,16,256,4,4,4,1246.630518254762137,0.010950739000000
A/atoms001.POSCAR,0.400000000000000,6,6,100,16,16,256,4,4,4,1246.630514442662161,0.010378177000000
A/atoms001.POSCAR,0.400000000000000,6,6,101,16,16,256,4,4,4,1246.630518012354742,0.010237628000000
A/atoms001.POSCAR,0.400000000000000,6,6,102,16,16,256,4,4,4,1246.630512524541473,0.010365816000000
A/atoms001.POSCAR,0.400000000000000,6,6,103,16,16,256,4,4,4,1246.630520564392327,0.010162086000000
A/atoms001.POSCAR,0.400000000000000,6,6,104,16,16,256,4,4,4,1246.630511423356666,0.010144012000000
A/atoms001.POSCAR,0.400000000000000,6,6,105,16,16,256,4,4,4,1246.630519521127326,0.010039366000000
A/atoms001.POSCAR,0.400000000000000,6,6,106,16,16,256,4,4,4,1246.630512767350865,0.010082463000000
A/atoms001.POSCAR,0.400000000000000,6,6,107,16,16,256,4,4,4,1246.630518360117094,0.010039301000000
A/atoms001.POSCAR,0.400000000000000,6,6,108,16,16,256,4,4,4,1246.630515529076774,0.009926452000000
A/atoms001.POSCAR,0.400000000000000,6,6,109,16,16,256,4,4,4,1246.630517241568441,0.010302528000000
A/atoms001.POSCAR,0.400000000000000,6,6,110,16,16,256,4,4,4,1246.630516175921457,0.013759409000000
A/atoms001.POSCAR,0.400000000000000,6,6,111,16,16,256,4,4,4,1246.630516996695405,0.011402409000000
A/atoms001.POSCAR,0.400000000000000,6,6,112,16,16,256,4,4,4,1246.630516067574717,0.010142405000000
A/atoms001.POSCAR,0.400000000000000,6,6,113,16,16,256,4,4,4,1246.630516881656831,0.010238437000000
A/atoms001.POSCAR,0.400000000000000,6,6,114,16,16,256,4,4,4,1246.630515979245047,0.010266211000000
A/atoms001.POSCAR,0.400000000000000,6,6,115,16,16,256,4,4,4,1246.630517021940250,0.010251496000000
A/atoms001.POSCAR,0.400000000000000,6,6,116,16,16,256,4,4,4,1246.630515606089375,0.010102698000000
A/atoms001.POSCAR,0.400000000000000,6,6,117,16,16,256,4,4,4,1246.630516689152046,0.010012233000000
A/atoms001.POSCAR,0.400000000000000,6,6,118,16,16,256,4,4,4,1246.630515890812148,0.010226272000000
A/atoms001.POSCAR,0.400000000000000,6,6,119,16,16,256,4,4,4,1246.630516348586070,0.010349893000000
A/atoms001.POSCAR,0.400000000000000,6,6,120,16,16,256,4,4,4,1246.630515885453406,0.010742492000000
A/atoms001.POSCAR,0.400000000000000,6,6,121,16,16,256,4,4,4,1246.630516127002693,0.010321064000000
A/atoms001.POSCAR,0.400000000000000,6,6,122,16,16,256,4,4,4,1246.630516063103869,0.010397468000000
A/atoms001.POSCAR,0.400000000000000,6,6,123,16,16,256,4,4,4,1246.630516111208863,0.010119641000000
A/atoms001.POSCAR,0.400000000000000,6,6,124,16,16,256,4,4,4,1246.630515984041040,0.010151980000000
A/atoms001.POSCAR,0.4,6,6,4,16,16,256,4,4,4,931.119144388077984,0.010630908000000
A/atoms001.POSCAR,0.400000000000000,6,6,5,16,16,256,4,4,4,988.948602815586128,0.010339627000000
A/atoms001.POSCAR,0.400000000000000,6,6,6,16,16,256,4,4,4,992.028342181432549,0.009999254000000
A/atoms001.POSCAR,0.400000000000000,6,6,7,16,16,256,4,4,4,1021.629551910974328,0.010121698000000
A/atoms001.POSCAR,0.400000000000000,6,6,8,16,16,256,4,4,4,1079.766203687392135,0.010103011000000
A/atoms001.POSCAR,0.400000000000000,6,6,9,16,16,256,4,4,4,1157.360669922413081,0.009802429000000
A/atoms001.POSCAR,0.400000000000000,6,6,10,16,16,256,4,4,4,1195.358902746859485,0.009843049000000
A/atoms001.POSCAR,0.400000000000000,6,6,11,16,16,256,4,4,4,1213.739195842579647,0.009652363000000
A/atoms001.POSCAR,0.400000000000000,6,6,12,16,16,256,4,4,4,1214.151215082403041,0.009610473000000
A/atoms001.POSCAR,0.400000000000000,6,6,13,16,16,256,4,4,4,1217.401152676983429,0.009768677000000
A/atoms001.POSCAR,0.400000000000000,6,6,14,16,16,256,4,4,4,1225.739195027085771,0.009646786000000
A/atoms001.POSCAR,0.400000000000000,6,6,15,16,16,256,4,4,4,1235.538832620690300,0.009851868000000
A/atoms001.POSCAR,0.400000000000000,6,6,16,16,16,256,4,4,4,1241.150406647276441,0.009895559000000
A/atoms001.POSCAR,0.400000000000000,6,6,17,16,16,256,4,4,4,1243.623507603545477,0.009658592000000
A/atoms001.POSCAR,0.400000000000000,6,6,18,16,16,256,4,4,4,1243.909738444852792,0.009779563000000
A/atoms001.POSCAR,0.400000000000000,6,6,19,16,16,256,4,4,4,1244.243137393334564,0.009585660000000
A/atoms001.POSCAR,0.400000000000000,6,6,20,16,16,256,4,4,4,1244.752562955636222,0.009649139000000
A/atoms001.POSCAR,0.400000000000000,6,6,21,16,16,256,4,4,4,1245.928024162118163,0.009717760000000
A/atoms001.POSCAR,0.400000000000000,6,6,22,16,16,256,4,4,4,1246.084574055367511,0.009622340000000
A/atoms001.POSCAR,0.400000000000000,6,6,23,16,16,256,4,4,4,1246.552978775217298,0.009805736000000
A/atoms001.POSCAR,0.400000000000000,6,6,24,16,16,256,4,4,4,1246.490371194596719,0.009630432000000
A/atoms001.POSCAR,0.400000000000000,6,6,25,16,16,256,4,4,4,1246.525081918983233,0.009661694000000
A/atoms001.POSCAR,0.400000000000000,6,6,26,16,16,256,4,4,4,1246.541202721619584,0.009728662000000
A/atoms001.POSCAR,0.400000000000000,6,6,27,16,16,256,4,4,4,1246.627504105689013,0.009677176000000
A/atoms001.POSCAR,0.400000000000000,6,6,28,16,16,256,4,4,4,1246.574632949406123,0.009668812000000
A/atoms001.POSCAR,0.400000000000000,6,6,29,16,16,256,4,4,4,1246.653823174516447,0.009530276000000
A/atoms001.POSCAR,0.400000000000000,6,6,30,16,16,256,4,4,4,1246.616280905056328,0.009720344000000
A/atoms001.POSCAR,0.400000000000000,6,6,31,16,16,256,4,4,4,1246.629180645179531,0.009710814000000
A/atoms001.POSCAR,0.400000000000000,6,6,32,16,16,256,4,4,4,1246.628185306845126,0.009690795000000
A/atoms001.POSCAR,0.400000000000000,6,6,33,16,16,256,4,4,4,1246.639836953388112,0.009724641000000
A/atoms001.POSCAR,0.400000000000000,6,6,34,16,16,256,4,4,4,1246.606727627932514,0.009734711000000
A/atoms001.POSCAR,0.400000000000000,6,6,35,16,16,256,4,4,4,1246.666858330541345,0.009969990000000
A/atoms001.POSCAR,0.400000000000000,6,6,36,16,16,256,4,4,4,1246.585690319315972,0.009628286000000
A/atoms001.POSCAR,0.400000000000000,6,6,37,16,16,256,4,4,4,1246.676001241523409,0.009771238000000
A/atoms001.POSCAR,0.400000000000000,6,6,38,16,16,256,4,4,4,1246.591902760762423,0.009708773000000
A/atoms001.POSCAR,0.400000000000000,6,6,39,16,16,256,4,4,4,1246.657176765562554,0.009709729000000
A/atoms001.POSCAR,0.400000000000000,6,6,40,16,16,256,4,4,4,1246.616148026299015,0.009724022000000
A/atoms001.POSCAR,0.400000000000000,6,6,41,16,16,256,4,4,4,1246.635963090085397,0.009584981000000
A/atoms001.POSCAR,0.400000000000000,6,6,42,16,16,256,4,4,4,1246.629386376502225,0.009950562000000
A/atoms001.POSCAR,0.400000000000000,6,6,43,16,16,256,4,4,4,1246.630554038987157,0.009918134000000
A/atoms001.POSCAR,0.400000000000000,6,6,44,16,16,256,4,4,4,1246.630473468217360,0.009861273000000
A/atoms001.POSCAR,0.400000000000000,6,6,45,16,16,256,4,4,4,1246.630497934937011,0.009831340000000
A/atoms001.POSCAR,0.400000000000000,6,6,46,16,16,256,4,4,4,1246.630302710401111,0.009814242000000
A/atoms001.POSCAR,0.400000000000000,6,6,47,16,16,256,4,4,4,1246.632139909544321,0.009776332000000
A/atoms001.POSCAR,0.400000000000000,6,6,48,16,16,256,4,4,4,1246.626094003286880,0.009830783000000
A/atoms001.POSCAR,0.400000000000000,6,6,49,16,16,256,4,4,4,1246.638127992800946,0.009733881000000
A/atoms001.POSCAR,0.400000000000000,6,6,50,16,16,256,4,4,4,1246.620845866612399,0.009685518000000
A/atoms001.POSCAR,0.400000000000000,6,6,51,16,16,256,4,4,4,1246.640078833164353,0.010010654000000
A/atoms001.POSCAR,0.400000000000000,6,6,52,16,16,256,4,4,4,1246.623069160301384,0.010113708000000
A/atoms001.POSCAR,0.400000000000000,6,6,53,16,16,256,4,4,4,1246.634936137750856,0.010519100000000
A/atoms001.POSCAR,0.400000000000000,6,6,54,16,16,256,4,4,4,1246.628701525176439,0.009896731000000
A/atoms001.POSCAR,0.400000000000000,6,6,55,16,16,256,4,4,4,1246.630927054763106,0.009803194000000
A/atoms001.POSCAR,0.400000000000000,6,6,56,16,16,256,4,4,4,1246.630279305595423,0.009949697000000
A/atoms001.POSCAR,0.400000000000000,6,6,57,16,16,256,4,4,4,1246.631258839993052,0.009838119000000
A/atoms001.POSCAR,0.400000000000000,6,6,58,16,16,256,4,4,4,1246.629210952299672,0.009886901000000
A/atoms001.POSCAR,0.400000000000000,6,6,59,16,16,256,4,4,4,1246.632027300409163,0.009736857000000
A/atoms001.POSCAR,0.400000000000000,6,6,60,16,16,256,4,4,4,1246.629198057295753,0.010080526000000
A/atoms001.POSCAR,0.400000000000000,6,6,61,16,16,256,4,4,4,1246.631412698094891,0.010139072000000
A/atoms001.POSCAR,0.400000000000000,6,6,62,16,16,256,4,4,4,1246.629998878630659,0.009989133000000
A/atoms001.POSCAR,0.400000000000000,6,6,63,16,16,256,4,4,4,1246.630863110722430,0.010011378000000
A/atoms001.POSCAR,0.400000000000000,6,6,64,16,16,256,4,4,4,1246.630078876180505,0.010842135000000
A/atoms001.POSCAR,0.400000000000000,6,6,65,16,16,256,4,4,4,1246.631188160397414,0.009850913000000
A/atoms001.POSCAR,0.400000000000000,6,6,66,16,16,256,4,4,4,1246.629621940644256,0.009807891000000
A/atoms001.POSCAR,0.400000000000000,6,6,67,16,16,256,4,4,4,1246.631457366005179,0.010068205000000
A/atoms001.POSCAR,0.400000000000000,6,6,68,16,16,256,4,4,4,1246.629734781224215,0.009748541000000
A/atoms001.POSCAR,0.400000000000000,6,6,69,16,16,256,4,4,4,1246.630989191613480,0.009896075000000
A/atoms001.POSCAR,0.400000000000000,6,6,70,16,16,256,4,4,4,1246.630340930807961,0.010154153000000
A/atoms001.POSCAR,0.400000000000000,6,6,71,16,16,256,4,4,4,1246.630517858580788,0.010097004000000
A/atoms001.POSCAR,0.400000000000000,6,6,72,16,16,256,4,4,4,1246.630504678263378,0.010084300000000
A/atoms001.POSCAR,0.400000000000000,6,6,73,16,16,256,4,4,4,1246.630652646663293,0.009993637000000
A/atoms001.POSCAR,0.400000000000000,6,6,74,16,16,256,4,4,4,1246.630229311563880,0.010110129000000
A/atoms001.POSCAR,0.400000000000000,6,6,75,16,16,256,4,4,4,1246.630874184994809,0.009892966000000
A/atoms001.POSCAR,0.400000000000000,6,6,76,16,16,256,4,4,4,1246.630180290860608,0.009963314000000
A/atoms001.POSCAR,0.400000000000000,6,6,77,16,16,256,4,4,4,1246.630753076203291,0.009880690000000
A/atoms001.POSCAR,0.400000000000000,6,6,78,16,16,256,4,4,4,1246.630382508497632,0.009777110000000
A/atoms001.POSCAR,0.400000000000000,6,6,79,16,16,256,4,4,4,1246.630571823086484,0.010199188000000
A/atoms001.POSCAR,0.400000000000000,6,6,80,16,16,256,4,4,4,1246.630487656462719,0.010154372000000
A/atoms001.POSCAR,0.400000000000000,6,6,81,16,16,256,4,4,4,1246.630538098370835,0.010052471000000
A/atoms001.POSCAR,0.400000000000000,6,6,82,16,16,256,4,4,4,1246.630487863415965,0.009983039000000
A/atoms001.POSCAR,0.400000000000000,6,6,83,16,16,256,4,4,4,1246.630537196633668,0.009944202000000
A/atoms001.POSCAR,0.400000000000000,6,6,84,16,16,256,4,4,4,1246.630499906749492,0.010077087000000
A/atoms001.POSCAR,0.400000000000000,6,6,85,16,16,256,4,4,4,1246.630524980428845,0.009972057000000
A/atoms001.POSCAR,0.400000000000000,6,6,86,16,16,256,4,4,4,1246.630504784683353,0.009923554000000
A/atoms001.POSCAR,0.400000000000000,6,6,87,16,16,256,4,4,4,1246.630534431551041,0.009919285000000
A/atoms001.POSCAR,0.400000000000000,6,6,88,16,16,256,4,4,4,1246.630491632174198,0.010326813000000
A/atoms001.POSCAR,0.400000000000000,6,6,89,16,16,256,4,4,4,1246.630539824441712,0.010160627000000
A/atoms001.POSCAR,0.400000000000000,6,6,90,16,16,256,4,4,4,1246.630499067174469,0.010104011000000
A/atoms001.POSCAR,0.400000000000000,6,6,91,16,16,256,4,4,4,1246.630523781700504,0.010124162000000
A/atoms001.POSCAR,0.400000000000000,6,6,92,16,16,256,4,4,4,1246.630514657261529,0.010040390000000
A/atoms001.POSCAR,0.400000000000000,6,6,93,16,16,256,4,4,4,1246.630515823576616,0.010022880000000
A/atoms001.POSCAR,0.400000000000000,6,6,94,16,16,256,4,4,4,1246.630513715159168,0.010026491000000
A/atoms001.POSCAR,0.400000000000000,6,6,95,16,16,256,4,4,4,1246.630521625344727,0.010010949000000
A/atoms001.POSCAR,0.400000000000000,6,6,96,16,16,256,4,4,4,1246.630508638836545,0.009986590000000
A/atoms001.POSCAR,0.400000000000000,6,6,97,16,16,256,4,4,4,1246.630522665961962,0.010353670000000
A/atoms001.POSCAR,0.400000000000000,6,6,98,16,16,256,4,4,4,1246.630511629283319,0.010211840000000
A/atoms001.POSCAR,0.400000000000000,6,6,99,16,16,256,4,4,4,1246.630518254762137,0.010274850000000
A/atoms001.POSCAR,0.400000000000000,6,6,100,16,16,256,4,4,4,1246.630514442662843,0.010222201000000
A/atoms001.POSCAR,0.400000000000000,6,6,101,16,16,256,4,4,4,1246.630518012353377,0.010114645000000
A/atoms001.POSCAR,0.400000000000000,6,6,102,16,16,256,4,4,4,1246.630512524540563,0.010097884000000
A/atoms001.POSCAR,0.400000000000000,6,6,103,16,16,256,4,4,4,1246.630520564391190,0.010069922000000
A/atoms001.POSCAR,0.400000000000000,6,6,104,16,16,256,4,4,4,1246.630511423356438,0.010091887000000
A/atoms001.POSCAR,0.400000000000000,6,6,105,16,16,256,4,4,4,1246.630519521126416,0.009989794000000
A/atoms001.POSCAR,0.400000000000000,6,6,106,16,16,256,4,4,4,1246.630512767349728,0.010328862000000
A/atoms001.POSCAR,0.400000000000000,6,6,107,16,16,256,4,4,4,1246.630518360117549,0.010300407000000
A/atoms001.POSCAR,0.400000000000000,6,6,108,16,16,256,4,4,4,1246.630515529076092,0.010344397000000
A/atoms001.POSCAR,0.400000000000000,6,6,109,16,16,256,4,4,4,1246.630517241567986,0.010248448000000
A/atoms001.POSCAR,0.400000000000000,6,6,110,16,16,256,4,4,4,1246.630516175921002,0.010168592000000
A/atoms001.POSCAR,0.400000000000000,6,6,111,16,16,256,4,4,4,1246.630516996696315,0.010123367000000
A/atoms001.POSCAR,0.400000000000000,6,6,112,16,16,256,4,4,4,1246.630516067574263,0.010112221000000
A/atoms001.POSCAR,0.400000000000000,6,6,113,16,16,256,4,4,4,1246.630516881657059,0.010187763000000
A/atoms001.POSCAR,0.400000000000000,6,6,114,16,16,256,4,4,4,1246.630515979245274,0.010232791000000
A/atoms001.POSCAR,0.400000000000000,6,6,115,16,16,256,4,4,4,1246.630517021940250,0.010396616000000
A/atoms001.POSCAR,0.400000000000000,6,6,116,16,16,256,4,4,4,1246.630515606090057,0.010964307000000
A/atoms001.POSCAR,0.400000000000000,6,6,117,16,16,256,4,4,4,1246.630516689152273,0.010340369000000
A/atoms001.POSCAR,0.400000000000000,6,6,118,16,16,256,4,4,4,1246.630515890811694,0.010533449000000
A/atoms001.POSCAR,0.400000000000000,6,6,119,16,16,256,4,4,4,1246.630516348586070,0.010208215000000
A/atoms001.POSCAR,0.400000000000000,6,6,120,16,16,256,4,4,4,1246.630515885453178,0.010269851000000
A/atoms001.POSCAR,0.400000000000000,6,6,121,16,16,256,4,4,4,1246.630516127002011,0.010216681000000
A/atoms001.POSCAR,0.400000000000000,6,6,122,16,16,256,4,4,4,1246.630516063103641,0.010296170000000
A/atoms001.POSCAR,0.400000000000000,6,6,123,16,16,256,4,4,4,1246.630516111209545,0.011031837000000
A/atoms001.POSCAR,0.400000000000000,6,6,124,16,16,256,4,4,4,1246.630515984041949,0.010483732000000
A/atoms001.POSCAR,0.4,6,6,4,16,16,256,4,4,4,931.119144388077643,0.010796153000000
A/atoms001.POSCAR,0.400000000000000,6,6,5,16,16,256,4,4,4,988.948602815586128,0.010296446000000
A/atoms001.POSCAR,0.400000000000000,6,6,6,16,16,256,4,4,4,992.028342181432322,0.010488363000000
A/atoms001.POSCAR,0.400000000000000,6,6,7,16,16,256,4,4,4,1021.629551910974101,0.010080904000000
A/atoms001.POSCAR,0.400000000000000,6,6,8,16,16,256,4,4,4,1079.766203687391680,0.009830766000000
A/atoms001.POSCAR,0.400000000000000,6,6,9,16,16,256,4,4,4,1157.360669922413535,0.009809152000000
A/atoms001.POSCAR,0.400000000000000,6,6,10,16,16,256,4,4,4,1195.358902746859258,0.009829346000000
A/atoms001.POSCAR,0.400000000000000,6,6,11,16,16,256,4,4,4,1213.739195842578965,0.009880839000000
A/atoms001.POSCAR,0.400000000000000,6,6,12,16,16,256,4,4,4,1214.151215082403041,0.009566243000000
A/atoms001.POSCAR,0.400000000000000,6,6,13,16,16,256,4,4,4,1217.401152676982520,0.009993466000000
A/atoms001.POSCAR,0.400000000000000,6,6,14,16,16,256,4,4,4,1225.739195027086225,0.009594627000000
A/atoms001.POSCAR,0.400000000000000,6,6,15,16,16,256,4,4,4,1235.538832620689845,0.010140758000000
A/atoms001.POSCAR,0.400000000000000,6,6,16,16,16,256,4,4,4,1241.150406647276441,0.009792756000000
A/atoms001.POSCAR,0.400000000000000,6,6,17,16,16,256,4,4,4,1243.623507603545249,0.009631365000000
A/atoms001.POSCAR,0.400000000000000,6,6,18,16,16,256,4,4,4,1243.909738444853019,0.009677630000000
A/atoms001.POSCAR,0.400000000000000,6,6,19,16,16,256,4,4,4,1244.243137393334109,0.009725875000000
A/atoms001.POSCAR,0.400000000000000,6,6,20,16,16,256,4,4,4,1244.752562955635995,0.009543799000000
A/atoms001.POSCAR,0.400000000000000,6,6,21,16,16,256,4,4,4,1245.928024162117936,0.009801144000000
A/atoms001.POSCAR,0.400000000000000,6,6,22,16,16,256,4,4,4,1246.084574055367284,0.009556055000000
A/atoms001.POSCAR,0.400000000000000,6,6,23,16,16,256,4,4,4,1246.552978775217753,0.009678928000000
A/atoms001.POSCAR,0.400000000000000,6,6,24,16,16,256,4,4,4,1246.490371194596491,0.009767473000000
A/atoms001.POSCAR,0.400000000000000,6,6,25,16,16,256,4,4,4,1246.525081918983233,0.009564799000000
A/atoms001.POSCAR,0.400000000000000,6,6,26,16,16,256,4,4,4,1246.541202721619129,0.009698412000000
A/atoms001.POSCAR,0.400000000000000,6,6,27,16,16,256,4,4,4,1246.627504105689468,0.009605525000000
A/atoms001.POSCAR,0.400000000000000,6,6,28,16,16,256,4,4,4,1246.574632949405668,0.009752823000000
A/atoms001.POSCAR,0.400000000000000,6,6,29,16,16,256,4,4,4,1246.653823174515992,0.009714305000000
A/atoms001.POSCAR,0.400000000000000,6,6,30,16,16,256,4,4,4,1246.616280905056101,0.009657166000000
A/atoms001.POSCAR,0.400000000000000,6,6,31,16,16,256,4,4,4,1246.629180645180668,0.009731346000000
A/atoms001.POSCAR,0.400000000000000,6,6,32,16,16,256,4,4,4,1246.628185306844216,0.009841706000000
A/atoms001.POSCAR,0.400000000000000,6,6,33,16,16,256,4,4,4,1246.639836953387885,0.009998160000000
A/atoms001.POSCAR,0.400000000000000,6,6,34,16,16,256,4,4,4,1246.606727627931605,0.009701833000000
A/atoms001.POSCAR,0.400000000000000,6,6,35,16,16,256,4,4,4,1246.666858330540663,0.009854328000000
A/atoms001.POSCAR,0.400000000000000,6,6,36,16,16,256,4,4,4,1246.585690319315518,0.010003063000000
A/atoms001.POSCAR,0.400000000000000,6,6,37,16,16,256,4,4,4,1246.676001241522954,0.009758452000000
A/atoms001.POSCAR,0.400000000000000,6,6,38,16,16,256,4,4,4,1246.591902760763105,0.009723303000000
A/atoms001.POSCAR,0.400000000000000,6,6,39,16,16,256,4,4,4,1246.657176765562554,0.009731784000000
A/atoms001.POSCAR,0.400000000000000,6,6,40,16,16,256,4,4,4,1246.616148026299015,0.009733557000000
A/atoms001.POSCAR,0.400000000000000,6,6,41,16,16,256,4,4,4,1246.635963090085625,0.010012843000000
A/atoms001.POSCAR,0.400000000000000,6,6,42,16,16,256,4,4,4,1246.629386376501770,0.009896317000000
A/atoms001.POSCAR,0.400000000000000,6,6,43,16,16,256,4,4,4,1246.630554038986475,0.009936392000000
A/atoms001.POSCAR,0.400000000000000,6,6,44,16,16,256,4,4,4,1246.630473468216906,0.009823740000000
A/atoms001.POSCAR,0.400000000000000,6,6,45,16,16,256,4,4,4,1246.630497934937239,0.009879307000000
A/atoms001.POSCAR,0.400000000000000,6,6,46,16,16,256,4,4,4,1246.630302710401793,0.010115830000000
A/atoms001.POSCAR,0.400000000000000,6,6,47,16,16,256,4,4,4,1246.632139909544776,0.009866581000000
A/atoms001.POSCAR,0.400000000000000,6,6,48,16,16,256,4,4,4,1246.626094003287790,0.009710115000000
A/atoms001.POSCAR,0.400000000000000,6,6,49,16,16,256,4,4,4,1246.638127992799809,0.009821402000000
A/atoms001.POSCAR,0.400000000000000,6,6,50,16,16,256,4,4,4,1246.620845866613308,0.010013929000000
A/atoms001.POSCAR,0.400000000000000,6,6,51,16,16,256,4,4,4,1246.640078833165262,0.010058199000000
A/atoms001.POSCAR,0.400000000000000,6,6,52,16,16,256,4,4,4,1246.623069160300929,0.010056880000000
A/atoms001.POSCAR,0.400000000000000,6,6,53,16,16,256,4,4,4,1246.634936137751083,0.009945407000000
A/atoms001.POSCAR,0.400000000000000,6,6,54,16,16,256,4,4,4,1246.628701525176666,0.010899293000000
A/atoms001.POSCAR,0.400000000000000,6,6,55,16,16,256,4,4,4,1246.630927054763561,0.009850140000000
A/atoms001.POSCAR,0.400000000000000,6,6,56,16,16,256,4,4,4,1246.630279305594968,0.010036163000000
A/atoms001.POSCAR,0.400000000000000,6,6,57,16,16,256,4,4,4,1246.631258839993507,0.009729276000000
A/atoms001.POSCAR,0.400000000000000,6,6,58,16,16,256,4,4,4,1246.629210952299900,0.009817560000000
A/atoms001.POSCAR,0.400000000000000,6,6,59,16,16,256,4,4,4,1246.632027300409391,0.009725153000000
A/atoms001.POSCAR,0.400000000000000,6,6,60,16,16,256,4,4,4,1246.629198057295298,0.010098090000000
A/atoms001.POSCAR,0.400000000000000,6,6,61,16,16,256,4,4,4,1246.631412698095119,0.010102869000000
A/atoms001.POSCAR,0.400000000000000,6,6,62,16,16,256,4,4,4,1246.629998878630886,0.010039685000000
A/atoms001.POSCAR,0.400000000000000,6,6,63,16,16,256,4,4,4,1246.630863110722430,0.009922903000000
A/atoms001.POSCAR,0.400000000000000,6,6,64,16,16,256,4,4,4,1246.630078876180733,0.009920757000000
A/atoms001.POSCAR,0.400000000000000,6,6,65,16,16,256,4,4,4,1246.631188160397414,0.009925281000000
A/atoms001.POSCAR,0.400000000000000,6,6,66,16,16,256,4,4,4,1246.629621940643574,0.010491757000000
A/atoms001.POSCAR,0.400000000000000,6,6,67,16,16,256,4,4,4,1246.631457366004724,0.009784431000000
A/atoms001.POSCAR,0.400000000000000,6,6,68,16,16,256,4,4,4,1246.629734781223533,0.009811642000000
A/atoms001.POSCAR,0.400000000000000,6,6,69,16,16,256,4,4,4,1246.630989191613480,0.010209616000000
A/atoms001.POSCAR,0.400000000000000,6,6,70,16,16,256,4,4,4,1246.630340930807051,0.010172523000000
A/atoms001.POSCAR,0.400000000000000,6,6,71,16,16,256,4,4,4,1246.630517858581243,0.009993366000000
A/atoms001.POSCAR,0.400000000000000,6,6,72,16,16,256,4,4,4,1246.630504678264515,0.010044923000000
A/atoms001.POSCAR,0.400000000000000,6,6,73,16,16,256,4,4,4,1246.630652646663748,0.009904692000000
A/atoms001.POSCAR,0.400000000000000,6,6,74,16,16,256,4,4,4,1246.630229311564108,0.009942742000000
A/atoms001.POSCAR,0.400000000000000,6,6,75,16,16,256,4,4,4,1246.630874184995719,0.009915175000000
A/atoms001.POSCAR,0.400000000000000,6,6,76,16,16,256,4,4,4,1246.630180290860608,0.009908777000000
A/atoms001.POSCAR,0.400000000000000,6,6,77,16,16,256,4,4,4,1246.630753076202836,0.010407466000000
A/atoms001.POSCAR,0.400000000000000,6,6,78,16,16,256,4,4,4,1246.630382508498997,0.010265939000000
A/atoms001.POSCAR,0.400000000000000,6,6,79,16,16,256,4,4,4,1246.630571823086484,0.010208240000000
A/atoms001.POSCAR,0.400000000000000,6,6,80,16,16,256,4,4,4,1246.630487656462947,0.010101755000000
A/atoms001.POSCAR,0.400000000000000,6,6,81,16,16,256,4,4,4,1246.630538098370380,0.010109541000000
A/atoms001.POSCAR,0.400000000000000,6,6,82,16,16,256,4,4,4,1246.630487863415510,0.010018432000000
A/atoms001.POSCAR,0.400000000000000,6,6,83,16,16,256,4,4,4,1246.630537196632986,0.009936287000000
A/atoms001.POSCAR,0.400000000000000,6,6,84,16,16,256,4,4,4,1246.630499906749492,0.009925550000000
A/atoms001.POSCAR,0.400000000000000,6,6,85,16,16,256,4,4,4,1246.630524980428618,0.009945995000000
A/atoms001.POSCAR,0.400000000000000,6,6,86,16,16,256,4,4,4,1246.630504784683353,0.009876489000000
A/atoms001.POSCAR,0.400000000000000,6,6,87,16,16,256,4,4,4,1246.630534431549904,0.010331524000000
A/atoms001.POSCAR,0.400000000000000,6,6,88,16,16,256,4,4,4,1246.630491632173971,0.010272410000000
A/atoms001.POSCAR,0.400000000000000,6,6,89,16,16,256,4,4,4,1246.630539824442167,0.010222541000000
A/atoms001.POSCAR,0.400000000000000,6,6,90,16,16,256,4,4,4,1246.630499067174469,0.010182161000000
A/atoms001.POSCAR,0.400000000000000,6,6,91,16,16,256,4,4,4,1246.630523781700504,0.010061866000000
A/atoms001.POSCAR,0.400000000000000,6,6,92,16,16,256,4,4,4,1246.630514657261301,0.009988875000000
A/atoms001.POSCAR,0.400000000000000,6,6,93,16,16,256,4,4,4,1246.630515823576161,0.009996958000000
A/atoms001.POSCAR,0.400000000000000,6,6,94,16,16,256,4,4,4,1246.630513715159395,0.009962454000000
A/atoms001.POSCAR,0.400000000000000,6,6,95,16,16,256,4,4,4,1246.630521625344272,0.010120346000000
A/atoms001.POSCAR,0.400000000000000,6,6,96,16,16,256,4,4,4,1246.630508638835408,0.010190936000000
A/atoms001.POSCAR,0.400000000000000,6,6,97,16,16,256,4,4,4,1246.630522665962644,0.010299366000000
A/atoms001.POSCAR,0.400000000000000,6,6,98,16,16,256,4,4,4,1246.630511629283774,0.010254765000000
A/atoms001.POSCAR,0.400000000000000,6,6,99,16,16,256,4,4,4,1246.630518254762592,0.010203838000000
A/atoms001.POSCAR,0.400000000000000,6,6,100,16,16,256,4,4,4,1246.630514442662161,0.010124677000000
A/atoms001.POSCAR,0.400000000000000,6,6,101,16,16,256,4,4,4,1246.630518012354742,0.010068133000000
A/atoms001.POSCAR,0.400000000000000,6,6,102,16,16,256,4,4,4,1246.630512524541473,0.010098174000000
A/atoms001.POSCAR,0.400000000000000,6,6,103,16,16,256,4,4,4,1246.630520564391645,0.010032321000000
A/atoms001.POSCAR,0.400000000000000,6,6,104,16,16,256,4,4,4,1246.630511423356893,0.010096731000000
A/atoms001.POSCAR,0.400000000000000,6,6,105,16,16,256,4,4,4,1246.630519521126871,0.010336713000000
A/atoms001.POSCAR,0.400000000000000,6,6,106,16,16,256,4,4,4,1246.630512767350638,0.010390891000000
A/atoms001.POSCAR,0.400000000000000,6,6,107,16,16,256,4,4,4,1246.630518360116866,0.010336950000000
A/atoms001.POSCAR,0.400000000000000,6,6,108,16,16,256,4,4,4,1246.630515529076774,0.010275508000000
A/atoms001.POSCAR,0.400000000000000,6,6,109,16,16,256,4,4,4,1246.630517241567532,0.010282208000000
A/atoms001.POSCAR,0.400000000000000,6,6,110,16,16,256,4,4,4,1246.630516175921457,0.010145322000000
A/atoms001.POSCAR,0.400000000000000,6,6,111,16,16,256,4,4,4,1246.630516996696542,0.010216782000000
A/atoms001.POSCAR,0.400000000000000,6,6,112,16,16,256,4,4,4,1246.630516067574263,0.010218718000000
A/atoms001.POSCAR,0.400000000000000,6,6,113,16,16,256,4,4,4,1246.630516881657059,0.011433301000000
A/atoms001.POSCAR,0.400000000000000,6,6,114,16,16,256,4,4,4,1246.630515979245274,0.010430714000000
A/atoms001.POSCAR,0.400000000000000,6,6,115,16,16,256,4,4,4,1246.630517021940477,0.010588933000000
A/atoms001.POSCAR,0.400000000000000,6,6,116,16,16,256,4,4,4,1246.630515606090512,0.010387925000000
A/atoms001.POSCAR,0.400000000000000,6,6,117,16,16,256,4,4,4,1246.630516689152273,0.010370912000000
A/atoms001.POSCAR,0.400000000000000,6,6,118,16,16,256,4,4,4,1246.630515890811694,0.010289410000000
A/atoms001.POSCAR,0.400000000000000,6,6,119,16,16,256,4,4,4,1246.630516348586070,0.010257643000000
A/atoms001.POSCAR,0.400000000000000,6,6,120,16,16,256,4,4,4,1246.630515885453633,0.010284909000000
A/atoms001.POSCAR,0.400000000000000,6,6,121,16,16,256,4,4,4,1246.630516127001783,0.010168577000000
A/atoms001.POSCAR,0.400000000000000,6,6,122,16,16,256,4,4,4,1246.630516063102277,0.010098965000000
A/atoms001.POSCAR,0.400000000000000,6,6,123,16,16,256,4,4,4,1246.630516111208863,0.010032240000000
A/atoms001.POSCAR,0.400000000000000,6,6,124,16,16,256,4,4,4,1246.630515984040812,0.010567327000000
A/atoms001.POSCAR,0.4,6,6,4,16,16,256,4,4,4,931.119144388077643,0.014608097000000
A/atoms001.POSCAR,0.400000000000000,6,6,5,16,16,256,4,4,4,988.948602815586128,0.010716636000000
A/atoms001.POSCAR,0.400000000000000,6,6,6,16,16,256,4,4,4,992.028342181432322,0.010161504000000
A/atoms001.POSCAR,0.400000000000000,6,6,7,16,16,256,4,4,4,1021.629551910974101,0.010013963000000
A/atoms001.POSCAR,0.400000000000000,6,6,8,16,16,256,4,4,4,1079.766203687391453,0.010056418000000
A/atoms001.POSCAR,0.400000000000000,6,6,9,16,16,256,4,4,4,1157.360669922413081,0.010489667000000
A/atoms001.POSCAR,0.400000000000000,6,6,10,16,16,256,4,4,4,1195.358902746859258,0.009562546000000
A/atoms001.POSCAR,0.400000000000000,6,6,11,16,16,256,4,4,4,1213.739195842579420,0.009750588000000
A/atoms001.POSCAR,0.400000000000000,6,6,12,16,16,256,4,4,4,1214.151215082402814,0.009901310000000
A/atoms001.POSCAR,0.400000000000000,6,6,13,16,16,256,4,4,4,1217.401152676983202,0.010209175000000
A/atoms001.POSCAR,0.400000000000000,6,6,14,16,16,256,4,4,4,1225.739195027085771,0.010015159000000
A/atoms001.POSCAR,0.400000000000000,6,6,15,16,16,256,4,4,4,1235.538832620690528,0.009527562000000
A/atoms001.POSCAR,0.400000000000000,6,6,16,16,16,256,4,4,4,1241.150406647276441,0.009809200000000
A/atoms001.POSCAR,0.400000000000000,6,6,17,16,16,256,4,4,4,1243.623507603546159,0.009797231000000
A/atoms001.POSCAR,0.400000000000000,6,6,18,16,16,256,4,4,4,1243.909738444852337,0.009733343000000
A/atoms001.POSCAR,0.400000000000000,6,6,19,16,16,256,4,4,4,1244.243137393334109,0.009674032000000
A/atoms001.POSCAR,0.400000000000000,6,6,20,16,16,256,4,4,4,1244.752562955635767,0.009778234000000
A/atoms001.POSCAR,0.400000000000000,6,6,21,16,16,256,4,4,4,1245.928024162118163,0.009541555000000
A/atoms001.POSCAR,0.400000000000000,6,6,22,16,16,256,4,4,4,1246.084574055367284,0.009969098000000
A/atoms001.POSCAR,0.400000000000000,6,6,23,16,16,256,4,4,4,1246.552978775217525,0.009572163000000
A/atoms001.POSCAR,0.400000000000000,6,6,24,16,16,256,4,4,4,1246.490371194596719,0.009615227000000
A/atoms001.POSCAR,0.400000000000000,6,6,25,16,16,256,4,4,4,1246.525081918982778,0.010100358000000
A/atoms001.POSCAR,0.400000000000000,6,6,26,16,16,256,4,4,4,1246.541202721618902,0.009864839000000
A/atoms001.POSCAR,0.400000000000000,6,6,27,16,16,256,4,4,4,1246.627504105689241,0.010179953000000
A/atoms001.POSCAR,0.400000000000000,6,6,28,16,16,256,4,4,4,1246.574632949405895,0.009627988000000
A/atoms001.POSCAR,0.400000000000000,6,6,29,16,16,256,4,4,4,1246.653823174515537,0.009833306000000
A/atoms001.POSCAR,0.400000000000000,6,6,30,16,16,256,4,4,4,1246.616280905056101,0.010059343000000
A/atoms001.POSCAR,0.400000000000000,6,6,31,16,16,256,4,4,4,1246.629180645179304,0.009861660000000
A/atoms001.POSCAR,0.400000000000000,6,6,32,16,16,256,4,4,4,1246.628185306844671,0.010125996000000
A/atoms001.POSCAR,0.400000000000000,6,6,33,16,16,256,4,4,4,1246.639836953387885,0.009930156000000
A/atoms001.POSCAR,0.400000000000000,6,6,34,16,16,256,4,4,4,1246.606727627932059,0.009786710000000
A/atoms001.POSCAR,0.400000000000000,6,6,35,16,16,256,4,4,4,1246.666858330541118,0.009984551000000
A/atoms001.POSCAR,0.400000000000000,6,6,36,16,16,256,4,4,4,1246.585690319315745,0.010067216000000
A/atoms001.POSCAR,0.400000000000000,6,6,37,16,16,256,4,4,4,1246.676001241522727,0.009880346000000
A/atoms001.POSCAR,0.400000000000000,6,6,38,16,16,256,4,4,4,1246.591902760762423,0.010032723000000
A/atoms001.POSCAR,0.400000000000000,6,6,39,16,16,256,4,4,4,1246.657176765562554,0.010172878000000
A/atoms001.POSCAR,0.400000000000000,6,6,40,16,16,256,4,4,4,1246.616148026298788,0.010456771000000
A/atoms001.POSCAR,0.400000000000000,6,6,41,16,16,256,4,4,4,1246.635963090085170,0.009763223000000
A/atoms001.POSCAR,0.400000000000000,6,6,42,16,16,256,4,4,4,1246.629386376501770,0.009836739000000
A/atoms001.POSCAR,0.400000000000000,6,6,43,16,16,256,4,4,4,1246.630554038986475,0.010050382000000
A/atoms001.POSCAR,0.400000000000000,6,6,44,16,16,256,4,4,4,1246.630473468217360,0.009916596000000
A/atoms001.POSCAR,0.400000000000000,6,6,45,16,16,256,4,4,4,1246.630497934936557,0.009929916000000
A/atoms001.POSCAR,0.400000000000000,6,6,46,16,16,256,4,4,4,1246.630302710400429,0.009963326000000
A/atoms001.POSCAR,0.400000000000000,6,6,47,16,16,256,4,4,4,1246.632139909543639,0.009931093000000
A/atoms001.POSCAR,0.400000000000000,6,6,48,16,16,256,4,4,4,1246.626094003286880,0.010124414000000
A/atoms001.POSCAR,0.400000000000000,6,6,49,16,16,256,4,4,4,1246.638127992800491,0.009944577000000
A/atoms001.POSCAR,0.400000000000000,6,6,50,16,16,256,4,4,4,1246.620845866613536,0.009966689000000
A/atoms001.POSCAR,0.400000000000000,6,6,51,16,16,256,4,4,4,1246.640078833164353,0.009849305000000
A/atoms001.POSCAR,0.400000000000000,6,6,52,16,16,256,4,4,4,1246.623069160300702,0.009848607000000
A/atoms001.POSCAR,0.400000000000000,6,6,53,16,16,256,4,4,4,1246.634936137750628,0.009772170000000
A/atoms001.POSCAR,0.400000000000000,6,6,54,16,16,256,4,4,4,1246.628701525176666,0.009807064000000
A/atoms001.POSCAR,0.400000000000000,6,6,55,16,16,256,4,4,4,1246.630927054764015,0.009788008000000
A/atoms001.POSCAR,0.400000000000000,6,6,56,16,16,256,4,4,4,1246.630279305595650,0.009791642000000
A/atoms001.POSCAR,0.400000000000000,6,6,57,16,16,256,4,4,4,1246.631258839992142,0.009990878000000
A/atoms001.POSCAR,0.400000000000000,6,6,58,16,16,256,4,4,4,1246.629210952299672,0.010061522000000
A/atoms001.POSCAR,0.400000000000000,6,6,59,16,16,256,4,4,4,1246.632027300409391,0.009952469000000
A/atoms001.POSCAR,0.400000000000000,6,6,60,16,16,256,4,4,4,1246.629198057295298,0.009881166000000
A/atoms001.POSCAR,0.400000000000000,6,6,61,16,16,256,4,4,4,1246.631412698094664,0.010067851000000
A/atoms001.POSCAR,0.400000000000000,6,6,62,16,16,256,4,4,4,1246.629998878630431,0.009765235000000
A/atoms001.POSCAR,0.400000000000000,6,6,63,16,16,256,4,4,4,1246.630863110722657,0.009814472000000
A/atoms001.POSCAR,0.400000000000000,6,6,64,16,16,256,4,4,4,1246.630078876180278,0.009876921000000
A/atoms001.POSCAR,0.400000000000000,6,6,65,16,16,256,4,4,4,1246.631188160397414,0.009705941000000
A/atoms001.POSCAR,0.400000000000000,6,6,66,16,16,256,4,4,4,1246.629621940643574,0.009748576000000
A/atoms001.POSCAR,0.400000000000000,6,6,67,16,16,256,4,4,4,1246.631457366004270,0.010139689000000
A/atoms001.POSCAR,0.400000000000000,6,6,68,16,16,256,4,4,4,1246.629734781224670,0.010050038000000
A/atoms001.POSCAR,0.400000000000000,6,6,69,16,16,256,4,4,4,1246.630989191613025,0.010021232000000
A/atoms001.POSCAR,0.400000000000000,6,6,70,16,16,256,4,4,4,1246.630340930807733,0.009940556000000
A/atoms001.POSCAR,0.400000000000000,6,6,71,16,16,256,4,4,4,1246.630517858580561,0.010128952000000
A/atoms001.POSCAR,0.400000000000000,6,6,72,16,16,256,4,4,4,1246.630504678263605,0.009864926000000
A/atoms001.POSCAR,0.400000000000000,6,6,73,16,16,256,4,4,4,1246.630652646663293,0.009869701000000
A/atoms001.POSCAR,0.400000000000000,6,6,74,16,16,256,4,4,4,1246.630229311563880,0.009829872000000
A/atoms001.POSCAR,0.400000000000000,6,6,75,16,16,256,4,4,4,1246.630874184995491,0.009823618000000
A/atoms001.POSCAR,0.400000000000000,6,6,76,16,16,256,4,4,4,1246.630180290860608,0.010181282000000
A/atoms001.POSCAR,0.400000000000000,6,6,77,16,16,256,4,4,4,1246.630753076203291,0.013337747000000
A/atoms001.POSCAR,0.400000000000000,6,6,78,16,16,256,4,4,4,1246.630382508498542,0.010562378000000
A/atoms001.POSCAR,0.400000000000000,6,6,79,16,16,256,4,4,4,1246.630571823086484,0.010033581000000
A/atoms001.POSCAR,0.400000000000000,6,6,80,16,16,256,4,4,4,1246.630487656462265,0.009944865000000
A/atoms001.POSCAR,0.400000000000000,6,6,81,16,16,256,4,4,4,1246.630538098370607,0.010149182000000
A/atoms001.POSCAR,0.400000000000000,6,6,82,16,16,256,4,4,4,1246.630487863415965,0.009944311000000
A/atoms001.POSCAR,0.400000000000000,6,6,83,16,16,256,4,4,4,1246.630537196632304,0.011879071000000
A/atoms001.POSCAR,0.400000000000000,6,6,84,16,16,256,4,4,4,1246.630499906748810,0.010065299000000
A/atoms001.POSCAR,0.400000000000000,6,6,85,16,16,256,4,4,4,1246.630524980427936,0.010231941000000
A/atoms001.POSCAR,0.400000000000000,6,6,86,16,16,256,4,4,4,1246.630504784684035,0.010103562000000
A/atoms001.POSCAR,0.400000000000000,6,6,87,16,16,256,4,4,4,1246.630534431550132,0.010168554000000
A/atoms001.POSCAR,0.400000000000000,6,6,88,16,16,256,4,4,4,1246.630491632174198,0.010013382000000
A/atoms001.POSCAR,0.400000000000000,6,6,89,16,16,256,4,4,4,1246.630539824442621,0.010022086000000
A/atoms001.POSCAR,0.400000000000000,6,6,90,16,16,256,4,4,4,1246.630499067173560,0.009960552000000
A/atoms001.POSCAR,0.400000000000000,6,6,91,16,16,256,4,4,4,1246.630523781700049,0.010017929000000
A/atoms001.POSCAR,0.400000000000000,6,6,92,16,16,256,4,4,4,1246.630514657260846,0.009856172000000
A/atoms001.POSCAR,0.400000000000000,6,6,93,16,16,256,4,4,4,1246.630515823576843,0.009900889000000
A/atoms001.POSCAR,0.400000000000000,6,6,94,16,16,256,4,4,4,1246.630513715158486,0.010292784000000
A/atoms001.POSCAR,0.400000000000000,6,6,95,16,16,256,4,4,4,1246.630521625345182,0.010346622000000
A/atoms001.POSCAR,0.400000000000000,6,6,96,16,16,256,4,4,4,1246.630508638836318,0.010287495000000
A/atoms001.POSCAR,0.400000000000000,6,6,97,16,16,256,4,4,4,1246.630522665961735,0.009999643000000
A/atoms001.POSCAR,0.400000000000000,6,6,98,16,16,256,4,4,4,1246.630511629283092,0.010089647000000
A/atoms001.POSCAR,0.400000000000000,6,6,99,16,16,256,4,4,4,1246.630518254762364,0.009976515000000
A/atoms001.POSCAR,0.400000000000000,6,6,100,16,16,256,4,4,4,1246.630514442662616,0.010063064000000
A/atoms001.POSCAR,0.400000000000000,6,6,101,16,16,256,4,4,4,1246.630518012354287,0.010646664000000
A/atoms001.POSCAR,0.400000000000000,6,6,102,16,16,256,4,4,4,1246.630512524541473,0.009875670000000
A/atoms001.POSCAR,0.400000000000000,6,6,103,16,16,256,4,4,4,1246.630520564392100,0.010220097000000
A/atoms001.POSCAR,0.400000000000000,6,6,104,16,16,256,4,4,4,1246.630511423355756,0.010325426000000
A/atoms001.POSCAR,0.400000000000000,6,6,105,16,16,256,4,4,4,1246.630519521126416,0.010251474000000
A/atoms001.POSCAR,0.400000000000000,6,6,106,16,16,256,4,4,4,1246.630512767350183,0.010157804000000
A/atoms001.POSCAR,0.400000000000000,6,6,107,16,16,256,4,4,4,1246.630518360117549,0.010125519000000
A/atoms001.POSCAR,0.400000000000000,6,6,108,16,16,256,4,4,4,1246.630515529076320,0.010015866000000
A/atoms001.POSCAR,0.400000000000000,6,6,109,16,16,256,4,4,4,1246.630517241567532,0.010098473000000
A/atoms001.POSCAR,0.400000000000000,6,6,110,16,16,256,4,4,4,1246.630516175921002,0.010033948000000
A/atoms001.POSCAR,0.400000000000000,6,6,111,16,16,256,4,4,4,1246.630516996694496,0.010634621000000
A/atoms001.POSCAR,0.400000000000000,6,6,112,16,16,256,4,4,4,1246.630516067574035,0.010302842000000
A/atoms001.POSCAR,0.400000000000000,6,6,113,16,16,256,4,4,4,1246.630516881657513,0.010482867000000
A/atoms001.POSCAR,0.400000000000000,6,6,114,16,16,256,4,4,4,1246.630515979245047,0.010271175000000
A/atoms001.POSCAR,0.400000000000000,6,6,115,16,16,256,4,4,4,1246.630517021940477,0.010245073000000
A/atoms001.POSCAR,0.400000000000000,6,6,116,16,16,256,4,4,4,1246.630515606089830,0.010170717000000
A/atoms001.POSCAR,0.400000000000000,6,6,117,16,16,256,4,4,4,1246.630516689152728,0.010226287000000
A/atoms001.POSCAR,0.400000000000000,6,6,118,16,16,256,4,4,4,1246.630515890812148,0.010095179000000
A/atoms001.POSCAR,0.400000000000000,6,6,119,16,16,256,4,4,4,1246.630516348585616,0.010150599000000
A/atoms001.POSCAR,0.400000000000000,6,6,120,16,16,256,4,4,4,1246.630515885454088,0.010052972000000
A/atoms001.POSCAR,0.400000000000000,6,6,121,16,16,256,4,4,4,1246.630516127002011,0.010409858000000
A/atoms001.POSCAR,0.400000000000000,6,6,122,16,16,256,4,4,4,1246.630516063103414,0.010441316000000
A/atoms001.POSCAR,0.400000000000000,6,6,123,16,16,256,4,4,4,1246.630516111210000,0.010336334000000
A/atoms001.POSCAR,0.400000000000000,6,6,124,16,16,256,4,4,4,1246.630515984041494,0.010277350000000
A/atoms001.POSCAR,0.4,6,6,4,16,16,512,4,4,4,931.119253701323942,0.017861806000000
A/atoms001.POSCAR,0.400000000000000,6,6,5,16,16,512,4,4,4,988.948734451895803,0.017223136000000
A/atoms001.POSCAR,0.400000000000000,6,6,6,16,16,512,4,4,4,992.028495496076175,0.016779741000000
A/atoms001.POSCAR,0.400000000000000,6,6,7,16,16,512,4,4,4,1021.630008209729908,0.016724666000000
A/atoms001.POSCAR,0.400000000000000,6,6,8,16,16,512,4,4,4,1079.767433730300581,0.017709366000000
A/atoms001.POSCAR,0.400000000000000,6,6,9,16,16,512,4,4,4,1157.363375368410743,0.016313418000000
A/atoms001.POSCAR,0.400000000000000,6,6,10,16,16,512,4,4,4,1195.362892899735925,0.016360464000000
A/atoms001.POSCAR,0.400000000000000,6,6,11,16,16,512,4,4,4,1213.744021121722881,0.016501606000000
A/atoms001.POSCAR,0.400000000000000,6,6,12,16,16,512,4,4,4,1214.156151920971297,0.016182210000000
A/atoms001.POSCAR,0.400000000000000,6,6,13,16,16,512,4,4,4,1217.405984541824637,0.016241235000000
A/atoms001.POSCAR,0.400000000000000,6,6,14,16,16,512,4,4,4,1225.744136892352799,0.016145529000000
A/atoms001.POSCAR,0.400000000000000,6,6,15,16,16,512,4,4,4,1235.544322187513444,0.016129456000000
A/atoms001.POSCAR,0.400000000000000,6,6,16,16,16,512,4,4,4,1241.155989297733186,0.016406878000000
A/atoms001.POSCAR,0.400000000000000,6,6,17,16,16,512,4,4,4,1243.629398499433819,0.016328020000000
A/atoms001.POSCAR,0.400000000000000,6,6,18,16,16,512,4,4,4,1243.915514848320299,0.016331621000000
A/atoms001.POSCAR,0.400000000000000,6,6,19,16,16,512,4,4,4,1244.248706210935097,0.016337708000000
A/atoms001.POSCAR,0.400000000000000,6,6,20,16,16,512,4,4,4,1244.758951933732078,0.016311757000000
A/atoms001.POSCAR,0.400000000000000,6,6,21,16,16,512,4,4,4,1245.934179921168152,0.016266432000000
A/atoms001.POSCAR,0.400000000000000,6,6,22,16,16,512,4,4,4,1246.091613232482132,0.016286917000000
A/atoms001.POSCAR,0.400000000000000,6,6,23,16,16,512,4,4,4,1246.559901243637341,0.016239445000000
A/atoms001.POSCAR,0.400000000000000,6,6,24,16,16,512,4,4,4,1246.497452061066042,0.016295380000000
A/atoms001.POSCAR,0.400000000000000,6,6,25,16,16,512,4,4,4,1246.532143616823532,0.016540384000000
A/atoms001.POSCAR,0.400000000000000,6,6,26,16,16,512,4,4,4,1246.548319716597007,0.016209060000000
A/atoms001.POSCAR,0.400000000000000,6,6,27,16,16,512,4,4,4,1246.634542608387164,0.016397625000000
A/atoms001.POSCAR,0.400000000000000,6,6,28,16,16,512,4,4,4,1246.581737579782612,0.016215232000000
A/atoms001.POSCAR,0.400000000000000,6,6,29,16,16,512,4,4,4,1246.660980568927926,0.016486797000000
A/atoms001.POSCAR,0.400000000000000,6,6,30,16,16,512,4,4,4,1246.623312828754251,0.016754540000000
A/atoms001.POSCAR,0.400000000000000,6,6,31,16,16,512,4,4,4,1246.636293597850454,0.016460412000000
A/atoms001.POSCAR,0.400000000000000,6,6,32,16,16,512,4,4,4,1246.635434244356929,0.016392178000000
A/atoms001.POSCAR,0.400000000000000,6,6,33,16,16,512,4,4,4,1246.646619182987706,0.016490160000000
A/atoms001.POSCAR,0.400000000000000,6,6,34,16,16,512,4,4,4,1246.614328762811056,0.016425201000000
A/atoms001.POSCAR,0.400000000000000,6,6,35,16,16,512,4,4,4,1246.673392799956218,0.016421209000000
A/atoms001.POSCAR,0.400000000000000,6,6,36,16,16,512,4,4,4,1246.593362120397842,0.016575039000000
A/atoms001.POSCAR,0.400000000000000,6,6,37,16,16,512,4,4,4,1246.682664679298341,0.016424980000000
A/atoms001.POSCAR,0.400000000000000,6,6,38,16,16,512,4,4,4,1246.599289272558963,0.016348121000000
A/atoms001.POSCAR,0.400000000000000,6,6,39,16,16,512,4,4,4,1246.664187884575995,0.016357947000000
A/atoms001.POSCAR,0.400000000000000,6,6,40,16,16,512,4,4,4,1246.623236655042774,0.016594767000000
A/atoms001.POSCAR,0.400000000000000,6,6,41,16,16,512,4,4,4,1246.643141720655649,0.016411237000000
A/atoms001.POSCAR,0.400000000000000,6,6,42,16,16,512,4,4,4,1246.636449613136620,0.016491640000000
A/atoms001.POSCAR,0.400000000000000,6,6,43,16,16,512,4,4,4,1246.637674715295361,0.016592262000000
A/atoms001.POSCAR,0.400000000000000,6,6,44,16,16,512,4,4,4,1246.637594176190532,0.016485315000000
A/atoms001.POSCAR,0.400000000000000,6,6,45,16,16,512,4,4,4,1246.637608928535201,0.016314854000000
A/atoms001.POSCAR,0.400000000000000,6,6,46,16,16,512,4,4,4,1246.637407705791020,0.016466911000000
A/atoms001.POSCAR,0.400000000000000,6,6,47,16,16,512,4,4,4,1246.639222335272052,0.016480625000000
A/atoms001.POSCAR,0.400000000000000,6,6,48,16,16,512,4,4,4,1246.633327370437655,0.016592998000000
A/atoms001.POSCAR,0.400000000000000,6,6,49,16,16,512,4,4,4,1246.644993904582861,0.016459155000000
A/atoms001.POSCAR,0.400000000000000,6,6,50,16,16,512,4,4,4,1246.628301658117607,0.016437517000000
A/atoms001.POSCAR,0.400000000000000,6,6,51,16,16,512,4,4,4,1246.646820595226927,0.016450147000000
A/atoms001.POSCAR,0.400000000000000,6,6,52,16,16,512,4,4,4,1246.630488859622801,0.016442968000000
A/atoms001.POSCAR,0.400000000000000,6,6,53,16,16,512,4,4,4,1246.641859292077697,0.016343509000000
A/atoms001.POSCAR,0.400000000000000,6,6,54,16,16,512,4,4,4,1246.635872021878413,0.016508417000000
A/atoms001.POSCAR,0.400000000000000,6,6,55,16,16,512,4,4,4,1246.638074114210212,0.016679032000000
A/atoms001.POSCAR,0.400000000000000,6,6,56,16,16,512,4,4,4,1246.637314987904119,0.016630876000000
A/atoms001.POSCAR,0.400000000000000,6,6,57,16,16,512,4,4,4,1246.638435352846273,0.016577355000000
A/atoms001.POSCAR,0.400000000000000,6,6,58,16,16,512,4,4,4,1246.636300214211587,0.018650580000000
A/atoms001.POSCAR,0.400000000000000,6,6,59,16,16,512,4,4,4,1246.639108519562114,0.016313330000000
A/atoms001.POSCAR,0.400000000000000,6,6,60,16,16,512,4,4,4,1246.636379200532019,0.016706711000000
A/atoms001.POSCAR,0.400000000000000,6,6,61,16,16,512,4,4,4,1246.638446178918002,0.016277501000000
A/atoms001.POSCAR,0.400000000000000,6,6,62,16,16,512,4,4,4,1246.637154822725279,0.016655587000000
A/atoms001.POSCAR,0.400000000000000,6,6,63,16,16,512,4,4,4,1246.638001104116029,0.016559132000000
A/atoms001.POSCAR,0.400000000000000,6,6,64,16,16,512,4,4,4,1246.637074967094804,0.016797786000000
A/atoms001.POSCAR,0.400000000000000,6,6,65,16,16,512,4,4,4,1246.638491262627213,0.016578704000000
A/atoms001.POSCAR,0.400000000000000,6,6,66,16,16,512,4,4,4,1246.636504331735523,0.016423696000000
A/atoms001.POSCAR,0.400000000000000,6,6,67,16,16,512,4,4,4,1246.638785528660037,0.016739428000000
A/atoms001.POSCAR,0.400000000000000,6,6,68,16,16,512,4,4,4,1246.636681415175190,0.017077932000000
A/atoms001.POSCAR,0.400000000000000,6,6,69,16,16,512,4,4,4,1246.638197521221400,0.019118338000000
A/atoms001.POSCAR,0.400000000000000,6,6,70,16,16,512,4,4,4,1246.637414142000807,0.016412468000000
A/atoms001.POSCAR,0.400000000000000,6,6,71,16,16,512,4,4,4,1246.637633277210398,0.016589699000000
A/atoms001.POSCAR,0.400000000000000,6,6,72,16,16,512,4,4,4,1246.637619597044704,0.016597229000000
A/atoms001.POSCAR,0.400000000000000,6,6,73,16,16,512,4,4,4,1246.637772182110439,0.016845208000000
A/atoms001.POSCAR,0.400000000000000,6,6,74,16,16,512,4,4,4,1246.637312732277223,0.016516449000000
A/atoms001.POSCAR,0.400000000000000,6,6,75,16,16,512,4,4,4,1246.638032137888786,0.016614648000000
A/atoms001.POSCAR,0.400000000000000,6,6,76,16,16,512,4,4,4,1246.637234387353828,0.016584259000000
A/atoms001.POSCAR,0.400000000000000,6,6,77,16,16,512,4,4,4,1246.637921522957186,0.016536314000000
A/atoms001.POSCAR,0.400000000000000,6,6,78,16,16,512,4,4,4,1246.637448265467810,0.016559158000000
A/atoms001.POSCAR,0.400000000000000,6,6,79,16,16,512,4,4,4,1246.637710103213976,0.016792880000000
A/atoms001.POSCAR,0.400000000000000,6,6,80,16,16,512,4,4,4,1246.637591967753679,0.016808153000000
A/atoms001.POSCAR,0.400000000000000,6,6,81,16,16,512,4,4,4,1246.637642815400795,0.016764953000000
A/atoms001.POSCAR,0.400000000000000,6,6,82,16,16,512,4,4,4,1246.637610177750503,0.016560909000000
A/atoms001.POSCAR,0.400000000000000,6,6,83,16,16,512,4,4,4,1246.637641621114426,0.016631673000000
A/atoms001.POSCAR,0.400000000000000,6,6,84,16,16,512,4,4,4,1246.637612128397450,0.016616160000000
A/atoms001.POSCAR,0.400000000000000,6,6,85,16,16,512,4,4,4,1246.637637876769304,0.016705883000000
A/atoms001.POSCAR,0.400000000000000,6,6,86,16,16,512,4,4,4,1246.637619253902358,0.016645169000000
A/atoms001.POSCAR,0.400000000000000,6,6,87,16,16,512,4,4,4,1246.637634140114642,0.016675854000000
A/atoms001.POSCAR,0.400000000000000,6,6,88,16,16,512,4,4,4,1246.637622275995000,0.016702676000000
A/atoms001.POSCAR,0.400000000000000,6,6,89,16,16,512,4,4,4,1246.637630872779255,0.021039448000000
A/atoms001.POSCAR,0.400000000000000,6,6,90,16,16,512,4,4,4,1246.637624717356175,0.016919079000000
A/atoms001.POSCAR,0.400000000000000,6,6,91,16,16,512,4,4,4,1246.637631496226277,0.016481525000000
A/atoms001.POSCAR,0.400000000000000,6,6,92,16,16,512,4,4,4,1246.637620256745549,0.016580617000000
A/atoms001.POSCAR,0.400000000000000,6,6,93,16,16,512,4,4,4,1246.637637880542343,0.016474850000000
A/atoms001.POSCAR,0.400000000000000,6,6,94,16,16,512,4,4,4,1246.637615534753877,0.016689713000000
A/atoms001.POSCAR,0.400000000000000,6,6,95,16,16,512,4,4,4,1246.637638228106653,0.016698595000000
A/atoms001.POSCAR,0.400000000000000,6,6,96,16,16,512,4,4,4,1246.637619579016928,0.017056934000000
A/atoms001.POSCAR,0.400000000000000,6,6,97,16,16,512,4,4,4,1246.637632243515100,0.016908982000000
A/atoms001.POSCAR,0.400000000000000,6,6,98,16,16,512,4,4,4,1246.637624655674699,0.016832090000000
A/atoms001.POSCAR,0.400000000000000,6,6,99,16,16,512,4,4,4,1246.637630089167942,0.036241429000000
A/atoms001.POSCAR,0.400000000000000,6,6,100,16,16,512,4,4,4,1246.637623682337335,0.020348856000000
A/atoms001.POSCAR,0.400000000000000,6,6,101,16,16,512,4,4,4,1246.637632341219842,0.016569771000000
A/atoms001.POSCAR,0.400000000000000,6,6,102,16,16,512,4,4,4,1246.637621478272195,0.016637472000000
A/atoms001.POSCAR,0.400000000000000,6,6,103,16,16,512,4,4,4,1246.637633204523581,0.016880095000000
A/atoms001.POSCAR,0.400000000000000,6,6,104,16,16,512,4,4,4,1246.637623067123286,0.016800722000000
A/atoms001.POSCAR,0.400000000000000,6,6,105,16,16,512,4,4,4,1246.637629994655754,0.016880118000000
A/atoms001.POSCAR,0.400000000000000,6,6,106,16,16,512,4,4,4,1246.637625687774516,0.016683084000000
A/atoms001.POSCAR,0.400000000000000,6,6,107,16,16,512,4,4,4,1246.637628099395897,0.016830075000000
A/atoms001.POSCAR,0.400000000000000,6,6,108,16,16,512,4,4,4,1246.637627301487328,0.016819955000000
A/atoms001.POSCAR,0.400000000000000,6,6,109,16,16,512,4,4,4,1246.637627929399514,0.016626497000000
A/atoms001.POSCAR,0.400000000000000,6,6,110,16,16,512,4,4,4,1246.637626846985313,0.016758164000000
A/atoms001.POSCAR,0.400000000000000,6,6,111,16,16,512,4,4,4,1246.637628569325670,0.016942995000000
A/atoms001.POSCAR,0.400000000000000,6,6,112,16,16,512,4,4,4,1246.637626142193994,0.017617766000000
A/atoms001.POSCAR,0.400000000000000,6,6,113,16,16,512,4,4,4,1246.637628033409783,0.018094530000000
A/atoms001.POSCAR,0.400000000000000,6,6,114,16,16,512,4,4,4,1246.637626599906525,0.016715360000000
A/atoms001.POSCAR,0.400000000000000,6,6,115,16,16,512,4,4,4,1246.637627453573486,0.016922979000000
A/atoms001.POSCAR,0.400000000000000,6,6,116,16,16,512,4,4,4,1246.637626988435386,0.016831605000000
A/atoms001.POSCAR,0.400000000000000,6,6,117,16,16,512,4,4,4,1246.637627085223130,0.016723141000000
A/atoms001.POSCAR,0.400000000000000,6,6,118,16,16,512,4,4,4,1246.637627090041633,0.016973313000000
A/atoms001.POSCAR,0.400000000000000,6,6,119,16,16,512,4,4,4,1246.637627215983002,0.016878715000000
A/atoms001.POSCAR,0.400000000000000,6,6,120,16,16,512,4,4,4,1246.637626603077251,0.016982581000000
A/atoms001.POSCAR,0.400000000000000,6,6,121,16,16,512,4,4,4,1246.637627415670067,0.033791712000000
A/atoms001.POSCAR,0.400000000000000,6,6,122,16,16,512,4,4,4,1246.637626710447194,0.019624170000000
A/atoms001.POSCAR,0.400000000000000,6,6,123,16,16,512,4,4,4,1246.637627429534632,0.016992659000000
A/atoms001.POSCAR,0.400000000000000,6,6,124,16,16,512,4,4,4,1246.637626315254238,0.016907528000000
A/atoms001.POSCAR,0.4,6,6,4,16,16,512,4,4,4,931.119253701324055,0.017733346000000
A/atoms001.POSCAR,0.400000000000000,6,6,5,16,16,512,4,4,4,988.948734451896257,0.017131016000000
A/atoms001.POSCAR,0.400000000000000,6,6,6,16,16,512,4,4,4,992.028495496076516,0.017020266000000
A/atoms001.POSCAR,0.400000000000000,6,6,7,16,16,512,4,4,4,1021.630008209730022,0.016528940000000
A/atoms001.POSCAR,0.400000000000000,6,6,8,16,16,512,4,4,4,1079.767433730300354,0.016464047000000
A/atoms001.POSCAR,0.400000000000000,6,6,9,16,16,512,4,4,4,1157.363375368410743,0.016223091000000
A/atoms001.POSCAR,0.400000000000000,6,6,10,16,16,512,4,4,4,1195.362892899735925,0.019421956000000
A/atoms001.POSCAR,0.400000000000000,6,6,11,16,16,512,4,4,4,1213.744021121722881,0.016207357000000
A/atoms001.POSCAR,0.400000000000000,6,6,12,16,16,512,4,4,4,1214.156151920969933,0.018736118000000
A/atoms001.POSCAR,0.400000000000000,6,6,13,16,16,512,4,4,4,1217.405984541824637,0.015967119000000
A/atoms001.POSCAR,0.400000000000000,6,6,14,16,16,512,4,4,4,1225.744136892352799,0.016081321000000
A/atoms001.POSCAR,0.400000000000000,6,6,15,16,16,512,4,4,4,1235.544322187513444,0.016288877000000
A/atoms001.POSCAR,0.400000000000000,6,6,16,16,16,512,4,4,4,1241.155989297733186,0.016214279000000
A/atoms001.POSCAR,0.400000000000000,6,6,17,16,16,512,4,4,4,1243.629398499434501,0.016356843000000
A/atoms001.POSCAR,0.400000000000000,6,6,18,16,16,512,4,4,4,1243.915514848320754,0.016253547000000
A/atoms001.POSCAR,0.400000000000000,6,6,19,16,16,512,4,4,4,1244.248706210934415,0.016260033000000
A/atoms001.POSCAR,0.400000000000000,6,6,20,16,16,512,4,4,4,1244.758951933732305,0.016304068000000
A/atoms001.POSCAR,0.400000000000000,6,6,21,16,16,512,4,4,4,1245.934179921167242,0.016287589000000
A/atoms001.POSCAR,0.400000000000000,6,6,22,16,16,512,4,4,4,1246.091613232482132,0.017028084000000
A/atoms001.POSCAR,0.400000000000000,6,6,23,16,16,512,4,4,4,1246.559901243636659,0.019341342000000
A/atoms001.POSCAR,0.400000000000000,6,6,24,16,16,512,4,4,4,1246.497452061066042,0.015980608000000
A/atoms001.POSCAR,0.400000000000000,6,6,25,16,16,512,4,4,4,1246.532143616823532,0.016186555000000
A/atoms001.POSCAR,0.400000000000000,6,6,26,16,16,512,4,4,4,1246.548319716597007,0.016329023000000
A/atoms001.POSCAR,0.400000000000000,6,6,27,16,16,512,4,4,4,1246.634542608386710,0.016213725000000
A/atoms001.POSCAR,0.400000000000000,6,6,28,16,16,512,4,4,4,1246.581737579782157,0.016442409000000
A/atoms001.POSCAR,0.400000000000000,6,6,29,16,16,512,4,4,4,1246.660980568928153,0.016324253000000
A/atoms001.POSCAR,0.400000000000000,6,6,30,16,16,512,4,4,4,1246.623312828754251,0.016557478000000
A/atoms001.POSCAR,0.400000000000000,6,6,31,16,16,512,4,4,4,1246.636293597849772,0.016288412000000
A/atoms001.POSCAR,0.400000000000000,6,6,32,16,16,512,4,4,4,1246.635434244356475,0.016534063000000
A/atoms001.POSCAR,0.400000000000000,6,6,33,16,16,512,4,4,4,1246.646619182988616,0.016417113000000
A/atoms001.POSCAR,0.400000000000000,6,6,34,16,16,512,4,4,4,1246.614328762810146,0.016364650000000
A/atoms001.POSCAR,0.400000000000000,6,6,35,16,16,512,4,4,4,1246.673392799956218,0.016445820000000
A/atoms001.POSCAR,0.400000000000000,6,6,36,16,16,512,4,4,4,1246.593362120398069,0.016412358000000
A/atoms001.POSCAR,0.400000000000000,6,6,37,16,16,512,4,4,4,1246.682664679298796,0.016626626000000
A/atoms001.POSCAR,0.400000000000000,6,6,38,16,16,512,4,4,4,1246.599289272559417,0.016376474000000
A/atoms001.POSCAR,0.400000000000000,6,6,39,16,16,512,4,4,4,1246.664187884576904,0.016411519000000
A/atoms001.POSCAR,0.400000000000000,6,6,40,16,16,512,4,4,4,1246.623236655043456,0.016309411000000
A/atoms001.POSCAR,0.400000000000000,6,6,41,16,16,512,4,4,4,1246.643141720656104,0.016428963000000
A/atoms001.POSCAR,0.400000000000000,6,6,42,16,16,512,4,4,4,1246.636449613136392,0.016286471000000
A/atoms001.POSCAR,0.400000000000000,6,6,43,16,16,512,4,4,4,1246.637674715295361,0.016490553000000
A/atoms001.POSCAR,0.400000000000000,6,6,44,16,16,512,4,4,4,1246.637594176190305,0.016414807000000
A/atoms001.POSCAR,0.400000000000000,6,6,45,16,16,512,4,4,4,1246.637608928534519,0.016584568000000
A/atoms001.POSCAR,0.400000000000000,6,6,46,16,16,512,4,4,4,1246.637407705790338,0.016409918000000
A/atoms001.POSCAR,0.400000000000000,6,6,47,16,16,512,4,4,4,1246.639222335272052,0.016442181000000
A/atoms001.POSCAR,0.400000000000000,6,6,48,16,16,512,4,4,4,1246.633327370439247,0.016495636000000
A/atoms001.POSCAR,0.400000000000000,6,6,49,16,16,512,4,4,4,1246.644993904583089,0.016756511000000
A/atoms001.POSCAR,0.400000000000000,6,6,50,16,16,512,4,4,4,1246.628301658118289,0.016401530000000
A/atoms001.POSCAR,0.400000000000000,6,6,51,16,16,512,4,4,4,1246.646820595227382,0.016549916000000
A/atoms001.POSCAR,0.400000000000000,6,6,52,16,16,512,4,4,4,1246.630488859623028,0.016493473000000
A/atoms001.POSCAR,0.400000000000000,6,6,53,16,16,512,4,4,4,1246.641859292077470,0.016512205000000
A/atoms001.POSCAR,0.400000000000000,6,6,54,16,16,512,4,4,4,1246.635872021878640,0.016468393000000
A/atoms001.POSCAR,0.400000000000000,6,6,55,16,16,512,4,4,4,1246.638074114210895,0.016559543000000
A/atoms001.POSCAR,0.400000000000000,6,6,56,16,16,512,4,4,4,1246.637314987904347,0.016583900000000
A/atoms001.POSCAR,0.400000000000000,6,6,57,16,16,512,4,4,4,1246.638435352845818,0.016516157000000
A/atoms001.POSCAR,0.400000000000000,6,6,58,16,16,512,4,4,4,1246.636300214211360,0.016469944000000
A/atoms001.POSCAR,0.400000000000000,6,6,59,16,16,512,4,4,4,1246.639108519561887,0.016554020000000
A/atoms001.POSCAR,0.400000000000000,6,6,60,16,16,512,4,4,4,1246.636379200531792,0.016471125000000
A/atoms001.POSCAR,0.400000000000000,6,6,61,16,16,512,4,4,4,1246.638446178917548,0.016692738000000
A/atoms001.POSCAR,0.400000000000000,6,6,62,16,16,512,4,4,4,1246.637154822724824,0.016569505000000
A/atoms001.POSCAR,0.400000000000000,6,6,63,16,16,512,4,4,4,1246.638001104115801,0.016579747000000
A/atoms001.POSCAR,0.400000000000000,6,6,64,16,16,512,4,4,4,1246.637074967094350,0.016665215000000
A/atoms001.POSCAR,0.400000000000000,6,6,65,16,16,512,4,4,4,1246.638491262626985,0.016671908000000
A/atoms001.POSCAR,0.400000000000000,6,6,66,16,16,512,4,4,4,1246.636504331736205,0.016398432000000
A/atoms001.POSCAR,0.400000000000000,6,6,67,16,16,512,4,4,4,1246.638785528658900,0.016514952000000
A/atoms001.POSCAR,0.400000000000000,6,6,68,16,16,512,4,4,4,1246.636681415174735,0.016837044000000
A/atoms001.POSCAR,0.400000000000000,6,6,69,16,16,512,4,4,4,1246.638197521221855,0.016500721000000
A/atoms001.POSCAR,0.400000000000000,6,6,70,16,16,512,4,4,4,1246.637414142001035,0.016572494000000
A/atoms001.POSCAR,0.400000000000000,6,6,71,16,16,512,4,4,4,1246.637633277210170,0.016671745000000
A/atoms001.POSCAR,0.400000000000000,6,6,72,16,16,512,4,4,4,1246.637619597044932,0.016642361000000
A/atoms001.POSCAR,0.400000000000000,6,6,73,16,16,512,4,4,4,1246.637772182110893,0.016724141000000
A/atoms001.POSCAR,0.400000000000000,6,6,74,16,16,512,4,4,4,1246.637312732278360,0.016746394000000
A/atoms001.POSCAR,0.400000000000000,6,6,75,16,16,512,4,4,4,1246.638032137889240,0.016565668000000
A/atoms001.POSCAR,0.400000000000000,6,6,76,16,16,512,4,4,4,1246.637234387354283,0.016643338000000
A/atoms001.POSCAR,0.400000000000000,6,6,77,16,16,512,4,4,4,1246.637921522956503,0.016534000000000
A/atoms001.POSCAR,0.400000000000000,6,6,78,16,16,512,4,4,4,1246.637448265468038,0.016643230000000
A/atoms001.POSCAR,0.400000000000000,6,6,79,16,16,512,4,4,4,1246.637710103212157,0.016653503000000
A/atoms001.POSCAR,0.400000000000000,6,6,80,16,16,512,4,4,4,1246.637591967754361,0.016723752000000
A/atoms001.POSCAR,0.400000000000000,6,6,81,16,16,512,4,4,4,1246.637642815400341,0.016668766000000
A/atoms001.POSCAR,0.400000000000000,6,6,82,16,16,512,4,4,4,1246.637610177750730,0.016500934000000
A/atoms001.POSCAR,0.400000000000000,6,6,83,16,16,512,4,4,4,1246.637641621113517,0.016659331000000
A/atoms001.POSCAR,0.400000000000000,6,6,84,16,16,512,4,4,4,1246.637612128397677,0.016596299000000
A/atoms001.POSCAR,0.400000000000000,6,6,85,16,16,512,4,4,4,1246.637637876770441,0.016576628000000
A/atoms001.POSCAR,0.400000000000000,6,6,86,16,16,512,4,4,4,1246.637619253901903,0.016675715000000
A/atoms001.POSCAR,0.400000000000000,6,6,87,16,16,512,4,4,4,1246.637634140115097,0.016738078000000
A/atoms001.POSCAR,0.400000000000000,6,6,88,16,16,512,4,4,4,1246.637622275995227,0.016760048000000
A/atoms001.POSCAR,0.400000000000000,6,6,89,16,16,512,4,4,4,1246.637630872779710,0.016722797000000
A/atoms001.POSCAR,0.400000000000000,6,6,90,16,16,512,4,4,4,1246.637624717356402,0.016563021000000
A/atoms001.POSCAR,0.400000000000000,6,6,91,16,16,512,4,4,4,1246.637631496225822,0.016680419000000
A/atoms001.POSCAR,0.400000000000000,6,6,92,16,16,512,4,4,4,1246.637620256746459,0.025703919000000
A/atoms001.POSCAR,0.400000000000000,6,6,93,16,16,512,4,4,4,1246.637637880542570,0.017179833000000
A/atoms001.POSCAR,0.400000000000000,6,6,94,16,16,512,4,4,4,1246.637615534754332,0.016694267000000
A/atoms001.POSCAR,0.400000000000000,6,6,95,16,16,512,4,4,4,1246.637638228106653,0.016585280000000
A/atoms001.POSCAR,0.400000000000000,6,6,96,16,16,512,4,4,4,1246.637619579016928,0.016683806000000
A/atoms001.POSCAR,0.400000000000000,6,6,97,16,16,512,4,4,4,1246.637632243514645,0.016855042000000
A/atoms001.POSCAR,0.400000000000000,6,6,98,16,16,512,4,4,4,1246.637624655675154,0.017530236000000
A/atoms001.POSCAR,0.400000000000000,6,6,99,16,16,512,4,4,4,1246.637630089167487,0.016765144000000
A/atoms001.POSCAR,0.400000000000000,6,6,100,16,16,512,4,4,4,1246.637623682337335,0.016803326000000
A/atoms001.POSCAR,0.400000000000000,6,6,101,16,16,512,4,4,4,1246.637632341220524,0.016743150000000
A/atoms001.POSCAR,0.400000000000000,6,6,102,16,16,512,4,4,4,1246.637621478272649,0.016831756000000
A/atoms001.POSCAR,0.400000000000000,6,6,103,16,16,512,4,4,4,1246.637633204522672,0.016834005000000
A/atoms001.POSCAR,0.400000000000000,6,6,104,16,16,512,4,4,4,1246.637623067121467,0.017318687000000
A/atoms001.POSCAR,0.400000000000000,6,6,105,16,16,512,4,4,4,1246.637629994657118,0.016849558000000
A/atoms001.POSCAR,0.400000000000000,6,6,106,16,16,512,4,4,4,1246.637625687775426,0.016927527000000
A/atoms001.POSCAR,0.400000000000000,6,6,107,16,16,512,4,4,4,1246.637628099396125,0.016759817000000
A/atoms001.POSCAR,0.400000000000000,6,6,108,16,16,512,4,4,4,1246.637627301487555,0.016776836000000
A/atoms001.POSCAR,0.400000000000000,6,6,109,16,16,512,4,4,4,1246.637627929400651,0.016869579000000
A/atoms001.POSCAR,0.400000000000000,6,6,110,16,16,512,4,4,4,1246.637626846985086,0.017860272000000
A/atoms001.POSCAR,0.400000000000000,6,6,111,16,16,512,4,4,4,1246.637628569324988,0.016854013000000
A/atoms001.POSCAR,0.400000000000000,6,6,112,16,16,512,4,4,4,1246.637626142193767,0.017058965000000
A/atoms001.POSCAR,0.400000000000000,6,6,113,16,16,512,4,4,4,1246.637628033409783,0.016971020000000
A/atoms001.POSCAR,0.400000000000000,6,6,114,16,16,512,4,4,4,1246.637626599907435,0.016772629000000
A/atoms001.POSCAR,0.400000000000000,6,6,115,16,16,512,4,4,4,1246.637627453573032,0.016997344000000
A/atoms001.POSCAR,0.400000000000000,6,6,116,16,16,512,4,4,4,1246.637626988434249,0.017773065000000
A/atoms001.POSCAR,0.400000000000000,6,6,117,16,16,512,4,4,4,1246.637627085223357,0.016814247000000
A/atoms001.POSCAR,0.400000000000000,6,6,118,16,16,512,4,4,4,1246.637627090040951,0.016867378000000
A/atoms001.POSCAR,0.400000000000000,6,6,119,16,16,512,4,4,4,1246.637627215982548,0.018143150000000
A/atoms001.POSCAR,0.400000000000000,6,6,120,16,16,512,4,4,4,1246.637626603077479,0.017023974000000
A/atoms001.POSCAR,0.400000000000000,6,6,121,16,16,512,4,4,4,1246.637627415670295,0.016975527000000
A/atoms001.POSCAR,0.400000000000000,6,6,122,16,16,512,4,4,4,1246.637626710447421,0.017261798000000
A/atoms001.POSCAR,0.400000000000000,6,6,123,16,16,512,4,4,4,1246.637627429534632,0.017012070000000
A/atoms001.POSCAR,0.400000000000000,6,6,124,16,16,512,4,4,4,1246.637626315254693,0.017025955000000
A/atoms001.POSCAR,0.4,6,6,4,16,16,512,4,4,4,931.119253701323942,0.017805751000000
A/atoms001.POSCAR,0.400000000000000,6,6,5,16,16,512,4,4,4,988.948734451895575,0.017236652000000
A/atoms001.POSCAR,0.400000000000000,6,6,6,16,16,512,4,4,4,992.028495496076516,0.016747836000000
A/atoms001.POSCAR,0.400000000000000,6,6,7,16,16,512,4,4,4,1021.630008209729908,0.016708176000000
A/atoms001.POSCAR,0.400000000000000,6,6,8,16,16,512,4,4,4,1079.767433730300127,0.016626414000000
A/atoms001.POSCAR,0.400000000000000,6,6,9,16,16,512,4,4,4,1157.363375368410971,0.016216493000000
A/atoms001.POSCAR,0.400000000000000,6,6,10,16,16,512,4,4,4,1195.362892899735471,0.016445905000000
A/atoms001.POSCAR,0.400000000000000,6,6,11,16,16,512,4,4,4,1213.744021121722881,0.016207518000000
A/atoms001.POSCAR,0.400000000000000,6,6,12,16,16,512,4,4,4,1214.156151920970842,0.016206004000000
A/atoms001.POSCAR,0.400000000000000,6,6,13,16,16,512,4,4,4,1217.405984541824637,0.016294848000000
A/atoms001.POSCAR,0.400000000000000,6,6,14,16,16,512,4,4,4,1225.744136892352572,0.016319118000000
A/atoms001.POSCAR,0.400000000000000,6,6,15,16,16,512,4,4,4,1235.544322187513444,0.016600906000000
A/atoms001.POSCAR,0.400000000000000,6,6,16,16,16,512,4,4,4,1241.155989297733868,0.016178419000000
A/atoms001.POSCAR,0.400000000000000,6,6,17,16,16,512,4,4,4,1243.629398499434046,0.016484506000000
A/atoms001.POSCAR,0.400000000000000,6,6,18,16,16,512,4,4,4,1243.915514848320981,0.016304361000000
A/atoms001.POSCAR,0.400000000000000,6,6,19,16,16,512,4,4,4,1244.248706210934870,0.016397731000000
A/atoms001.POSCAR,0.400000000000000,6,6,20,16,16,512,4,4,4,1244.758951933732305,0.016451761000000
A/atoms001.POSCAR,0.400000000000000,6,6,21,16,16,512,4,4,4,1245.934179921167697,0.016545522000000
A/atoms001.POSCAR,0.400000000000000,6,6,22,16,16,512,4,4,4,1246.091613232481222,0.016658952000000
A/atoms001.POSCAR,0.400000000000000,6,6,23,16,16,512,4,4,4,1246.559901243637341,0.016505995000000
A/atoms001.POSCAR,0.400000000000000,6,6,24,16,16,512,4,4,4,1246.497452061065587,0.016291097000000
A/atoms001.POSCAR,0.400000000000000,6,6,25,16,16,512,4,4,4,1246.532143616824669,0.016258235000000
A/atoms001.POSCAR,0.400000000000000,6,6,26,16,16,512,4,4,4,1246.548319716597007,0.016627692000000
A/atoms001.POSCAR,0.400000000000000,6,6,27,16,16,512,4,4,4,1246.634542608385800,0.016346539000000
A/atoms001.POSCAR,0.400000000000000,6,6,28,16,16,512,4,4,4,1246.581737579782157,0.016645288000000
A/atoms001.POSCAR,0.400000000000000,6,6,29,16,16,512,4,4,4,1246.660980568928835,0.016276362000000
A/atoms001.POSCAR,0.400000000000000,6,6,30,16,16,512,4,4,4,1246.623312828754706,0.016613904000000
A/atoms001.POSCAR,0.400000000000000,6,6,31,16,16,512,4,4,4,1246.636293597850454,0.016539100000000
A/atoms001.POSCAR,0.400000000000000,6,6,32,16,16,512,4,4,4,1246.635434244357157,0.016446136000000
A/atoms001.POSCAR,0.400000000000000,6,6,33,16,16,512,4,4,4,1246.646619182988843,0.016602752000000
A/atoms001.POSCAR,0.400000000000000,6,6,34,16,16,512,4,4,4,1246.614328762810374,0.016571728000000
A/atoms001.POSCAR,0.400000000000000,6,6,35,16,16,512,4,4,4,1246.673392799955309,0.016439000000000
A/atoms001.POSCAR,0.400000000000000,6,6,36,16,16,512,4,4,4,1246.593362120398069,0.016525926000000
A/atoms001.POSCAR,0.400000000000000,6,6,37,16,16,512,4,4,4,1246.682664679298341,0.016397055000000
A/atoms001.POSCAR,0.400000000000000,6,6,38,16,16,512,4,4,4,1246.599289272558053,0.016493543000000
A/atoms001.POSCAR,0.400000000000000,6,6,39,16,16,512,4,4,4,1246.664187884575995,0.016386505000000
A/atoms001.POSCAR,0.400000000000000,6,6,40,16,16,512,4,4,4,1246.623236655042319,0.016481637000000
A/atoms001.POSCAR,0.400000000000000,6,6,41,16,16,512,4,4,4,1246.643141720655876,0.016720301000000
A/atoms001.POSCAR,0.400000000000000,6,6,42,16,16,512,4,4,4,1246.636449613136620,0.016359734000000
A/atoms001.POSCAR,0.400000000000000,6,6,43,16,16,512,4,4,4,1246.637674715296498,0.016726204000000
A/atoms001.POSCAR,0.400000000000000,6,6,44,16,16,512,4,4,4,1246.637594176191215,0.016474735000000
A/atoms001.POSCAR,0.400000000000000,6,6,45,16,16,512,4,4,4,1246.637608928533609,0.016603473000000
A/atoms001.POSCAR,0.400000000000000,6,6,46,16,16,512,4,4,4,1246.637407705791020,0.017009412000000
A/atoms001.POSCAR,0.400000000000000,6,6,47,16,16,512,4,4,4,1246.639222335272052,0.016563199000000
A/atoms001.POSCAR,0.400000000000000,6,6,48,16,16,512,4,4,4,1246.633327370439247,0.016577951000000
A/atoms001.POSCAR,0.400000000000000,6,6,49,16,16,512,4,4,4,1246.644993904581952,0.016892311000000
A/atoms001.POSCAR,0.400000000000000,6,6,50,16,16,512,4,4,4,1246.628301658117607,0.016492114000000
A/atoms001.POSCAR,0.400000000000000,6,6,51,16,16,512,4,4,4,1246.646820595227609,0.017128875000000
A/atoms001.POSCAR,0.400000000000000,6,6,52,16,16,512,4,4,4,1246.630488859623028,0.016343491000000
A/atoms001.POSCAR,0.400000000000000,6,6,53,16,16,512,4,4,4,1246.641859292078152,0.016660716000000
A/atoms001.POSCAR,0.400000000000000,6,6,54,16,16,512,4,4,4,1246.635872021877731,0.016504207000000
A/atoms001.POSCAR,0.400000000000000,6,6,55,16,16,512,4,4,4,1246.638074114210440,0.016431173000000
A/atoms001.POSCAR,0.400000000000000,6,6,56,16,16,512,4,4,4,1246.637314987904119,0.016712102000000
A/atoms001.POSCAR,0.400000000000000,6,6,57,16,16,512,4,4,4,1246.638435352845590,0.016538890000000
A/atoms001.POSCAR,0.400000000000000,6,6,58,16,16,512,4,4,4,1246.636300214212497,0.016887220000000
A/atoms001.POSCAR,0.400000000000000,6,6,59,16,16,512,4,4,4,1246.639108519562797,0.016789623000000
A/atoms001.POSCAR,0.400000000000000,6,6,60,16,16,512,4,4,4,1246.636379200532247,0.016625598000000
A/atoms001.POSCAR,0.400000000000000,6,6,61,16,16,512,4,4,4,1246.638446178917548,0.016935525000000
A/atoms001.POSCAR,0.400000000000000,6,6,62,16,16,512,4,4,4,1246.637154822725279,0.016528718000000
A/atoms001.POSCAR,0.400000000000000,6,6,63,16,16,512,4,4,4,1246.638001104116029,0.016610154000000
A/atoms001.POSCAR,0.400000000000000,6,6,64,16,16,512,4,4,4,1246.637074967093213,0.016809019000000
A/atoms001.POSCAR,0.400000000000000,6,6,65,16,16,512,4,4,4,1246.638491262627895,0.017046454000000
A/atoms001.POSCAR,0.400000000000000,6,6,66,16,16,512,4,4,4,1246.636504331735523,0.016893713000000
A/atoms001.POSCAR,0.400000000000000,6,6,67,16,16,512,4,4,4,1246.638785528659582,0.016882538000000
A/atoms001.POSCAR,0.400000000000000,6,6,68,16,16,512,4,4,4,1246.636681415174507,0.016668804000000
A/atoms001.POSCAR,0.400000000000000,6,6,69,16,16,512,4,4,4,1246.638197521222082,0.016814126000000
A/atoms001.POSCAR,0.400000000000000,6,6,70,16,16,512,4,4,4,1246.637414142000807,0.016535820000000
A/atoms001.POSCAR,0.400000000000000,6,6,71,16,16,512,4,4,4,1246.637633277210853,0.017340763000000
A/atoms001.POSCAR,0.400000000000000,6,6,72,16,16,512,4,4,4,1246.637619597044704,0.016486657000000
A/atoms001.POSCAR,0.400000000000000,6,6,73,16,16,512,4,4,4,1246.637772182110211,0.016807172000000
A/atoms001.POSCAR,0.400000000000000,6,6,74,16,16,512,4,4,4,1246.637312732277223,0.016876646000000
A/atoms001.POSCAR,0.400000000000000,6,6,75,16,16,512,4,4,4,1246.638032137888786,0.016851795000000
A/atoms001.POSCAR,0.400000000000000,6,6,76,16,16,512,4,4,4,1246.637234387353828,0.016824371000000
A/atoms001.POSCAR,0.400000000000000,6,6,77,16,16,512,4,4,4,1246.637921522957413,0.016873532000000
A/atoms001.POSCAR,0.400000000000000,6,6,78,16,16,512,4,4,4,1246.637448265468265,0.016862816000000
A/atoms001.POSCAR,0.400000000000000,6,6,79,16,16,512,4,4,4,1246.637710103212839,0.016984146000000
A/atoms001.POSCAR,0.400000000000000,6,6,80,16,16,512,4,4,4,1246.637591967754588,0.016846644000000
A/atoms001.POSCAR,0.400000000000000,6,6,81,16,16,512,4,4,4,1246.637642815400341,0.017123966000000
A/atoms001.POSCAR,0.400000000000000,6,6,82,16,16,512,4,4,4,1246.637610177750048,0.017044618000000
A/atoms001.POSCAR,0.400000000000000,6,6,83,16,16,512,4,4,4,1246.637641621114426,0.017363618000000
A/atoms001.POSCAR,0.400000000000000,6,6,84,16,16,512,4,4,4,1246.637612128397222,0.016624265000000
A/atoms001.POSCAR,0.400000000000000,6,6,85,16,16,512,4,4,4,1246.637637876769759,0.019853774000000
A/atoms001.POSCAR,0.400000000000000,6,6,86,16,16,512,4,4,4,1246.637619253901221,0.016979708000000
A/atoms001.POSCAR,0.400000000000000,6,6,87,16,16,512,4,4,4,1246.637634140114642,0.019625501000000
A/atoms001.POSCAR,0.400000000000000,6,6,88,16,16,512,4,4,4,1246.637622275994090,0.016598935000000
A/atoms001.POSCAR,0.400000000000000,6,6,89,16,16,512,4,4,4,1246.637630872779255,0.017216033000000
A/atoms001.POSCAR,0.400000000000000,6,6,90,16,16,512,4,4,4,1246.637624717356857,0.020086242000000
A/atoms001.POSCAR,0.400000000000000,6,6,91,16,16,512,4,4,4,1246.637631496226049,0.017454452000000
A/atoms001.POSCAR,0.400000000000000,6,6,92,16,16,512,4,4,4,1246.637620256744640,0.016483666000000
A/atoms001.POSCAR,0.400000000000000,6,6,93,16,16,512,4,4,4,1246.637637880542343,0.016595675000000
A/atoms001.POSCAR,0.400000000000000,6,6,94,16,16,512,4,4,4,1246.637615534752740,0.016676957000000
A/atoms001.POSCAR,0.400000000000000,6,6,95,16,16,512,4,4,4,1246.637638228105970,0.017502858000000
A/atoms001.POSCAR,0.400000000000000,6,6,96,16,16,512,4,4,4,1246.637619579016928,0.019985156000000
A/atoms001.POSCAR,0.400000000000000,6,6,97,16,16,512,4,4,4,1246.637632243514417,0.016706147000000
A/atoms001.POSCAR,0.400000000000000,6,6,98,16,16,512,4,4,4,1246.637624655675381,0.016884894000000
A/atoms001.POSCAR,0.400000000000000,6,6,99,16,16,512,4,4,4,1246.637630089167033,0.016846523000000
A/atoms001.POSCAR,0.400000000000000,6,6,100,16,16,512,4,4,4,1246.637623682337335,0.016787599000000
A/atoms001.POSCAR,0.400000000000000,6,6,101,16,16,512,4,4,4,1246.637632341221206,0.016897699000000
A/atoms001.POSCAR,0.400000000000000,6,6,102,16,16,512,4,4,4,1246.637621478272422,0.016802191000000
A/atoms001.POSCAR,0.400000000000000,6,6,103,16,16,512,4,4,4,1246.637633204523581,0.016796593000000
A/atoms001.POSCAR,0.400000000000000,6,6,104,16,16,512,4,4,4,1246.637623067122377,0.016815277000000
A/atoms001.POSCAR,0.400000000000000,6,6,105,16,16,512,4,4,4,1246.637629994655526,0.016885586000000
A/atoms001.POSCAR,0.400000000000000,6,6,106,16,16,512,4,4,4,1246.637625687775653,0.016958122000000
A/atoms001.POSCAR,0.400000000000000,6,6,107,16,16,512,4,4,4,1246.637628099397034,0.016872369000000
A/atoms001.POSCAR,0.400000000000000,6,6,108,16,16,512,4,4,4,1246.637627301486418,0.016762334000000
A/atoms001.POSCAR,0.400000000000000,6,6,109,16,16,512,4,4,4,1246.637627929400423,0.016899195000000
A/atoms001.POSCAR,0.400000000000000,6,6,110,16,16,512,4,4,4,1246.637626846985086,0.016848193000000
A/atoms001.POSCAR,0.400000000000000,6,6,111,16,16,512,4,4,4,1246.637628569326353,0.016713522000000
A/atoms001.POSCAR,0.400000000000000,6,6,112,16,16,512,4,4,4,1246.637626142193312,0.016925937000000
A/atoms001.POSCAR,0.400000000000000,6,6,113,16,16,512,4,4,4,1246.637628033409101,0.016961487000000
A/atoms001.POSCAR,0.400000000000000,6,6,114,16,16,512,4,4,4,1246.637626599907890,0.016994833000000
A/atoms001.POSCAR,0.400000000000000,6,6,115,16,16,512,4,4,4,1246.637627453572350,0.017014106000000
A/atoms001.POSCAR,0.400000000000000,6,6,116,16,16,512,4,4,4,1246.637626988435159,0.016888436000000
A/atoms001.POSCAR,0.400000000000000,6,6,117,16,16,512,4,4,4,1246.637627085222903,0.016973441000000
A/atoms001.POSCAR,0.400000000000000,6,6,118,16,16,512,4,4,4,1246.637627090041860,0.016986806000000
A/atoms001.POSCAR,0.400000000000000,6,6,119,16,16,512,4,4,4,1246.637627215982775,0.016907411000000
A/atoms001.POSCAR,0.400000000000000,6,6,120,16,16,512,4,4,4,1246.637626603077479,0.017030021000000
A/atoms001.POSCAR,0.400000000000000,6,6,121,16,16,512,4,4,4,1246.637627415669613,0.017058890000000
A/atoms001.POSCAR,0.400000000000000,6,6,122,16,16,512,4,4,4,1246.637626710446511,0.017138154000000
A/atoms001.POSCAR,0.400000000000000,6,6,123,16,16,512,4,4,4,1246.637627429533723,0.017097729000000
A/atoms001.POSCAR,0.400000000000000,6,6,124,16,16,512,4,4,4,1246.637626315255147,0.017050781000000
A/atoms001.POSCAR,0.4,6,6,4,16,16,512,4,4,4,931.119253701324055,0.017967764000000
A/atoms001.POSCAR,0.400000000000000,6,6,5,16,16,512,4,4,4,988.948734451896030,0.017037016000000
A/atoms001.POSCAR,0.400000000000000,6,6,6,16,16,512,4,4,4,992.028495496076289,0.016703099000000
A/atoms001.POSCAR,0.400000000000000,6,6,7,16,16,512,4,4,4,1021.630008209729795,0.017041672000000
A/atoms001.POSCAR,0.400000000000000,6,6,8,16,16,512,4,4,4,1079.767433730300127,0.016354580000000
A/atoms001.POSCAR,0.400000000000000,6,6,9,16,16,512,4,4,4,1157.363375368410971,0.016251603000000
A/atoms001.POSCAR,0.400000000000000,6,6,10,16,16,512,4,4,4,1195.362892899735925,0.016221699000000
A/atoms001.POSCAR,0.400000000000000,6,6,11,16,16,512,4,4,4,1213.744021121722881,0.016307110000000
A/atoms001.POSCAR,0.400000000000000,6,6,12,16,16,512,4,4,4,1214.156151920970842,0.016306008000000
A/atoms001.POSCAR,0.400000000000000,6,6,13,16,16,512,4,4,4,1217.405984541824637,0.016574424000000
A/atoms001.POSCAR,0.400000000000000,6,6,14,16,16,512,4,4,4,1225.744136892353026,0.016155467000000
A/atoms001.POSCAR,0.400000000000000,6,6,15,16,16,512,4,4,4,1235.544322187513671,0.016184651000000
A/atoms001.POSCAR,0.400000000000000,6,6,16,16,16,512,4,4,4,1241.155989297733640,0.016509779000000
A/atoms001.POSCAR,0.400000000000000,6,6,17,16,16,512,4,4,4,1243.629398499434274,0.016350023000000
A/atoms001.POSCAR,0.400000000000000,6,6,18,16,16,512,4,4,4,1243.915514848320299,0.016513730000000
A/atoms001.POSCAR,0.400000000000000,6,6,19,16,16,512,4,4,4,1244.248706210934870,0.016326908000000
A/atoms001.POSCAR,0.400000000000000,6,6,20,16,16,512,4,4,4,1244.758951933732305,0.016467215000000
A/atoms001.POSCAR,0.400000000000000,6,6,21,16,16,512,4,4,4,1245.934179921167470,0.016340119000000
A/atoms001.POSCAR,0.400000000000000,6,6,22,16,16,512,4,4,4,1246.091613232481677,0.016356333000000
A/atoms001.POSCAR,0.400000000000000,6,6,23,16,16,512,4,4,4,1246.559901243637114,0.016427914000000
A/atoms001.POSCAR,0.400000000000000,6,6,24,16,16,512,4,4,4,1246.497452061066497,0.016339319000000
A/atoms001.POSCAR,0.400000000000000,6,6,25,16,16,512,4,4,4,1246.532143616823987,0.016562041000000
A/atoms001.POSCAR,0.400000000000000,6,6,26,16,16,512,4,4,4,1246.548319716597462,0.016235042000000
A/atoms001.POSCAR,0.400000000000000,6,6,27,16,16,512,4,4,4,1246.634542608387164,0.016526710000000
A/atoms001.POSCAR,0.400000000000000,6,6,28,16,16,512,4,4,4,1246.581737579782157,0.016234518000000
A/atoms001.POSCAR,0.400000000000000,6,6,29,16,16,512,4,4,4,1246.660980568928153,0.016525949000000
A/atoms001.POSCAR,0.400000000000000,6,6,30,16,16,512,4,4,4,1246.623312828754479,0.016233640000000
A/atoms001.POSCAR,0.400000000000000,6,6,31,16,16,512,4,4,4,1246.636293597849999,0.016554884000000
A/atoms001.POSCAR,0.400000000000000,6,6,32,16,16,512,4,4,4,1246.635434244356929,0.016531280000000
A/atoms001.POSCAR,0.400000000000000,6,6,33,16,16,512,4,4,4,1246.646619182988616,0.016534021000000
A/atoms001.POSCAR,0.400000000000000,6,6,34,16,16,512,4,4,4,1246.614328762810146,0.016511808000000
A/atoms001.POSCAR,0.400000000000000,6,6,35,16,16,512,4,4,4,1246.673392799955536,0.016520468000000
A/atoms001.POSCAR,0.400000000000000,6,6,36,16,16,512,4,4,4,1246.593362120397614,0.016320953000000
A/atoms001.POSCAR,0.400000000000000,6,6,37,16,16,512,4,4,4,1246.682664679298341,0.016456200000000
A/atoms001.POSCAR,0.400000000000000,6,6,38,16,16,512,4,4,4,1246.599289272559417,0.016975492000000
A/atoms001.POSCAR,0.400000000000000,6,6,39,16,16,512,4,4,4,1246.664187884576450,0.016375847000000
A/atoms001.POSCAR,0.400000000000000,6,6,40,16,16,512,4,4,4,1246.623236655043229,0.016395991000000
A/atoms001.POSCAR,0.400000000000000,6,6,41,16,16,512,4,4,4,1246.643141720655649,0.016552997000000
A/atoms001.POSCAR,0.400000000000000,6,6,42,16,16,512,4,4,4,1246.636449613135937,0.016605745000000
A/atoms001.POSCAR,0.400000000000000,6,6,43,16,16,512,4,4,4,1246.637674715293997,0.018763597000000
A/atoms001.POSCAR,0.400000000000000,6,6,44,16,16,512,4,4,4,1246.637594176191215,0.017084226000000
A/atoms001.POSCAR,0.400000000000000,6,6,45,16,16,512,4,4,4,1246.637608928535201,0.016429289000000
A/atoms001.POSCAR,0.400000000000000,6,6,46,16,16,512,4,4,4,1246.637407705790110,0.016279920000000
A/atoms001.POSCAR,0.400000000000000,6,6,47,16,16,512,4,4,4,1246.639222335272734,0.016569796000000
A/atoms001.POSCAR,0.400000000000000,6,6,48,16,16,512,4,4,4,1246.633327370439019,0.016501360000000
A/atoms001.POSCAR,0.400000000000000,6,6,49,16,16,512,4,4,4,1246.644993904583316,0.016382863000000
A/atoms001.POSCAR,0.400000000000000,6,6,50,16,16,512,4,4,4,1246.628301658116470,0.016687103000000
A/atoms001.POSCAR,0.400000000000000,6,6,51,16,16,512,4,4,4,1246.646820595227837,0.016542165000000
A/atoms001.POSCAR,0.400000000000000,6,6,52,16,16,512,4,4,4,1246.630488859623028,0.016664474000000
A/atoms001.POSCAR,0.400000000000000,6,6,53,16,16,512,4,4,4,1246.641859292077925,0.017381000000000
A/atoms001.POSCAR,0.400000000000000,6,6,54,16,16,512,4,4,4,1246.635872021878185,0.018867543000000
A/atoms001.POSCAR,0.400000000000000,6,6,55,16,16,512,4,4,4,1246.638074114211349,0.017887525000000
A/atoms001.POSCAR,0.400000000000000,6,6,56,16,16,512,4,4,4,1246.637314987904801,0.017261926000000
A/atoms001.POSCAR,0.400000000000000,6,6,57,16,16,512,4,4,4,1246.638435352846273,0.016290978000000
A/atoms001.POSCAR,0.400000000000000,6,6,58,16,16,512,4,4,4,1246.636300214212270,0.016409017000000
A/atoms001.POSCAR,0.400000000000000,6,6,59,16,16,512,4,4,4,1246.639108519562342,0.016650125000000
A/atoms001.POSCAR,0.400000000000000,6,6,60,16,16,512,4,4,4,1246.636379200530882,0.016619445000000
A/atoms001.POSCAR,0.400000000000000,6,6,61,16,16,512,4,4,4,1246.638446178916638,0.020431865000000
A/atoms001.POSCAR,0.400000000000000,6,6,62,16,16,512,4,4,4,1246.637154822724142,0.016736999000000
A/atoms001.POSCAR,0.400000000000000,6,6,63,16,16,512,4,4,4,1246.638001104116256,0.016422640000000
A/atoms001.POSCAR,0.400000000000000,6,6,64,16,16,512,4,4,4,1246.637074967094577,0.016532096000000
A/atoms001.POSCAR,0.400000000000000,6,6,65,16,16,512,4,4,4,1246.638491262627895,0.016368838000000
A/atoms001.POSCAR,0.400000000000000,6,6,66,16,16,512,4,4,4,1246.636504331736660,0.016571213000000
A/atoms001.POSCAR,0.400000000000000,6,6,67,16,16,512,4,4,4,1246.638785528659582,0.016552260000000
A/atoms001.POSCAR,0.400000000000000,6,6,68,16,16,512,4,4,4,1246.636681415174735,0.017135000000000
A/atoms001.POSCAR,0.400000000000000,6,6,69,16,16,512,4,4,4,1246.638197521221855,0.016598157000000
A/atoms001.POSCAR,0.400000000000000,6,6,70,16,16,512,4,4,4,1246.637414142001262,0.016572407000000
A/atoms001.POSCAR,0.400000000000000,6,6,71,16,16,512,4,4,4,1246.637633277211080,0.016638816000000
A/atoms001.POSCAR,0.400000000000000,6,6,72,16,16,512,4,4,4,1246.637619597045386,0.016606571000000
A/atoms001.POSCAR,0.400000000000000,6,6,73,16,16,512,4,4,4,1246.637772182109529,0.016485006000000
A/atoms001.POSCAR,0.400000000000000,6,6,74,16,16,512,4,4,4,1246.637312732277223,0.017954946000000
A/atoms001.POSCAR,0.400000000000000,6,6,75,16,16,512,4,4,4,1246.638032137888786,0.016593433000000
A/atoms001.POSCAR,0.400000000000000,6,6,76,16,16,512,4,4,4,1246.637234387353374,0.016763785000000
A/atoms001.POSCAR,0.400000000000000,6,6,77,16,16,512,4,4,4,1246.637921522958322,0.016709301000000
A/atoms001.POSCAR,0.400000000000000,6,6,78,16,16,512,4,4,4,1246.637448265468265,0.016617504000000
A/atoms001.POSCAR,0.400000000000000,6,6,79,16,16,512,4,4,4,1246.637710103212385,0.016723718000000
A/atoms001.POSCAR,0.400000000000000,6,6,80,16,16,512,4,4,4,1246.637591967754815,0.016814373000000
A/atoms001.POSCAR,0.400000000000000,6,6,81,16,16,512,4,4,4,1246.637642815400341,0.016549215000000
A/atoms001.POSCAR,0.400000000000000,6,6,82,16,16,512,4,4,4,1246.637610177749821,0.016767996000000
A/atoms001.POSCAR,0.400000000000000,6,6,83,16,16,512,4,4,4,1246.637641621114653,0.016808882000000
A/atoms001.POSCAR,0.400000000000000,6,6,84,16,16,512,4,4,4,1246.637612128396540,0.016867443000000
A/atoms001.POSCAR,0.400000000000000,6,6,85,16,16,512,4,4,4,1246.637637876770896,0.016841609000000
A/atoms001.POSCAR,0.400000000000000,6,6,86,16,16,512,4,4,4,1246.637619253901903,0.016520089000000
A/atoms001.POSCAR,0.400000000000000,6,6,87,16,16,512,4,4,4,1246.637634140114642,0.016740199000000
A/atoms001.POSCAR,0.400000000000000,6,6,88,16,16,512,4,4,4,1246.637622275994545,0.016781501000000
A/atoms001.POSCAR,0.400000000000000,6,6,89,16,16,512,4,4,4,1246.637630872778345,0.016732289000000
A/atoms001.POSCAR,0.400000000000000,6,6,90,16,16,512,4,4,4,1246.637624717356630,0.016782647000000
A/atoms001.POSCAR,0.400000000000000,6,6,91,16,16,512,4,4,4,1246.637631496225822,0.016777441000000
A/atoms001.POSCAR,0.400000000000000,6,6,92,16,16,512,4,4,4,1246.637620256746004,0.016893553000000
A/atoms001.POSCAR,0.400000000000000,6,6,93,16,16,512,4,4,4,1246.637637880542343,0.016905733000000
A/atoms001.POSCAR,0.400000000000000,6,6,94,16,16,512,4,4,4,1246.637615534753422,0.016735285000000
A/atoms001.POSCAR,0.400000000000000,6,6,95,16,16,512,4,4,4,1246.637638228105516,0.016862096000000
A/atoms001.POSCAR,0.400000000000000,6,6,96,16,16,512,4,4,4,1246.637619579017382,0.016799753000000
A/atoms001.POSCAR,0.400000000000000,6,6,97,16,16,512,4,4,4,1246.637632243513963,0.016828096000000
A/atoms001.POSCAR,0.400000000000000,6,6,98,16,16,512,4,4,4,1246.637624655675609,0.016993575000000
A/atoms001.POSCAR,0.400000000000000,6,6,99,16,16,512,4,4,4,1246.637630089166578,0.017019629000000
A/atoms001.POSCAR,0.400000000000000,6,6,100,16,16,512,4,4,4,1246.637623682336880,0.017057444000000
A/atoms001.POSCAR,0.400000000000000,6,6,101,16,16,512,4,4,4,1246.637632341219614,0.017083030000000
A/atoms001.POSCAR,0.400000000000000,6,6,102,16,16,512,4,4,4,1246.637621478272649,0.016829529000000
A/atoms001.POSCAR,0.400000000000000,6,6,103,16,16,512,4,4,4,1246.637633204523581,0.017076192000000
A/atoms001.POSCAR,0.400000000000000,6,6,104,16,16,512,4,4,4,1246.637623067122831,0.017080458000000
A/atoms001.POSCAR,0.400000000000000,6,6,105,16,16,512,4,4,4,1246.637629994655754,0.016825541000000
A/atoms001.POSCAR,0.400000000000000,6,6,106,16,16,512,4,4,4,1246.637625687774516,0.017036729000000
A/atoms001.POSCAR,0.400000000000000,6,6,107,16,16,512,4,4,4,1246.637628099397034,0.017105402000000
A/atoms001.POSCAR,0.400000000000000,6,6,108,16,16,512,4,4,4,1246.637627301487328,0.017149246000000
A/atoms001.POSCAR,0.400000000000000,6,6,109,16,16,512,4,4,4,1246.637627929399969,0.017157155000000
A/atoms001.POSCAR,0.400000000000000,6,6,110,16,16,512,4,4,4,1246.637626846985540,0.016964386000000
A/atoms001.POSCAR,0.400000000000000,6,6,111,16,16,512,4,4,4,1246.637628569327035,0.017019723000000
A/atoms001.POSCAR,0.400000000000000,6,6,112,16,16,512,4,4,4,1246.637626142193767,0.017019294000000
A/atoms001.POSCAR,0.400000000000000,6,6,113,16,16,512,4,4,4,1246.637628033409328,0.016932089000000
A/atoms001.POSCAR,0.400000000000000,6,6,114,16,16,512,4,4,4,1246.637626599906980,0.017066476000000
A/atoms001.POSCAR,0.400000000000000,6,6,115,16,16,512,4,4,4,1246.637627453573714,0.017062876000000
A/atoms001.POSCAR,0.400000000000000,6,6,116,16,16,512,4,4,4,1246.637626988434477,0.017293982000000
A/atoms001.POSCAR,0.400000000000000,6,6,117,16,16,512,4,4,4,1246.637627085223812,0.017219836000000
A/atoms001.POSCAR,0.400000000000000,6,6,118,16,16,512,4,4,4,1246.637627090041633,0.016966252000000
A/atoms001.POSCAR,0.400000000000000,6,6,119,16,16,512,4,4,4,1246.637627215983230,0.017134647000000
A/atoms001.POSCAR,0.400000000000000,6,6,120,16,16,512,4,4,4,1246.637626603076797,0.017019121000000
A/atoms001.POSCAR,0.400000000000000,6,6,121,16,16,512,4,4,4,1246.637627415669158,0.016934342000000
A/atoms001.POSCAR,0.400000000000000,6,6,122,16,16,512,4,4,4,1246.637626710447876,0.017090588000000
A/atoms001.POSCAR,0.400000000000000,6,6,123,16,16,512,4,4,4,1246.637627429534177,0.017140145000000
A/atoms001.POSCAR,0.400000000000000,6,6,124,16,16,512,4,4,4,1246.637626315254693,0.017239466000000
A/atoms001.POSCAR,0.4,6,6,4,16,16,512,4,4,4,931.119253701324169,0.017864342000000
A/atoms001.POSCAR,0.400000000000000,6,6,5,16,16,512,4,4,4,988.948734451896257,0.017028108000000
A/atoms001.POSCAR,0.400000000000000,6,6,6,16,16,512,4,4,4,992.028495496076175,0.016709963000000
A/atoms001.POSCAR,0.400000000000000,6,6,7,16,16,512,4,4,4,1021.630008209729908,0.016664987000000
A/atoms001.POSCAR,0.400000000000000,6,6,8,16,16,512,4,4,4,1079.767433730300127,0.016407398000000
A/atoms001.POSCAR,0.400000000000000,6,6,9,16,16,512,4,4,4,1157.363375368410743,0.016226150000000
A/atoms001.POSCAR,0.400000000000000,6,6,10,16,16,512,4,4,4,1195.362892899735698,0.016908921000000
A/atoms001.POSCAR,0.400000000000000,6,6,11,16,16,512,4,4,4,1213.744021121722881,0.018580270000000
A/atoms001.POSCAR,0.400000000000000,6,6,12,16,16,512,4,4,4,1214.156151920971297,0.016107308000000
A/atoms001.POSCAR,0.400000000000000,6,6,13,16,16,512,4,4,4,1217.405984541824637,0.016233779000000
A/atoms001.POSCAR,0.400000000000000,6,6,14,16,16,512,4,4,4,1225.744136892352799,0.016418015000000
A/atoms001.POSCAR,0.400000000000000,6,6,15,16,16,512,4,4,4,1235.544322187513444,0.016096307000000
A/atoms001.POSCAR,0.400000000000000,6,6,16,16,16,512,4,4,4,1241.155989297733640,0.016336738000000
A/atoms001.POSCAR,0.400000000000000,6,6,17,16,16,512,4,4,4,1243.629398499434046,0.016283857000000
A/atoms001.POSCAR,0.400000000000000,6,6,18,16,16,512,4,4,4,1243.915514848320527,0.016227032000000
A/atoms001.POSCAR,0.400000000000000,6,6,19,16,16,512,4,4,4,1244.248706210934643,0.016200466000000
A/atoms001.POSCAR,0.400000000000000,6,6,20,16,16,512,4,4,4,1244.758951933732305,0.016261188000000
A/atoms001.POSCAR,0.400000000000000,6,6,21,16,16,512,4,4,4,1245.934179921167924,0.016231909000000
A/atoms001.POSCAR,0.400000000000000,6,6,22,16,16,512,4,4,4,1246.091613232482359,0.016286511000000
A/atoms001.POSCAR,0.400000000000000,6,6,23,16,16,512,4,4,4,1246.559901243637569,0.016283493000000
A/atoms001.POSCAR,0.400000000000000,6,6,24,16,16,512,4,4,4,1246.497452061066497,0.016581481000000
A/atoms001.POSCAR,0.400000000000000,6,6,25,16,16,512,4,4,4,1246.532143616823987,0.016136951000000
A/atoms001.POSCAR,0.400000000000000,6,6,26,16,16,512,4,4,4,1246.548319716597462,0.017464596000000
A/atoms001.POSCAR,0.400000000000000,6,6,27,16,16,512,4,4,4,1246.634542608386710,0.016236121000000
A/atoms001.POSCAR,0.400000000000000,6,6,28,16,16,512,4,4,4,1246.581737579782839,0.016217377000000
A/atoms001.POSCAR,0.400000000000000,6,6,29,16,16,512,4,4,4,1246.660980568927471,0.016421398000000
A/atoms001.POSCAR,0.400000000000000,6,6,30,16,16,512,4,4,4,1246.623312828754024,0.016294300000000
A/atoms001.POSCAR,0.400000000000000,6,6,31,16,16,512,4,4,4,1246.636293597849772,0.016419773000000
A/atoms001.POSCAR,0.400000000000000,6,6,32,16,16,512,4,4,4,1246.635434244356929,0.016694176000000
A/atoms001.POSCAR,0.400000000000000,6,6,33,16,16,512,4,4,4,1246.646619182989298,0.016399303000000
A/atoms001.POSCAR,0.400000000000000,6,6,34,16,16,512,4,4,4,1246.614328762810601,0.016214854000000
A/atoms001.POSCAR,0.400000000000000,6,6,35,16,16,512,4,4,4,1246.673392799955764,0.019654433000000
A/atoms001.POSCAR,0.400000000000000,6,6,36,16,16,512,4,4,4,1246.593362120398069,0.016394621000000
A/atoms001.POSCAR,0.400000000000000,6,6,37,16,16,512,4,4,4,1246.682664679298114,0.016226035000000
A/atoms001.POSCAR,0.400000000000000,6,6,38,16,16,512,4,4,4,1246.599289272558508,0.016459273000000
A/atoms001.POSCAR,0.400000000000000,6,6,39,16,16,512,4,4,4,1246.664187884576677,0.016151286000000
A/atoms001.POSCAR,0.400000000000000,6,6,40,16,16,512,4,4,4,1246.623236655043002,0.016259844000000
A/atoms001.POSCAR,0.400000000000000,6,6,41,16,16,512,4,4,4,1246.643141720655876,0.016417123000000
A/atoms001.POSCAR,0.400000000000000,6,6,42,16,16,512,4,4,4,1246.636449613136620,0.016391701000000
A/atoms001.POSCAR,0.400000000000000,6,6,43,16,16,512,4,4,4,1246.637674715294906,0.016482455000000
A/atoms001.POSCAR,0.400000000000000,6,6,44,16,16,512,4,4,4,1246.637594176191442,0.016588406000000
A/atoms001.POSCAR,0.400000000000000,6,6,45,16,16,512,4,4,4,1246.637608928534519,0.016373247000000
A/atoms001.POSCAR,0.400000000000000,6,6,46,16,16,512,4,4,4,1246.637407705791020,0.016343747000000
A/atoms001.POSCAR,0.400000000000000,6,6,47,16,16,512,4,4,4,1246.639222335271825,0.016410833000000
A/atoms001.POSCAR,0.400000000000000,6,6,48,16,16,512,4,4,4,1246.633327370438337,0.016390478000000
A/atoms001.POSCAR,0.400000000000000,6,6,49,16,16,512,4,4,4,1246.644993904582861,0.016429246000000
A/atoms001.POSCAR,0.400000000000000,6,6,50,16,16,512,4,4,4,1246.628301658117834,0.016731175000000
A/atoms001.POSCAR,0.400000000000000,6,6,51,16,16,512,4,4,4,1246.646820595227382,0.016429389000000
A/atoms001.POSCAR,0.400000000000000,6,6,52,16,16,512,4,4,4,1246.630488859622346,0.016389422000000
A/atoms001.POSCAR,0.400000000000000,6,6,53,16,16,512,4,4,4,1246.641859292078834,0.016386231000000
A/atoms001.POSCAR,0.400000000000000,6,6,54,16,16,512,4,4,4,1246.635872021878640,0.016457553000000
A/atoms001.POSCAR,0.400000000000000,6,6,55,16,16,512,4,4,4,1246.638074114210440,0.016404108000000
A/atoms001.POSCAR,0.400000000000000,6,6,56,16,16,512,4,4,4,1246.637314987902982,0.016533603000000
A/atoms001.POSCAR,0.400000000000000,6,6,57,16,16,512,4,4,4,1246.638435352845136,0.016432730000000
A/atoms001.POSCAR,0.400000000000000,6,6,58,16,16,512,4,4,4,1246.636300214212042,0.016526229000000
A/atoms001.POSCAR,0.400000000000000,6,6,59,16,16,512,4,4,4,1246.639108519561887,0.016516234000000
A/atoms001.POSCAR,0.400000000000000,6,6,60,16,16,512,4,4,4,1246.636379200532701,0.016438870000000
A/atoms001.POSCAR,0.400000000000000,6,6,61,16,16,512,4,4,4,1246.638446178917320,0.016445772000000
A/atoms001.POSCAR,0.400000000000000,6,6,62,16,16,512,4,4,4,1246.637154822724142,0.016562285000000
A/atoms001.POSCAR,0.400000000000000,6,6,63,16,16,512,4,4,4,1246.638001104115347,0.017199978000000
A/atoms001.POSCAR,0.400000000000000,6,6,64,16,16,512,4,4,4,1246.637074967095259,0.016489376000000
A/atoms001.POSCAR,0.400000000000000,6,6,65,16,16,512,4,4,4,1246.638491262626530,0.016521964000000
A/atoms001.POSCAR,0.400000000000000,6,6,66,16,16,512,4,4,4,1246.636504331736887,0.016570510000000
A/atoms001.POSCAR,0.400000000000000,6,6,67,16,16,512,4,4,4,1246.638785528658900,0.016613173000000
A/atoms001.POSCAR,0.400000000000000,6,6,68,16,16,512,4,4,4,1246.636681415175644,0.016512366000000
A/atoms001.POSCAR,0.400000000000000,6,6,69,16,16,512,4,4,4,1246.638197521222310,0.016630095000000
A/atoms001.POSCAR,0.400000000000000,6,6,70,16,16,512,4,4,4,1246.637414142000807,0.016494523000000
A/atoms001.POSCAR,0.400000000000000,6,6,71,16,16,512,4,4,4,1246.637633277211535,0.016628739000000
A/atoms001.POSCAR,0.400000000000000,6,6,72,16,16,512,4,4,4,1246.637619597044932,0.016537604000000
A/atoms001.POSCAR,0.400000000000000,6,6,73,16,16,512,4,4,4,1246.637772182109529,0.016571442000000
A/atoms001.POSCAR,0.400000000000000,6,6,74,16,16,512,4,4,4,1246.637312732278360,0.016702007000000
A/atoms001.POSCAR,0.400000000000000,6,6,75,16,16,512,4,4,4,1246.638032137888786,0.016933996000000
A/atoms001.POSCAR,0.400000000000000,6,6,76,16,16,512,4,4,4,1246.637234387353828,0.016548587000000
A/atoms001.POSCAR,0.400000000000000,6,6,77,16,16,512,4,4,4,1246.637921522958095,0.016710754000000
A/atoms001.POSCAR,0.400000000000000,6,6,78,16,16,512,4,4,4,1246.637448265467128,0.016532823000000
A/atoms001.POSCAR,0.400000000000000,6,6,79,16,16,512,4,4,4,1246.637710103212839,0.016581068000000
A/atoms001.POSCAR,0.400000000000000,6,6,80,16,16,512,4,4,4,1246.637591967755043,0.016610512000000
A/atoms001.POSCAR,0.400000000000000,6,6,81,16,16,512,4,4,4,1246.637642815400113,0.016825652000000
A/atoms001.POSCAR,0.400000000000000,6,6,82,16,16,512,4,4,4,1246.637610177750275,0.016705974000000
A/atoms001.POSCAR,0.400000000000000,6,6,83,16,16,512,4,4,4,1246.637641621114653,0.016713001000000
A/atoms001.POSCAR,0.400000000000000,6,6,84,16,16,512,4,4,4,1246.637612128397222,0.016580031000000
A/atoms001.POSCAR,0.400000000000000,6,6,85,16,16,512,4,4,4,1246.637637876770896,0.016651912000000
A/atoms001.POSCAR,0.400000000000000,6,6,86,16,16,512,4,4,4,1246.637619253902130,0.016698966000000
A/atoms001.POSCAR,0.400000000000000,6,6,87,16,16,512,4,4,4,1246.637634140115097,0.016601695000000
A/atoms001.POSCAR,0.400000000000000,6,6,88,16,16,512,4,4,4,1246.637622275995000,0.016684012000000
A/atoms001.POSCAR,0.400000000000000,6,6,89,16,16,512,4,4,4,1246.637630872779710,0.016676511000000
A/atoms001.POSCAR,0.400000000000000,6,6,90,16,16,512,4,4,4,1246.637624717357767,0.016702024000000
A/atoms001.POSCAR,0.400000000000000,6,6,91,16,16,512,4,4,4,1246.637631496225822,0.016711403000000
A/atoms001.POSCAR,0.400000000000000,6,6,92,16,16,512,4,4,4,1246.637620256746686,0.016591975000000
A/atoms001.POSCAR,0.400000000000000,6,6,93,16,16,512,4,4,4,1246.637637880541888,0.016691948000000
A/atoms001.POSCAR,0.400000000000000,6,6,94,16,16,512,4,4,4,1246.637615534753195,0.016650155000000
A/atoms001.POSCAR,0.400000000000000,6,6,95,16,16,512,4,4,4,1246.637638228106198,0.016662460000000
A/atoms001.POSCAR,0.400000000000000,6,6,96,16,16,512,4,4,4,1246.637619579016928,0.016620406000000
A/atoms001.POSCAR,0.400000000000000,6,6,97,16,16,512,4,4,4,1246.637632243514645,0.016897356000000
A/atoms001.POSCAR,0.400000000000000,6,6,98,16,16,512,4,4,4,1246.637624655675381,0.017059555000000
A/atoms001.POSCAR,0.400000000000000,6,6,99,16,16,512,4,4,4,1246.637630089166578,0.017048220000000
A/atoms001.POSCAR,0.400000000000000,6,6,100,16,16,512,4,4,4,1246.637623682337335,0.016853156000000
A/atoms001.POSCAR,0.400000000000000,6,6,101,16,16,512,4,4,4,1246.637632341219842,0.016872240000000
A/atoms001.POSCAR,0.400000000000000,6,6,102,16,16,512,4,4,4,1246.637621478272422,0.016831334000000
A/atoms001.POSCAR,0.400000000000000,6,6,103,16,16,512,4,4,4,1246.637633204521762,0.016795701000000
A/atoms001.POSCAR,0.400000000000000,6,6,104,16,16,512,4,4,4,1246.637623067123286,0.016891088000000
A/atoms001.POSCAR,0.400000000000000,6,6,105,16,16,512,4,4,4,1246.637629994655981,0.017106792000000
A/atoms001.POSCAR,0.400000000000000,6,6,106,16,16,512,4,4,4,1246.637625687775653,0.017170096000000
A/atoms001.POSCAR,0.400000000000000,6,6,107,16,16,512,4,4,4,1246.637628099397261,0.016876276000000
A/atoms001.POSCAR,0.400000000000000,6,6,108,16,16,512,4,4,4,1246.637627301487555,0.016784412000000
A/atoms001.POSCAR,0.400000000000000,6,6,109,16,16,512,4,4,4,1246.637627929399969,0.016945036000000
A/atoms001.POSCAR,0.400000000000000,6,6,110,16,16,512,4,4,4,1246.637626846985313,0.016849382000000
A/atoms001.POSCAR,0.400000000000000,6,6,111,16,16,512,4,4,4,1246.637628569324988,0.016925098000000
A/atoms001.POSCAR,0.400000000000000,6,6,112,16,16,512,4,4,4,1246.637626142193994,0.016978987000000
A/atoms001.POSCAR,0.400000000000000,6,6,113,16,16,512,4,4,4,1246.637628033409101,0.017099190000000
A/atoms001.POSCAR,0.400000000000000,6,6,114,16,16,512,4,4,4,1246.637626599907890,0.016990943000000
A/atoms001.POSCAR,0.400000000000000,6,6,115,16,16,512,4,4,4,1246.637627453573032,0.017032095000000
A/atoms001.POSCAR,0.400000000000000,6,6,116,16,16,512,4,4,4,1246.637626988435159,0.017079379000000
A/atoms001.POSCAR,0.400000000000000,6,6,117,16,16,512,4,4,4,1246.637627085222675,0.019886289000000
A/atoms001.POSCAR,0.400000000000000,6,6,118,16,16,512,4,4,4,1246.637627090040951,0.016792947000000
A/atoms001.POSCAR,0.400000000000000,6,6,119,16,16,512,4,4,4,1246.637627215983002,0.016970139000000
A/atoms001.POSCAR,0.400000000000000,6,6,120,16,16,512,4,4,4,1246.637626603077479,0.016890360000000
A/atoms001.POSCAR,0.400000000000000,6,6,121,16,16,512,4,4,4,1246.637627415669613,0.016936883000000
A/atoms001.POSCAR,0.400000000000000,6,6,122,16,16,512,4,4,4,1246.637626710447421,0.017077916000000
A/atoms001.POSCAR,0.400000000000000,6,6,123,16,16,512,4,4,4,1246.637627429534632,0.016943451000000
A/atoms001.POSCAR,0.400000000000000,6,6,124,16,16,512,4,4,4,1246.637626315254693,0.016880115000000
A/atoms001.POSCAR,0.4,6,6,4,16,16,1024,4,4,4,931.119255343775308,0.031724075000000
A/atoms001.POSCAR,0.400000000000000,6,6,5,16,16,1024,4,4,4,988.948739491056926,0.030300442000000
A/atoms001.POSCAR,0.400000000000000,6,6,6,16,16,1024,4,4,4,992.028500117380190,0.029739816000000
A/atoms001.POSCAR,0.400000000000000,6,6,7,16,16,1024,4,4,4,1021.629990183827090,0.031354678000000
A/atoms001.POSCAR,0.400000000000000,6,6,8,16,16,1024,4,4,4,1079.767402022418310,0.029298167000000
A/atoms001.POSCAR,0.400000000000000,6,6,9,16,16,1024,4,4,4,1157.363244383483334,0.029607265000000
A/atoms001.POSCAR,0.400000000000000,6,6,10,16,16,1024,4,4,4,1195.362775756291967,0.029179230000000
A/atoms001.POSCAR,0.400000000000000,6,6,11,16,16,1024,4,4,4,1213.743814696201980,0.029238975000000
A/atoms001.POSCAR,0.400000000000000,6,6,12,16,16,1024,4,4,4,1214.155973019916473,0.029395048000000
A/atoms001.POSCAR,0.400000000000000,6,6,13,16,16,1024,4,4,4,1217.405792922579167,0.029028390000000
A/atoms001.POSCAR,0.400000000000000,6,6,14,16,16,1024,4,4,4,1225.743926230929219,0.028873024000000
A/atoms001.POSCAR,0.400000000000000,6,6,15,16,16,1024,4,4,4,1235.544082035108431,0.028687788000000
A/atoms001.POSCAR,0.400000000000000,6,6,16,16,16,1024,4,4,4,1241.155738929474637,0.029440931000000
A/atoms001.POSCAR,0.400000000000000,6,6,17,16,16,1024,4,4,4,1243.629097753519773,0.029257328000000
A/atoms001.POSCAR,0.400000000000000,6,6,18,16,16,1024,4,4,4,1243.915229706316495,0.029261094000000
A/atoms001.POSCAR,0.400000000000000,6,6,19,16,16,1024,4,4,4,1244.248422822134899,0.029347233000000
A/atoms001.POSCAR,0.400000000000000,6,6,20,16,16,1024,4,4,4,1244.758661151086926,0.029087562000000
A/atoms001.POSCAR,0.400000000000000,6,6,21,16,16,1024,4,4,4,1245.933893861453271,0.028951841000000
A/atoms001.POSCAR,0.400000000000000,6,6,22,16,16,1024,4,4,4,1246.091330829418212,0.029170231000000
A/atoms001.POSCAR,0.400000000000000,6,6,23,16,16,1024,4,4,4,1246.559588713137146,0.029542223000000
A/atoms001.POSCAR,0.400000000000000,6,6,24,16,16,1024,4,4,4,1246.497157025456772,0.029421735000000
A/atoms001.POSCAR,0.400000000000000,6,6,25,16,16,1024,4,4,4,1246.531842021832517,0.029469327000000
A/atoms001.POSCAR,0.400000000000000,6,6,26,16,16,1024,4,4,4,1246.548012611837521,0.029221752000000
A/atoms001.POSCAR,0.400000000000000,6,6,27,16,16,1024,4,4,4,1246.634242252340755,0.029120740000000
A/atoms001.POSCAR,0.400000000000000,6,6,28,16,16,1024,4,4,4,1246.581451501426955,0.028958075000000
A/atoms001.POSCAR,0.400000000000000,6,6,29,16,16,1024,4,4,4,1246.660659248686443,0.029148408000000
A/atoms001.POSCAR,0.400000000000000,6,6,30,16,16,1024,4,4,4,1246.623035855493981,0.029345811000000
A/atoms001.POSCAR,0.400000000000000,6,6,31,16,16,1024,4,4,4,1246.635985573465859,0.029271358000000
A/atoms001.POSCAR,0.400000000000000,6,6,32,16,16,1024,4,4,4,1246.635127102618299,0.029223153000000
A/atoms001.POSCAR,0.400000000000000,6,6,33,16,16,1024,4,4,4,1246.646343472476929,0.032888342000000
A/atoms001.POSCAR,0.400000000000000,6,6,34,16,16,1024,4,4,4,1246.614002033611996,0.029985910000000
A/atoms001.POSCAR,0.400000000000000,6,6,35,16,16,1024,4,4,4,1246.673119480169817,0.029058771000000
A/atoms001.POSCAR,0.400000000000000,6,6,36,16,16,1024,4,4,4,1246.593045355986078,0.029050680000000
A/atoms001.POSCAR,0.400000000000000,6,6,37,16,16,1024,4,4,4,1246.682379401067465,0.029424286000000
A/atoms001.POSCAR,0.400000000000000,6,6,38,16,16,1024,4,4,4,1246.598979266294236,0.029288876000000
A/atoms001.POSCAR,0.400000000000000,6,6,39,16,16,1024,4,4,4,1246.663901750161358,0.029400131000000
A/atoms001.POSCAR,0.400000000000000,6,6,40,16,16,1024,4,4,4,1246.622925878406477,0.029447435000000
A/atoms001.POSCAR,0.400000000000000,6,6,41,16,16,1024,4,4,4,1246.642853466760698,0.029463148000000
A/atoms001.POSCAR,0.400000000000000,6,6,42,16,16,1024,4,4,4,1246.636144852612006,0.029456206000000
A/atoms001.POSCAR,0.400000000000000,6,6,43,16,16,1024,4,4,4,1246.637379067948586,0.029264850000000
A/atoms001.POSCAR,0.400000000000000,6,6,44,16,16,1024,4,4,4,1246.637294896834192,0.029186991000000
A/atoms001.POSCAR,0.400000000000000,6,6,45,16,16,1024,4,4,4,1246.637311010887970,0.029191476000000
A/atoms001.POSCAR,0.400000000000000,6,6,46,16,16,1024,4,4,4,1246.637108587799275,0.029274564000000
A/atoms001.POSCAR,0.400000000000000,6,6,47,16,16,1024,4,4,4,1246.638924716195106,0.029366156000000
A/atoms001.POSCAR,0.400000000000000,6,6,48,16,16,1024,4,4,4,1246.633027680441501,0.029491851000000
A/atoms001.POSCAR,0.400000000000000,6,6,49,16,16,1024,4,4,4,1246.644698556220646,0.029505841000000
A/atoms001.POSCAR,0.400000000000000,6,6,50,16,16,1024,4,4,4,1246.627996804008490,0.029360734000000
A/atoms001.POSCAR,0.400000000000000,6,6,51,16,16,1024,4,4,4,1246.646532241754585,0.029514024000000
A/atoms001.POSCAR,0.400000000000000,6,6,52,16,16,1024,4,4,4,1246.630178663438755,0.029455872000000
A/atoms001.POSCAR,0.400000000000000,6,6,53,16,16,1024,4,4,4,1246.641570862662093,0.029639421000000
A/atoms001.POSCAR,0.400000000000000,6,6,54,16,16,1024,4,4,4,1246.635568512422424,0.029413964000000
A/atoms001.POSCAR,0.400000000000000,6,6,55,16,16,1024,4,4,4,1246.637775042696830,0.029369625000000
A/atoms001.POSCAR,0.400000000000000,6,6,56,16,16,1024,4,4,4,1246.637020982734612,0.029380511000000
A/atoms001.POSCAR,0.400000000000000,6,6,57,16,16,1024,4,4,4,1246.638132310653191,0.029880976000000
A/atoms001.POSCAR,0.400000000000000,6,6,58,16,16,1024,4,4,4,1246.636003569209606,0.029285699000000
A/atoms001.POSCAR,0.400000000000000,6,6,59,16,16,1024,4,4,4,1246.638812152603805,0.029310860000000
A/atoms001.POSCAR,0.400000000000000,6,6,60,16,16,1024,4,4,4,1246.636076079395480,0.029173251000000
A/atoms001.POSCAR,0.400000000000000,6,6,61,16,16,1024,4,4,4,1246.638152938123312,0.029318378000000
A/atoms001.POSCAR,0.400000000000000,6,6,62,16,16,1024,4,4,4,1246.636852395482038,0.029078607000000
A/atoms001.POSCAR,0.400000000000000,6,6,63,16,16,1024,4,4,4,1246.637705163326018,0.029362267000000
A/atoms001.POSCAR,0.400000000000000,6,6,64,16,16,1024,4,4,4,1246.636774902237221,0.029286651000000
A/atoms001.POSCAR,0.400000000000000,6,6,65,16,16,1024,4,4,4,1246.638194499852034,0.029538235000000
A/atoms001.POSCAR,0.400000000000000,6,6,66,16,16,1024,4,4,4,1246.636203967772417,0.029661883000000
A/atoms001.POSCAR,0.400000000000000,6,6,67,16,16,1024,4,4,4,1246.638488920430063,0.031331892000000
A/atoms001.POSCAR,0.400000000000000,6,6,68,16,16,1024,4,4,4,1246.636381940496221,0.029799275000000
A/atoms001.POSCAR,0.400000000000000,6,6,69,16,16,1024,4,4,4,1246.637899136655506,0.029705141000000
A/atoms001.POSCAR,0.400000000000000,6,6,70,16,16,1024,4,4,4,1246.637116350210817,0.029051593000000
A/atoms001.POSCAR,0.400000000000000,6,6,71,16,16,1024,4,4,4,1246.637334285603856,0.029559841000000
A/atoms001.POSCAR,0.400000000000000,6,6,72,16,16,1024,4,4,4,1246.637321074789497,0.029640115000000
A/atoms001.POSCAR,0.400000000000000,6,6,73,16,16,1024,4,4,4,1246.637474672569624,0.031539811000000
A/atoms001.POSCAR,0.400000000000000,6,6,74,16,16,1024,4,4,4,1246.637012944165235,0.029216988000000
A/atoms001.POSCAR,0.400000000000000,6,6,75,16,16,1024,4,4,4,1246.637734980137111,0.029587456000000
A/atoms001.POSCAR,0.400000000000000,6,6,76,16,16,1024,4,4,4,1246.636935209988224,0.029413312000000
A/atoms001.POSCAR,0.400000000000000,6,6,77,16,16,1024,4,4,4,1246.637623303663759,0.029807596000000
A/atoms001.POSCAR,0.400000000000000,6,6,78,16,16,1024,4,4,4,1246.637149944657494,0.029373707000000
A/atoms001.POSCAR,0.400000000000000,6,6,79,16,16,1024,4,4,4,1246.637411613995710,0.029731512000000
A/atoms001.POSCAR,0.400000000000000,6,6,80,16,16,1024,4,4,4,1246.637293387622321,0.029148818000000
A/atoms001.POSCAR,0.400000000000000,6,6,81,16,16,1024,4,4,4,1246.637344756379207,0.029554420000000
A/atoms001.POSCAR,0.400000000000000,6,6,82,16,16,1024,4,4,4,1246.637311367054281,0.029530253000000
A/atoms001.POSCAR,0.400000000000000,6,6,83,16,16,1024,4,4,4,1246.637343440191898,0.029627320000000
A/atoms001.POSCAR,0.400000000000000,6,6,84,16,16,1024,4,4,4,1246.637313685253957,0.029635822000000
A/atoms001.POSCAR,0.400000000000000,6,6,85,16,16,1024,4,4,4,1246.637339313617304,0.029743283000000
A/atoms001.POSCAR,0.400000000000000,6,6,86,16,16,1024,4,4,4,1246.637320995544314,0.029524051000000
A/atoms001.POSCAR,0.400000000000000,6,6,87,16,16,1024,4,4,4,1246.637335598298478,0.029553237000000
A/atoms001.POSCAR,0.400000000000000,6,6,88,16,16,1024,4,4,4,1246.637323890429798,0.029790062000000
A/atoms001.POSCAR,0.400000000000000,6,6,89,16,16,1024,4,4,4,1246.637332419516270,0.029647168000000
A/atoms001.POSCAR,0.400000000000000,6,6,90,16,16,1024,4,4,4,1246.637326354904872,0.029297556000000
A/atoms001.POSCAR,0.400000000000000,6,6,91,16,16,1024,4,4,4,1246.637332943573028,0.029689037000000
A/atoms001.POSCAR,0.400000000000000,6,6,92,16,16,1024,4,4,4,1246.637321968725018,0.029537160000000
A/atoms001.POSCAR,0.400000000000000,6,6,93,16,16,1024,4,4,4,1246.637339363264346,0.029923414000000
A/atoms001.POSCAR,0.400000000000000,6,6,94,16,16,1024,4,4,4,1246.637317090227043,0.029544970000000
A/atoms001.POSCAR,0.400000000000000,6,6,95,16,16,1024,4,4,4,1246.637339918741645,0.029428455000000
A/atoms001.POSCAR,0.400000000000000,6,6,96,16,16,1024,4,4,4,1246.637320976020646,0.029685955000000
A/atoms001.POSCAR,0.400000000000000,6,6,97,16,16,1024,4,4,4,1246.637333975283809,0.029464932000000
A/atoms001.POSCAR,0.400000000000000,6,6,98,16,16,1024,4,4,4,1246.637326139483775,0.029761426000000
A/atoms001.POSCAR,0.400000000000000,6,6,99,16,16,1024,4,4,4,1246.637331657369941,0.029926461000000
A/atoms001.POSCAR,0.400000000000000,6,6,100,16,16,1024,4,4,4,1246.637325328799989,0.029515780000000
A/atoms001.POSCAR,0.400000000000000,6,6,101,16,16,1024,4,4,4,1246.637333804563241,0.029622555000000
A/atoms001.POSCAR,0.400000000000000,6,6,102,16,16,1024,4,4,4,1246.637323165463840,0.032302224000000
A/atoms001.POSCAR,0.400000000000000,6,6,103,16,16,1024,4,4,4,1246.637334679617425,0.029722899000000
A/atoms001.POSCAR,0.400000000000000,6,6,104,16,16,1024,4,4,4,1246.637324705039873,0.029489831000000
A/atoms001.POSCAR,0.400000000000000,6,6,105,16,16,1024,4,4,4,1246.637331524570982,0.029603534000000
A/atoms001.POSCAR,0.400000000000000,6,6,106,16,16,1024,4,4,4,1246.637327291085739,0.030337823000000
A/atoms001.POSCAR,0.400000000000000,6,6,107,16,16,1024,4,4,4,1246.637329655544363,0.029383462000000
A/atoms001.POSCAR,0.400000000000000,6,6,108,16,16,1024,4,4,4,1246.637328864322626,0.029752692000000
A/atoms001.POSCAR,0.400000000000000,6,6,109,16,16,1024,4,4,4,1246.637329516207501,0.029702111000000
A/atoms001.POSCAR,0.400000000000000,6,6,110,16,16,1024,4,4,4,1246.637328385798810,0.029641602000000
A/atoms001.POSCAR,0.400000000000000,6,6,111,16,16,1024,4,4,4,1246.637330167782011,0.029817515000000
A/atoms001.POSCAR,0.400000000000000,6,6,112,16,16,1024,4,4,4,1246.637327674952985,0.029362601000000
A/atoms001.POSCAR,0.400000000000000,6,6,113,16,16,1024,4,4,4,1246.637329607026913,0.029708078000000
A/atoms001.POSCAR,0.400000000000000,6,6,114,16,16,1024,4,4,4,1246.637328148626693,0.029645001000000
A/atoms001.POSCAR,0.400000000000000,6,6,115,16,16,1024,4,4,4,1246.637329014199622,0.029830231000000
A/atoms001.POSCAR,0.400000000000000,6,6,116,16,16,1024,4,4,4,1246.637328541806937,0.029764595000000
A/atoms001.POSCAR,0.400000000000000,6,6,117,16,16,1024,4,4,4,1246.637328644287663,0.029611424000000
A/atoms001.POSCAR,0.400000000000000,6,6,118,16,16,1024,4,4,4,1246.637328642789271,0.034802689000000
A/atoms001.POSCAR,0.400000000000000,6,6,119,16,16,1024,4,4,4,1246.637328777304447,0.029610258000000
A/atoms001.POSCAR,0.400000000000000,6,6,120,16,16,1024,4,4,4,1246.637328143669720,0.029640410000000
A/atoms001.POSCAR,0.400000000000000,6,6,121,16,16,1024,4,4,4,1246.637328979334370,0.029910322000000
A/atoms001.POSCAR,0.400000000000000,6,6,122,16,16,1024,4,4,4,1246.637328255008470,0.029538124000000
A/atoms001.POSCAR,0.400000000000000,6,6,123,16,16,1024,4,4,4,1246.637328993482697,0.030334536000000
A/atoms001.POSCAR,0.400000000000000,6,6,124,16,16,1024,4,4,4,1246.637327847687857,0.029649788000000
A/atoms001.POSCAR,0.4,6,6,4,16,16,1024,4,4,4,931.119255343775308,0.032061292000000
A/atoms001.POSCAR,0.400000000000000,6,6,5,16,16,1024,4,4,4,988.948739491057040,0.030245160000000
A/atoms001.POSCAR,0.400000000000000,6,6,6,16,16,1024,4,4,4,992.028500117379735,0.029492558000000
A/atoms001.POSCAR,0.400000000000000,6,6,7,16,16,1024,4,4,4,1021.629990183827204,0.029284714000000
A/atoms001.POSCAR,0.400000000000000,6,6,8,16,16,1024,4,4,4,1079.767402022418310,0.029470948000000
A/atoms001.POSCAR,0.400000000000000,6,6,9,16,16,1024,4,4,4,1157.363244383483334,0.029218554000000
A/atoms001.POSCAR,0.400000000000000,6,6,10,16,16,1024,4,4,4,1195.362775756291285,0.029314725000000
A/atoms001.POSCAR,0.400000000000000,6,6,11,16,16,1024,4,4,4,1213.743814696201753,0.029550532000000
A/atoms001.POSCAR,0.400000000000000,6,6,12,16,16,1024,4,4,4,1214.155973019916246,0.029069255000000
A/atoms001.POSCAR,0.400000000000000,6,6,13,16,16,1024,4,4,4,1217.405792922579622,0.028935753000000
A/atoms001.POSCAR,0.400000000000000,6,6,14,16,16,1024,4,4,4,1225.743926230929674,0.028810073000000
A/atoms001.POSCAR,0.400000000000000,6,6,15,16,16,1024,4,4,4,1235.544082035108431,0.028966048000000
A/atoms001.POSCAR,0.400000000000000,6,6,16,16,16,1024,4,4,4,1241.155738929474182,0.029042441000000
A/atoms001.POSCAR,0.400000000000000,6,6,17,16,16,1024,4,4,4,1243.629097753519545,0.028943392000000
A/atoms001.POSCAR,0.400000000000000,6,6,18,16,16,1024,4,4,4,1243.915229706316040,0.029308820000000
A/atoms001.POSCAR,0.400000000000000,6,6,19,16,16,1024,4,4,4,1244.248422822134899,0.029157511000000
A/atoms001.POSCAR,0.400000000000000,6,6,20,16,16,1024,4,4,4,1244.758661151086017,0.029157829000000
A/atoms001.POSCAR,0.400000000000000,6,6,21,16,16,1024,4,4,4,1245.933893861453271,0.029428046000000
A/atoms001.POSCAR,0.400000000000000,6,6,22,16,16,1024,4,4,4,1246.091330829418439,0.029011495000000
A/atoms001.POSCAR,0.400000000000000,6,6,23,16,16,1024,4,4,4,1246.559588713136691,0.029074692000000
A/atoms001.POSCAR,0.400000000000000,6,6,24,16,16,1024,4,4,4,1246.497157025457000,0.029416955000000
A/atoms001.POSCAR,0.400000000000000,6,6,25,16,16,1024,4,4,4,1246.531842021832972,0.029157173000000
A/atoms001.POSCAR,0.400000000000000,6,6,26,16,16,1024,4,4,4,1246.548012611837748,0.029380666000000
A/atoms001.POSCAR,0.400000000000000,6,6,27,16,16,1024,4,4,4,1246.634242252341437,0.029646352000000
A/atoms001.POSCAR,0.400000000000000,6,6,28,16,16,1024,4,4,4,1246.581451501426500,0.028977659000000
A/atoms001.POSCAR,0.400000000000000,6,6,29,16,16,1024,4,4,4,1246.660659248687352,0.029243376000000
A/atoms001.POSCAR,0.400000000000000,6,6,30,16,16,1024,4,4,4,1246.623035855493526,0.029026403000000
A/atoms001.POSCAR,0.400000000000000,6,6,31,16,16,1024,4,4,4,1246.635985573466314,0.029112560000000
A/atoms001.POSCAR,0.400000000000000,6,6,32,16,16,1024,4,4,4,1246.635127102618753,0.028996836000000
A/atoms001.POSCAR,0.400000000000000,6,6,33,16,16,1024,4,4,4,1246.646343472477838,0.029291189000000
A/atoms001.POSCAR,0.400000000000000,6,6,34,16,16,1024,4,4,4,1246.614002033611314,0.033429318000000
A/atoms001.POSCAR,0.400000000000000,6,6,35,16,16,1024,4,4,4,1246.673119480168907,0.028949222000000
A/atoms001.POSCAR,0.400000000000000,6,6,36,16,16,1024,4,4,4,1246.593045355986533,0.029074027000000
A/atoms001.POSCAR,0.400000000000000,6,6,37,16,16,1024,4,4,4,1246.682379401067465,0.029225704000000
A/atoms001.POSCAR,0.400000000000000,6,6,38,16,16,1024,4,4,4,1246.598979266294464,0.029220693000000
A/atoms001.POSCAR,0.400000000000000,6,6,39,16,16,1024,4,4,4,1246.663901750160903,0.029283180000000
A/atoms001.POSCAR,0.400000000000000,6,6,40,16,16,1024,4,4,4,1246.622925878406477,0.029586125000000
A/atoms001.POSCAR,0.400000000000000,6,6,41,16,16,1024,4,4,4,1246.642853466760471,0.029425007000000
A/atoms001.POSCAR,0.400000000000000,6,6,42,16,16,1024,4,4,4,1246.636144852610641,0.029930932000000
A/atoms001.POSCAR,0.400000000000000,6,6,43,16,16,1024,4,4,4,1246.637379067948814,0.029304748000000
A/atoms001.POSCAR,0.400000000000000,6,6,44,16,16,1024,4,4,4,1246.637294896835328,0.028915564000000
A/atoms001.POSCAR,0.400000000000000,6,6,45,16,16,1024,4,4,4,1246.637311010888652,0.029391707000000
A/atoms001.POSCAR,0.400000000000000,6,6,46,16,16,1024,4,4,4,1246.637108587799275,0.029002563000000
A/atoms001.POSCAR,0.400000000000000,6,6,47,16,16,1024,4,4,4,1246.638924716195334,0.029130909000000
A/atoms001.POSCAR,0.400000000000000,6,6,48,16,16,1024,4,4,4,1246.633027680441046,0.029417385000000
A/atoms001.POSCAR,0.400000000000000,6,6,49,16,16,1024,4,4,4,1246.644698556220646,0.029466664000000
A/atoms001.POSCAR,0.400000000000000,6,6,50,16,16,1024,4,4,4,1246.627996804008490,0.029235758000000
A/atoms001.POSCAR,0.400000000000000,6,6,51,16,16,1024,4,4,4,1246.646532241755722,0.029426691000000
A/atoms001.POSCAR,0.400000000000000,6,6,52,16,16,1024,4,4,4,1246.630178663438755,0.029841708000000
A/atoms001.POSCAR,0.400000000000000,6,6,53,16,16,1024,4,4,4,1246.641570862662547,0.029284616000000
A/atoms001.POSCAR,0.400000000000000,6,6,54,16,16,1024,4,4,4,1246.635568512423333,0.028944749000000
A/atoms001.POSCAR,0.400000000000000,6,6,55,16,16,1024,4,4,4,1246.637775042697058,0.029527147000000
A/atoms001.POSCAR,0.400000000000000,6,6,56,16,16,1024,4,4,4,1246.637020982734612,0.030755170000000
A/atoms001.POSCAR,0.400000000000000,6,6,57,16,16,1024,4,4,4,1246.638132310652736,0.032817645000000
A/atoms001.POSCAR,0.400000000000000,6,6,58,16,16,1024,4,4,4,1246.636003569210061,0.029458153000000
A/atoms001.POSCAR,0.400000000000000,6,6,59,16,16,1024,4,4,4,1246.638812152603350,0.029710039000000
A/atoms001.POSCAR,0.400000000000000,6,6,60,16,16,1024,4,4,4,1246.636076079396389,0.028870741000000
A/atoms001.POSCAR,0.400000000000000,6,6,61,16,16,1024,4,4,4,1246.638152938123085,0.028969075000000
A/atoms001.POSCAR,0.400000000000000,6,6,62,16,16,1024,4,4,4,1246.636852395482038,0.029848190000000
A/atoms001.POSCAR,0.400000000000000,6,6,63,16,16,1024,4,4,4,1246.637705163326018,0.032839549000000
A/atoms001.POSCAR,0.400000000000000,6,6,64,16,16,1024,4,4,4,1246.636774902238813,0.029202671000000
A/atoms001.POSCAR,0.400000000000000,6,6,65,16,16,1024,4,4,4,1246.638194499852034,0.029340243000000
A/atoms001.POSCAR,0.400000000000000,6,6,66,16,16,1024,4,4,4,1246.636203967772190,0.029271352000000
A/atoms001.POSCAR,0.400000000000000,6,6,67,16,16,1024,4,4,4,1246.638488920429836,0.029358192000000
A/atoms001.POSCAR,0.400000000000000,6,6,68,16,16,1024,4,4,4,1246.636381940497358,0.029542234000000
A/atoms001.POSCAR,0.400000000000000,6,6,69,16,16,1024,4,4,4,1246.637899136654596,0.029422933000000
A/atoms001.POSCAR,0.400000000000000,6,6,70,16,16,1024,4,4,4,1246.637116350211500,0.029373439000000
A/atoms001.POSCAR,0.400000000000000,6,6,71,16,16,1024,4,4,4,1246.637334285604311,0.029506476000000
A/atoms001.POSCAR,0.400000000000000,6,6,72,16,16,1024,4,4,4,1246.637321074789725,0.029332214000000
A/atoms001.POSCAR,0.400000000000000,6,6,73,16,16,1024,4,4,4,1246.637474672570306,0.029679852000000
A/atoms001.POSCAR,0.400000000000000,6,6,74,16,16,1024,4,4,4,1246.637012944165235,0.029100048000000
A/atoms001.POSCAR,0.400000000000000,6,6,75,16,16,1024,4,4,4,1246.637734980137111,0.029261389000000
A/atoms001.POSCAR,0.400000000000000,6,6,76,16,16,1024,4,4,4,1246.636935209987541,0.029981385000000
A/atoms001.POSCAR,0.400000000000000,6,6,77,16,16,1024,4,4,4,1246.637623303663986,0.029226274000000
A/atoms001.POSCAR,0.400000000000000,6,6,78,16,16,1024,4,4,4,1246.637149944656812,0.029447430000000
A/atoms001.POSCAR,0.400000000000000,6,6,79,16,16,1024,4,4,4,1246.637411613995027,0.029286077000000
A/atoms001.POSCAR,0.400000000000000,6,6,80,16,16,1024,4,4,4,1246.637293387621867,0.029423351000000
A/atoms001.POSCAR,0.400000000000000,6,6,81,16,16,1024,4,4,4,1246.637344756379662,0.029576520000000
A/atoms001.POSCAR,0.400000000000000,6,6,82,16,16,1024,4,4,4,1246.637311367054508,0.029310521000000
A/atoms001.POSCAR,0.400000000000000,6,6,83,16,16,1024,4,4,4,1246.637343440192808,0.029349902000000
A/atoms001.POSCAR,0.400000000000000,6,6,84,16,16,1024,4,4,4,1246.637313685255322,0.029145658000000
A/atoms001.POSCAR,0.400000000000000,6,6,85,16,16,1024,4,4,4,1246.637339313617304,0.029444448000000
A/atoms001.POSCAR,0.400000000000000,6,6,86,16,16,1024,4,4,4,1246.637320995544769,0.029684315000000
A/atoms001.POSCAR,0.400000000000000,6,6,87,16,16,1024,4,4,4,1246.637335598298932,0.029681225000000
A/atoms001.POSCAR,0.400000000000000,6,6,88,16,16,1024,4,4,4,1246.637323890429343,0.029752920000000
A/atoms001.POSCAR,0.400000000000000,6,6,89,16,16,1024,4,4,4,1246.637332419516042,0.029280458000000
A/atoms001.POSCAR,0.400000000000000,6,6,90,16,16,1024,4,4,4,1246.637326354904417,0.029525716000000
A/atoms001.POSCAR,0.400000000000000,6,6,91,16,16,1024,4,4,4,1246.637332943572801,0.029637549000000
A/atoms001.POSCAR,0.400000000000000,6,6,92,16,16,1024,4,4,4,1246.637321968725246,0.029532993000000
A/atoms001.POSCAR,0.400000000000000,6,6,93,16,16,1024,4,4,4,1246.637339363265710,0.029561639000000
A/atoms001.POSCAR,0.400000000000000,6,6,94,16,16,1024,4,4,4,1246.637317090227953,0.029853274000000
A/atoms001.POSCAR,0.400000000000000,6,6,95,16,16,1024,4,4,4,1246.637339918743692,0.029485039000000
A/atoms001.POSCAR,0.400000000000000,6,6,96,16,16,1024,4,4,4,1246.637320976021783,0.029479079000000
A/atoms001.POSCAR,0.400000000000000,6,6,97,16,16,1024,4,4,4,1246.637333975283354,0.029652560000000
A/atoms001.POSCAR,0.400000000000000,6,6,98,16,16,1024,4,4,4,1246.637326139483775,0.029678312000000
A/atoms001.POSCAR,0.400000000000000,6,6,99,16,16,1024,4,4,4,1246.637331657369941,0.029428977000000
A/atoms001.POSCAR,0.400000000000000,6,6,100,16,16,1024,4,4,4,1246.637325328800443,0.029878516000000
A/atoms001.POSCAR,0.400000000000000,6,6,101,16,16,1024,4,4,4,1246.637333804563241,0.031960493000000
A/atoms001.POSCAR,0.400000000000000,6,6,102,16,16,1024,4,4,4,1246.637323165463386,0.029338402000000
A/atoms001.POSCAR,0.400000000000000,6,6,103,16,16,1024,4,4,4,1246.637334679617197,0.029766637000000
A/atoms001.POSCAR,0.400000000000000,6,6,104,16,16,1024,4,4,4,1246.637324705040328,0.029583153000000
A/atoms001.POSCAR,0.400000000000000,6,6,105,16,16,1024,4,4,4,1246.637331524570300,0.029591851000000
A/atoms001.POSCAR,0.400000000000000,6,6,106,16,16,1024,4,4,4,1246.637327291085739,0.029339081000000
A/atoms001.POSCAR,0.400000000000000,6,6,107,16,16,1024,4,4,4,1246.637329655543681,0.029502070000000
A/atoms001.POSCAR,0.400000000000000,6,6,108,16,16,1024,4,4,4,1246.637328864322399,0.029960580000000
A/atoms001.POSCAR,0.400000000000000,6,6,109,16,16,1024,4,4,4,1246.637329516207501,0.029450504000000
A/atoms001.POSCAR,0.400000000000000,6,6,110,16,16,1024,4,4,4,1246.637328385797446,0.029462623000000
A/atoms001.POSCAR,0.400000000000000,6,6,111,16,16,1024,4,4,4,1246.637330167782238,0.029374845000000
A/atoms001.POSCAR,0.400000000000000,6,6,112,16,16,1024,4,4,4,1246.637327674952530,0.029866678000000
A/atoms001.POSCAR,0.400000000000000,6,6,113,16,16,1024,4,4,4,1246.637329607026459,0.029918584000000
A/atoms001.POSCAR,0.400000000000000,6,6,114,16,16,1024,4,4,4,1246.637328148628058,0.029819099000000
A/atoms001.POSCAR,0.400000000000000,6,6,115,16,16,1024,4,4,4,1246.637329014199850,0.029526521000000
A/atoms001.POSCAR,0.400000000000000,6,6,116,16,16,1024,4,4,4,1246.637328541807619,0.029318392000000
A/atoms001.POSCAR,0.400000000000000,6,6,117,16,16,1024,4,4,4,1246.637328644286981,0.029684510000000
A/atoms001.POSCAR,0.400000000000000,6,6,118,16,16,1024,4,4,4,1246.637328642788134,0.030104294000000
A/atoms001.POSCAR,0.400000000000000,6,6,119,16,16,1024,4,4,4,1246.637328777304219,0.029610274000000
A/atoms001.POSCAR,0.400000000000000,6,6,120,16,16,1024,4,4,4,1246.637328143670857,0.029614698000000
A/atoms001.POSCAR,0.400000000000000,6,6,121,16,16,1024,4,4,4,1246.637328979335052,0.029502276000000
A/atoms001.POSCAR,0.400000000000000,6,6,122,16,16,1024,4,4,4,1246.637328255009152,0.033266825000000
A/atoms001.POSCAR,0.400000000000000,6,6,123,16,16,1024,4,4,4,1246.637328993483379,0.029261440000000
A/atoms001.POSCAR,0.400000000000000,6,6,124,16,16,1024,4,4,4,1246.637327847686947,0.029396598000000
A/atoms001.POSCAR,0.4,6,6,4,16,16,1024,4,4,4,931.119255343775308,0.031685041000000
A/atoms001.POSCAR,0.400000000000000,6,6,5,16,16,1024,4,4,4,988.948739491057040,0.030221744000000
A/atoms001.POSCAR,0.400000000000000,6,6,6,16,16,1024,4,4,4,992.028500117379735,0.030051488000000
A/atoms001.POSCAR,0.400000000000000,6,6,7,16,16,1024,4,4,4,1021.629990183827090,0.029207499000000
A/atoms001.POSCAR,0.400000000000000,6,6,8,16,16,1024,4,4,4,1079.767402022418082,0.028924327000000
A/atoms001.POSCAR,0.400000000000000,6,6,9,16,16,1024,4,4,4,1157.363244383482879,0.029542478000000
A/atoms001.POSCAR,0.400000000000000,6,6,10,16,16,1024,4,4,4,1195.362775756291740,0.029067877000000
A/atoms001.POSCAR,0.400000000000000,6,6,11,16,16,1024,4,4,4,1213.743814696202207,0.029250223000000
A/atoms001.POSCAR,0.400000000000000,6,6,12,16,16,1024,4,4,4,1214.155973019916246,0.028958357000000
A/atoms001.POSCAR,0.400000000000000,6,6,13,16,16,1024,4,4,4,1217.405792922579622,0.029172625000000
A/atoms001.POSCAR,0.400000000000000,6,6,14,16,16,1024,4,4,4,1225.743926230928764,0.028410769000000
A/atoms001.POSCAR,0.400000000000000,6,6,15,16,16,1024,4,4,4,1235.544082035108431,0.028932449000000
A/atoms001.POSCAR,0.400000000000000,6,6,16,16,16,1024,4,4,4,1241.155738929474182,0.029288143000000
A/atoms001.POSCAR,0.400000000000000,6,6,17,16,16,1024,4,4,4,1243.629097753519090,0.028987981000000
A/atoms001.POSCAR,0.400000000000000,6,6,18,16,16,1024,4,4,4,1243.915229706316040,0.029321275000000
A/atoms001.POSCAR,0.400000000000000,6,6,19,16,16,1024,4,4,4,1244.248422822134671,0.029193493000000
A/atoms001.POSCAR,0.400000000000000,6,6,20,16,16,1024,4,4,4,1244.758661151086471,0.029042567000000
A/atoms001.POSCAR,0.400000000000000,6,6,21,16,16,1024,4,4,4,1245.933893861452134,0.029160131000000
A/atoms001.POSCAR,0.400000000000000,6,6,22,16,16,1024,4,4,4,1246.091330829418212,0.029145127000000
A/atoms001.POSCAR,0.400000000000000,6,6,23,16,16,1024,4,4,4,1246.559588713136236,0.029291835000000
A/atoms001.POSCAR,0.400000000000000,6,6,24,16,16,1024,4,4,4,1246.497157025456772,0.029299288000000
A/atoms001.POSCAR,0.400000000000000,6,6,25,16,16,1024,4,4,4,1246.531842021833199,0.029352563000000
A/atoms001.POSCAR,0.400000000000000,6,6,26,16,16,1024,4,4,4,1246.548012611837521,0.028857720000000
A/atoms001.POSCAR,0.400000000000000,6,6,27,16,16,1024,4,4,4,1246.634242252341437,0.030085863000000
A/atoms001.POSCAR,0.400000000000000,6,6,28,16,16,1024,4,4,4,1246.581451501425818,0.028884825000000
A/atoms001.POSCAR,0.400000000000000,6,6,29,16,16,1024,4,4,4,1246.660659248687125,0.028984236000000
A/atoms001.POSCAR,0.400000000000000,6,6,30,16,16,1024,4,4,4,1246.623035855493981,0.029010422000000
A/atoms001.POSCAR,0.400000000000000,6,6,31,16,16,1024,4,4,4,1246.635985573466087,0.029021601000000
A/atoms001.POSCAR,0.400000000000000,6,6,32,16,16,1024,4,4,4,1246.635127102619208,0.028744152000000
A/atoms001.POSCAR,0.400000000000000,6,6,33,16,16,1024,4,4,4,1246.646343472477383,0.032294145000000
A/atoms001.POSCAR,0.400000000000000,6,6,34,16,16,1024,4,4,4,1246.614002033612223,0.029882560000000
A/atoms001.POSCAR,0.400000000000000,6,6,35,16,16,1024,4,4,4,1246.673119480168907,0.029132473000000
A/atoms001.POSCAR,0.400000000000000,6,6,36,16,16,1024,4,4,4,1246.593045355986305,0.029124056000000
A/atoms001.POSCAR,0.400000000000000,6,6,37,16,16,1024,4,4,4,1246.682379401067237,0.029192297000000
A/atoms001.POSCAR,0.400000000000000,6,6,38,16,16,1024,4,4,4,1246.598979266294464,0.028978109000000
A/atoms001.POSCAR,0.400000000000000,6,6,39,16,16,1024,4,4,4,1246.663901750160676,0.029259861000000
A/atoms001.POSCAR,0.400000000000000,6,6,40,16,16,1024,4,4,4,1246.622925878406704,0.029413558000000
A/atoms001.POSCAR,0.400000000000000,6,6,41,16,16,1024,4,4,4,1246.642853466760698,0.029836193000000
A/atoms001.POSCAR,0.400000000000000,6,6,42,16,16,1024,4,4,4,1246.636144852611551,0.029222674000000
A/atoms001.POSCAR,0.400000000000000,6,6,43,16,16,1024,4,4,4,1246.637379067948586,0.029162183000000
A/atoms001.POSCAR,0.400000000000000,6,6,44,16,16,1024,4,4,4,1246.637294896834192,0.029333074000000
A/atoms001.POSCAR,0.400000000000000,6,6,45,16,16,1024,4,4,4,1246.637311010887515,0.028992993000000
A/atoms001.POSCAR,0.400000000000000,6,6,46,16,16,1024,4,4,4,1246.637108587798821,0.033306386000000
A/atoms001.POSCAR,0.400000000000000,6,6,47,16,16,1024,4,4,4,1246.638924716194879,0.028925725000000
A/atoms001.POSCAR,0.400000000000000,6,6,48,16,16,1024,4,4,4,1246.633027680440819,0.029045225000000
A/atoms001.POSCAR,0.400000000000000,6,6,49,16,16,1024,4,4,4,1246.644698556219282,0.029532216000000
A/atoms001.POSCAR,0.400000000000000,6,6,50,16,16,1024,4,4,4,1246.627996804007807,0.028997282000000
A/atoms001.POSCAR,0.400000000000000,6,6,51,16,16,1024,4,4,4,1246.646532241754812,0.029922364000000
A/atoms001.POSCAR,0.400000000000000,6,6,52,16,16,1024,4,4,4,1246.630178663438755,0.032883380000000
A/atoms001.POSCAR,0.400000000000000,6,6,53,16,16,1024,4,4,4,1246.641570862663002,0.028962586000000
A/atoms001.POSCAR,0.400000000000000,6,6,54,16,16,1024,4,4,4,1246.635568512422424,0.029260134000000
A/atoms001.POSCAR,0.400000000000000,6,6,55,16,16,1024,4,4,4,1246.637775042697285,0.029323701000000
A/atoms001.POSCAR,0.400000000000000,6,6,56,16,16,1024,4,4,4,1246.637020982734612,0.029588776000000
A/atoms001.POSCAR,0.400000000000000,6,6,57,16,16,1024,4,4,4,1246.638132310653873,0.029409681000000
A/atoms001.POSCAR,0.400000000000000,6,6,58,16,16,1024,4,4,4,1246.636003569209834,0.029196153000000
A/atoms001.POSCAR,0.400000000000000,6,6,59,16,16,1024,4,4,4,1246.638812152603577,0.029254732000000
A/atoms001.POSCAR,0.400000000000000,6,6,60,16,16,1024,4,4,4,1246.636076079395707,0.029118137000000
A/atoms001.POSCAR,0.400000000000000,6,6,61,16,16,1024,4,4,4,1246.638152938122175,0.029338215000000
A/atoms001.POSCAR,0.400000000000000,6,6,62,16,16,1024,4,4,4,1246.636852395482038,0.029147218000000
A/atoms001.POSCAR,0.400000000000000,6,6,63,16,16,1024,4,4,4,1246.637705163326018,0.029296009000000
A/atoms001.POSCAR,0.400000000000000,6,6,64,16,16,1024,4,4,4,1246.636774902237676,0.029386629000000
A/atoms001.POSCAR,0.400000000000000,6,6,65,16,16,1024,4,4,4,1246.638194499852034,0.029675898000000
A/atoms001.POSCAR,0.400000000000000,6,6,66,16,16,1024,4,4,4,1246.636203967772872,0.029211783000000
A/atoms001.POSCAR,0.400000000000000,6,6,67,16,16,1024,4,4,4,1246.638488920430291,0.029376371000000
A/atoms001.POSCAR,0.400000000000000,6,6,68,16,16,1024,4,4,4,1246.636381940497131,0.029135927000000
A/atoms001.POSCAR,0.400000000000000,6,6,69,16,16,1024,4,4,4,1246.637899136655278,0.029412989000000
A/atoms001.POSCAR,0.400000000000000,6,6,70,16,16,1024,4,4,4,1246.637116350211045,0.029433483000000
A/atoms001.POSCAR,0.400000000000000,6,6,71,16,16,1024,4,4,4,1246.637334285605220,0.029256904000000
A/atoms001.POSCAR,0.400000000000000,6,6,72,16,16,1024,4,4,4,1246.637321074789725,0.029294179000000
A/atoms001.POSCAR,0.400000000000000,6,6,73,16,16,1024,4,4,4,1246.637474672570079,0.029419365000000
A/atoms001.POSCAR,0.400000000000000,6,6,74,16,16,1024,4,4,4,1246.637012944164780,0.029324533000000
A/atoms001.POSCAR,0.400000000000000,6,6,75,16,16,1024,4,4,4,1246.637734980137111,0.029553193000000
A/atoms001.POSCAR,0.400000000000000,6,6,76,16,16,1024,4,4,4,1246.636935209987314,0.029339864000000
A/atoms001.POSCAR,0.400000000000000,6,6,77,16,16,1024,4,4,4,1246.637623303663759,0.029343332000000
A/atoms001.POSCAR,0.400000000000000,6,6,78,16,16,1024,4,4,4,1246.637149944657722,0.029306060000000
A/atoms001.POSCAR,0.400000000000000,6,6,79,16,16,1024,4,4,4,1246.637411613994573,0.029620044000000
A/atoms001.POSCAR,0.400000000000000,6,6,80,16,16,1024,4,4,4,1246.637293387623231,0.029597556000000
A/atoms001.POSCAR,0.400000000000000,6,6,81,16,16,1024,4,4,4,1246.637344756379207,0.029300455000000
A/atoms001.POSCAR,0.400000000000000,6,6,82,16,16,1024,4,4,4,1246.637311367052689,0.029342290000000
A/atoms001.POSCAR,0.400000000000000,6,6,83,16,16,1024,4,4,4,1246.637343440191898,0.029400566000000
A/atoms001.POSCAR,0.400000000000000,6,6,84,16,16,1024,4,4,4,1246.637313685253957,0.029416614000000
A/atoms001.POSCAR,0.400000000000000,6,6,85,16,16,1024,4,4,4,1246.637339313617304,0.029661521000000
A/atoms001.POSCAR,0.400000000000000,6,6,86,16,16,1024,4,4,4,1246.637320995545224,0.030159722000000
A/atoms001.POSCAR,0.400000000000000,6,6,87,16,16,1024,4,4,4,1246.637335598300069,0.029684589000000
A/atoms001.POSCAR,0.400000000000000,6,6,88,16,16,1024,4,4,4,1246.637323890429798,0.029318643000000
A/atoms001.POSCAR,0.400000000000000,6,6,89,16,16,1024,4,4,4,1246.637332419516497,0.029467688000000
A/atoms001.POSCAR,0.400000000000000,6,6,90,16,16,1024,4,4,4,1246.637326354904189,0.029411272000000
A/atoms001.POSCAR,0.400000000000000,6,6,91,16,16,1024,4,4,4,1246.637332943573256,0.029582081000000
A/atoms001.POSCAR,0.400000000000000,6,6,92,16,16,1024,4,4,4,1246.637321968724791,0.029755610000000
A/atoms001.POSCAR,0.400000000000000,6,6,93,16,16,1024,4,4,4,1246.637339363266392,0.029586201000000
A/atoms001.POSCAR,0.400000000000000,6,6,94,16,16,1024,4,4,4,1246.637317090227725,0.029391217000000
A/atoms001.POSCAR,0.400000000000000,6,6,95,16,16,1024,4,4,4,1246.637339918743010,0.029607529000000
A/atoms001.POSCAR,0.400000000000000,6,6,96,16,16,1024,4,4,4,1246.637320976020874,0.029415194000000
A/atoms001.POSCAR,0.400000000000000,6,6,97,16,16,1024,4,4,4,1246.637333975283127,0.029634335000000
A/atoms001.POSCAR,0.400000000000000,6,6,98,16,16,1024,4,4,4,1246.637326139483548,0.029353511000000
A/atoms001.POSCAR,0.400000000000000,6,6,99,16,16,1024,4,4,4,1246.637331657369714,0.029454793000000
A/atoms001.POSCAR,0.400000000000000,6,6,100,16,16,1024,4,4,4,1246.637325328799989,0.032949284000000
A/atoms001.POSCAR,0.400000000000000,6,6,101,16,16,1024,4,4,4,1246.637333804562786,0.029958351000000
A/atoms001.POSCAR,0.400000000000000,6,6,102,16,16,1024,4,4,4,1246.637323165463386,0.029522900000000
A/atoms001.POSCAR,0.400000000000000,6,6,103,16,16,1024,4,4,4,1246.637334679618107,0.029728190000000
A/atoms001.POSCAR,0.400000000000000,6,6,104,16,16,1024,4,4,4,1246.637324705039646,0.029355127000000
A/atoms001.POSCAR,0.400000000000000,6,6,105,16,16,1024,4,4,4,1246.637331524569618,0.029411845000000
A/atoms001.POSCAR,0.400000000000000,6,6,106,16,16,1024,4,4,4,1246.637327291085739,0.029496111000000
A/atoms001.POSCAR,0.400000000000000,6,6,107,16,16,1024,4,4,4,1246.637329655543454,0.029537096000000
A/atoms001.POSCAR,0.400000000000000,6,6,108,16,16,1024,4,4,4,1246.637328864322626,0.029477338000000
A/atoms001.POSCAR,0.400000000000000,6,6,109,16,16,1024,4,4,4,1246.637329516208410,0.029590581000000
A/atoms001.POSCAR,0.400000000000000,6,6,110,16,16,1024,4,4,4,1246.637328385798810,0.029481352000000
A/atoms001.POSCAR,0.400000000000000,6,6,111,16,16,1024,4,4,4,1246.637330167782011,0.029484118000000
A/atoms001.POSCAR,0.400000000000000,6,6,112,16,16,1024,4,4,4,1246.637327674951848,0.033426941000000
A/atoms001.POSCAR,0.400000000000000,6,6,113,16,16,1024,4,4,4,1246.637329607027368,0.029202433000000
A/atoms001.POSCAR,0.400000000000000,6,6,114,16,16,1024,4,4,4,1246.637328148627603,0.029937140000000
A/atoms001.POSCAR,0.400000000000000,6,6,115,16,16,1024,4,4,4,1246.637329014199622,0.029402826000000
A/atoms001.POSCAR,0.400000000000000,6,6,116,16,16,1024,4,4,4,1246.637328541807165,0.029513141000000
A/atoms001.POSCAR,0.400000000000000,6,6,117,16,16,1024,4,4,4,1246.637328644286981,0.030816473000000
A/atoms001.POSCAR,0.400000000000000,6,6,118,16,16,1024,4,4,4,1246.637328642788816,0.031745140000000
A/atoms001.POSCAR,0.400000000000000,6,6,119,16,16,1024,4,4,4,1246.637328777304674,0.029439486000000
A/atoms001.POSCAR,0.400000000000000,6,6,120,16,16,1024,4,4,4,1246.637328143670629,0.029522243000000
A/atoms001.POSCAR,0.400000000000000,6,6,121,16,16,1024,4,4,4,1246.637328979334825,0.029597340000000
A/atoms001.POSCAR,0.400000000000000,6,6,122,16,16,1024,4,4,4,1246.637328255008015,0.029649122000000
A/atoms001.POSCAR,0.400000000000000,6,6,123,16,16,1024,4,4,4,1246.637328993484743,0.029923078000000
A/atoms001.POSCAR,0.400000000000000,6,6,124,16,16,1024,4,4,4,1246.637327847687175,0.029612141000000
A/atoms001.POSCAR,0.4,6,6,4,16,16,1024,4,4,4,931.119255343775308,0.032067819000000
A/atoms001.POSCAR,0.400000000000000,6,6,5,16,16,1024,4,4,4,988.948739491057154,0.030297621000000
A/atoms001.POSCAR,0.400000000000000,6,6,6,16,16,1024,4,4,4,992.028500117380418,0.029643373000000
A/atoms001.POSCAR,0.400000000000000,6,6,7,16,16,1024,4,4,4,1021.629990183826749,0.029281497000000
A/atoms001.POSCAR,0.400000000000000,6,6,8,16,16,1024,4,4,4,1079.767402022418310,0.028863126000000
A/atoms001.POSCAR,0.400000000000000,6,6,9,16,16,1024,4,4,4,1157.363244383482652,0.029361989000000
A/atoms001.POSCAR,0.400000000000000,6,6,10,16,16,1024,4,4,4,1195.362775756291740,0.029153949000000
A/atoms001.POSCAR,0.400000000000000,6,6,11,16,16,1024,4,4,4,1213.743814696201980,0.029202931000000
A/atoms001.POSCAR,0.400000000000000,6,6,12,16,16,1024,4,4,4,1214.155973019916246,0.028846077000000
A/atoms001.POSCAR,0.400000000000000,6,6,13,16,16,1024,4,4,4,1217.405792922579622,0.029050968000000
A/atoms001.POSCAR,0.400000000000000,6,6,14,16,16,1024,4,4,4,1225.743926230929446,0.028928282000000
A/atoms001.POSCAR,0.400000000000000,6,6,15,16,16,1024,4,4,4,1235.544082035108204,0.028854016000000
A/atoms001.POSCAR,0.400000000000000,6,6,16,16,16,1024,4,4,4,1241.155738929474410,0.028858705000000
A/atoms001.POSCAR,0.400000000000000,6,6,17,16,16,1024,4,4,4,1243.629097753519090,0.029272001000000
A/atoms001.POSCAR,0.400000000000000,6,6,18,16,16,1024,4,4,4,1243.915229706316040,0.028996666000000
A/atoms001.POSCAR,0.400000000000000,6,6,19,16,16,1024,4,4,4,1244.248422822133989,0.029230491000000
A/atoms001.POSCAR,0.400000000000000,6,6,20,16,16,1024,4,4,4,1244.758661151086017,0.028734865000000
A/atoms001.POSCAR,0.400000000000000,6,6,21,16,16,1024,4,4,4,1245.933893861453271,0.029402798000000
A/atoms001.POSCAR,0.400000000000000,6,6,22,16,16,1024,4,4,4,1246.091330829418666,0.028986492000000
A/atoms001.POSCAR,0.400000000000000,6,6,23,16,16,1024,4,4,4,1246.559588713136918,0.029088008000000
A/atoms001.POSCAR,0.400000000000000,6,6,24,16,16,1024,4,4,4,1246.497157025457227,0.029405936000000
A/atoms001.POSCAR,0.400000000000000,6,6,25,16,16,1024,4,4,4,1246.531842021832972,0.029231980000000
A/atoms001.POSCAR,0.400000000000000,6,6,26,16,16,1024,4,4,4,1246.548012611837294,0.029148856000000
A/atoms001.POSCAR,0.400000000000000,6,6,27,16,16,1024,4,4,4,1246.634242252341437,0.029256449000000
A/atoms001.POSCAR,0.400000000000000,6,6,28,16,16,1024,4,4,4,1246.581451501426500,0.032739684000000
A/atoms001.POSCAR,0.400000000000000,6,6,29,16,16,1024,4,4,4,1246.660659248687125,0.029308373000000
A/atoms001.POSCAR,0.400000000000000,6,6,30,16,16,1024,4,4,4,1246.623035855493981,0.028872976000000
A/atoms001.POSCAR,0.400000000000000,6,6,31,16,16,1024,4,4,4,1246.635985573466769,0.028878431000000
A/atoms001.POSCAR,0.400000000000000,6,6,32,16,16,1024,4,4,4,1246.635127102618071,0.031602547000000
A/atoms001.POSCAR,0.400000000000000,6,6,33,16,16,1024,4,4,4,1246.646343472476929,0.029128881000000
A/atoms001.POSCAR,0.400000000000000,6,6,34,16,16,1024,4,4,4,1246.614002033612451,0.029338162000000
A/atoms001.POSCAR,0.400000000000000,6,6,35,16,16,1024,4,4,4,1246.673119480169134,0.029458619000000
A/atoms001.POSCAR,0.400000000000000,6,6,36,16,16,1024,4,4,4,1246.593045355985396,0.029153696000000
A/atoms001.POSCAR,0.400000000000000,6,6,37,16,16,1024,4,4,4,1246.682379401068602,0.029834902000000
A/atoms001.POSCAR,0.400000000000000,6,6,38,16,16,1024,4,4,4,1246.598979266294464,0.031729618000000
A/atoms001.POSCAR,0.400000000000000,6,6,39,16,16,1024,4,4,4,1246.663901750160676,0.029149198000000
A/atoms001.POSCAR,0.400000000000000,6,6,40,16,16,1024,4,4,4,1246.622925878406249,0.029298761000000
A/atoms001.POSCAR,0.400000000000000,6,6,41,16,16,1024,4,4,4,1246.642853466761153,0.029402749000000
A/atoms001.POSCAR,0.400000000000000,6,6,42,16,16,1024,4,4,4,1246.636144852610869,0.029272686000000
A/atoms001.POSCAR,0.400000000000000,6,6,43,16,16,1024,4,4,4,1246.637379067949269,0.029081121000000
A/atoms001.POSCAR,0.400000000000000,6,6,44,16,16,1024,4,4,4,1246.637294896834419,0.028719039000000
A/atoms001.POSCAR,0.400000000000000,6,6,45,16,16,1024,4,4,4,1246.637311010888197,0.029090945000000
A/atoms001.POSCAR,0.400000000000000,6,6,46,16,16,1024,4,4,4,1246.637108587799275,0.028999692000000
A/atoms001.POSCAR,0.400000000000000,6,6,47,16,16,1024,4,4,4,1246.638924716194651,0.029214409000000
A/atoms001.POSCAR,0.400000000000000,6,6,48,16,16,1024,4,4,4,1246.633027680441046,0.029229062000000
A/atoms001.POSCAR,0.400000000000000,6,6,49,16,16,1024,4,4,4,1246.644698556220419,0.029652560000000
A/atoms001.POSCAR,0.400000000000000,6,6,50,16,16,1024,4,4,4,1246.627996804008944,0.028989349000000
A/atoms001.POSCAR,0.400000000000000,6,6,51,16,16,1024,4,4,4,1246.646532241754585,0.029360302000000
A/atoms001.POSCAR,0.400000000000000,6,6,52,16,16,1024,4,4,4,1246.630178663439210,0.029681780000000
A/atoms001.POSCAR,0.400000000000000,6,6,53,16,16,1024,4,4,4,1246.641570862662093,0.029295897000000
A/atoms001.POSCAR,0.400000000000000,6,6,54,16,16,1024,4,4,4,1246.635568512421742,0.029101172000000
A/atoms001.POSCAR,0.400000000000000,6,6,55,16,16,1024,4,4,4,1246.637775042697285,0.029233194000000
A/atoms001.POSCAR,0.400000000000000,6,6,56,16,16,1024,4,4,4,1246.637020982735294,0.030035609000000
A/atoms001.POSCAR,0.400000000000000,6,6,57,16,16,1024,4,4,4,1246.638132310652963,0.029294274000000
A/atoms001.POSCAR,0.400000000000000,6,6,58,16,16,1024,4,4,4,1246.636003569209151,0.029503128000000
A/atoms001.POSCAR,0.400000000000000,6,6,59,16,16,1024,4,4,4,1246.638812152603123,0.029505400000000
A/atoms001.POSCAR,0.400000000000000,6,6,60,16,16,1024,4,4,4,1246.636076079395480,0.029128486000000
A/atoms001.POSCAR,0.400000000000000,6,6,61,16,16,1024,4,4,4,1246.638152938122857,0.029024103000000
A/atoms001.POSCAR,0.400000000000000,6,6,62,16,16,1024,4,4,4,1246.636852395481810,0.028824429000000
A/atoms001.POSCAR,0.400000000000000,6,6,63,16,16,1024,4,4,4,1246.637705163326018,0.029326965000000
A/atoms001.POSCAR,0.400000000000000,6,6,64,16,16,1024,4,4,4,1246.636774902237903,0.029493467000000
A/atoms001.POSCAR,0.400000000000000,6,6,65,16,16,1024,4,4,4,1246.638194499851124,0.029478956000000
A/atoms001.POSCAR,0.400000000000000,6,6,66,16,16,1024,4,4,4,1246.636203967771962,0.029231962000000
A/atoms001.POSCAR,0.400000000000000,6,6,67,16,16,1024,4,4,4,1246.638488920430063,0.029386085000000
A/atoms001.POSCAR,0.400000000000000,6,6,68,16,16,1024,4,4,4,1246.636381940497586,0.029254927000000
A/atoms001.POSCAR,0.400000000000000,6,6,69,16,16,1024,4,4,4,1246.637899136655051,0.029452710000000
A/atoms001.POSCAR,0.400000000000000,6,6,70,16,16,1024,4,4,4,1246.637116350211500,0.029421599000000
A/atoms001.POSCAR,0.400000000000000,6,6,71,16,16,1024,4,4,4,1246.637334285605220,0.029421630000000
A/atoms001.POSCAR,0.400000000000000,6,6,72,16,16,1024,4,4,4,1246.637321074790179,0.029396930000000
A/atoms001.POSCAR,0.400000000000000,6,6,73,16,16,1024,4,4,4,1246.637474672570761,0.029360520000000
A/atoms001.POSCAR,0.400000000000000,6,6,74,16,16,1024,4,4,4,1246.637012944164780,0.029314280000000
A/atoms001.POSCAR,0.400000000000000,6,6,75,16,16,1024,4,4,4,1246.637734980137338,0.029466909000000
A/atoms001.POSCAR,0.400000000000000,6,6,76,16,16,1024,4,4,4,1246.636935209987769,0.029593935000000
A/atoms001.POSCAR,0.400000000000000,6,6,77,16,16,1024,4,4,4,1246.637623303663304,0.029695849000000
A/atoms001.POSCAR,0.400000000000000,6,6,78,16,16,1024,4,4,4,1246.637149944656130,0.029092896000000
A/atoms001.POSCAR,0.400000000000000,6,6,79,16,16,1024,4,4,4,1246.637411613995482,0.029448964000000
A/atoms001.POSCAR,0.400000000000000,6,6,80,16,16,1024,4,4,4,1246.637293387623004,0.029539973000000
A/atoms001.POSCAR,0.400000000000000,6,6,81,16,16,1024,4,4,4,1246.637344756379207,0.029729602000000
A/atoms001.POSCAR,0.400000000000000,6,6,82,16,16,1024,4,4,4,1246.637311367053826,0.029569268000000
A/atoms001.POSCAR,0.400000000000000,6,6,83,16,16,1024,4,4,4,1246.637343440192581,0.029357093000000
A/atoms001.POSCAR,0.400000000000000,6,6,84,16,16,1024,4,4,4,1246.637313685253503,0.029287085000000
A/atoms001.POSCAR,0.400000000000000,6,6,85,16,16,1024,4,4,4,1246.637339313617304,0.029341978000000
A/atoms001.POSCAR,0.400000000000000,6,6,86,16,16,1024,4,4,4,1246.637320995544542,0.029275757000000
A/atoms001.POSCAR,0.400000000000000,6,6,87,16,16,1024,4,4,4,1246.637335598298478,0.030034463000000
A/atoms001.POSCAR,0.400000000000000,6,6,88,16,16,1024,4,4,4,1246.637323890430025,0.029528287000000
A/atoms001.POSCAR,0.400000000000000,6,6,89,16,16,1024,4,4,4,1246.637332419516270,0.029439007000000
A/atoms001.POSCAR,0.400000000000000,6,6,90,16,16,1024,4,4,4,1246.637326354904189,0.029267526000000
A/atoms001.POSCAR,0.400000000000000,6,6,91,16,16,1024,4,4,4,1246.637332943572574,0.029778736000000
A/atoms001.POSCAR,0.400000000000000,6,6,92,16,16,1024,4,4,4,1246.637321968724791,0.029469562000000
A/atoms001.POSCAR,0.400000000000000,6,6,93,16,16,1024,4,4,4,1246.637339363265710,0.029687980000000
A/atoms001.POSCAR,0.400000000000000,6,6,94,16,16,1024,4,4,4,1246.637317090227953,0.031265291000000
A/atoms001.POSCAR,0.400000000000000,6,6,95,16,16,1024,4,4,4,1246.637339918742327,0.029293911000000
A/atoms001.POSCAR,0.400000000000000,6,6,96,16,16,1024,4,4,4,1246.637320976020874,0.033629600000000
A/atoms001.POSCAR,0.400000000000000,6,6,97,16,16,1024,4,4,4,1246.637333975282900,0.030044016000000
A/atoms001.POSCAR,0.400000000000000,6,6,98,16,16,1024,4,4,4,1246.637326139483093,0.033409464000000
A/atoms001.POSCAR,0.400000000000000,6,6,99,16,16,1024,4,4,4,1246.637331657369032,0.029185749000000
A/atoms001.POSCAR,0.400000000000000,6,6,100,16,16,1024,4,4,4,1246.637325328799761,0.029048918000000
A/atoms001.POSCAR,0.400000000000000,6,6,101,16,16,1024,4,4,4,1246.637333804564150,0.029541281000000
A/atoms001.POSCAR,0.400000000000000,6,6,102,16,16,1024,4,4,4,1246.637323165463386,0.029418589000000
A/atoms001.POSCAR,0.400000000000000,6,6,103,16,16,1024,4,4,4,1246.637334679617197,0.030281935000000
A/atoms001.POSCAR,0.400000000000000,6,6,104,16,16,1024,4,4,4,1246.637324705040783,0.034999195000000
A/atoms001.POSCAR,0.400000000000000,6,6,105,16,16,1024,4,4,4,1246.637331524570982,0.028966308000000
A/atoms001.POSCAR,0.400000000000000,6,6,106,16,16,1024,4,4,4,1246.637327291086649,0.029303756000000
A/atoms001.POSCAR,0.400000000000000,6,6,107,16,16,1024,4,4,4,1246.637329655544363,0.029324288000000
A/atoms001.POSCAR,0.400000000000000,6,6,108,16,16,1024,4,4,4,1246.637328864322399,0.029678961000000
A/atoms001.POSCAR,0.400000000000000,6,6,109,16,16,1024,4,4,4,1246.637329516207728,0.029706835000000
A/atoms001.POSCAR,0.400000000000000,6,6,110,16,16,1024,4,4,4,1246.637328385799265,0.029416973000000
A/atoms001.POSCAR,0.400000000000000,6,6,111,16,16,1024,4,4,4,1246.637330167782466,0.029545437000000
A/atoms001.POSCAR,0.400000000000000,6,6,112,16,16,1024,4,4,4,1246.637327674952530,0.029513076000000
A/atoms001.POSCAR,0.400000000000000,6,6,113,16,16,1024,4,4,4,1246.637329607026686,0.029837772000000
A/atoms001.POSCAR,0.400000000000000,6,6,114,16,16,1024,4,4,4,1246.637328148628285,0.030007423000000
A/atoms001.POSCAR,0.400000000000000,6,6,115,16,16,1024,4,4,4,1246.637329014199850,0.029702439000000
A/atoms001.POSCAR,0.400000000000000,6,6,116,16,16,1024,4,4,4,1246.637328541807619,0.029688569000000
A/atoms001.POSCAR,0.400000000000000,6,6,117,16,16,1024,4,4,4,1246.637328644286754,0.029580643000000
A/atoms001.POSCAR,0.400000000000000,6,6,118,16,16,1024,4,4,4,1246.637328642788134,0.030257211000000
A/atoms001.POSCAR,0.400000000000000,6,6,119,16,16,1024,4,4,4,1246.637328777303992,0.029776393000000
A/atoms001.POSCAR,0.400000000000000,6,6,120,16,16,1024,4,4,4,1246.637328143671084,0.029598824000000
A/atoms001.POSCAR,0.400000000000000,6,6,121,16,16,1024,4,4,4,1246.637328979334598,0.029763815000000
A/atoms001.POSCAR,0.400000000000000,6,6,122,16,16,1024,4,4,4,1246.637328255008015,0.029465154000000
A/atoms001.POSCAR,0.400000000000000,6,6,123,16,16,1024,4,4,4,1246.637328993483379,0.029774124000000
A/atoms001.POSCAR,0.400000000000000,6,6,124,16,16,1024,4,4,4,1246.637327847687402,0.029778777000000
A/atoms001.POSCAR,0.4,6,6,4,16,16,1024,4,4,4,931.119255343775194,0.031912094000000
A/atoms001.POSCAR,0.400000000000000,6,6,5,16,16,1024,4,4,4,988.948739491056926,0.030423763000000
A/atoms001.POSCAR,0.400000000000000,6,6,6,16,16,1024,4,4,4,992.028500117380190,0.029519185000000
A/atoms001.POSCAR,0.400000000000000,6,6,7,16,16,1024,4,4,4,1021.629990183827090,0.029283078000000
A/atoms001.POSCAR,0.400000000000000,6,6,8,16,16,1024,4,4,4,1079.767402022418082,0.029182464000000
A/atoms001.POSCAR,0.400000000000000,6,6,9,16,16,1024,4,4,4,1157.363244383482879,0.029234975000000
A/atoms001.POSCAR,0.400000000000000,6,6,10,16,16,1024,4,4,4,1195.362775756291967,0.029455475000000
A/atoms001.POSCAR,0.400000000000000,6,6,11,16,16,1024,4,4,4,1213.743814696201980,0.029551708000000
A/atoms001.POSCAR,0.400000000000000,6,6,12,16,16,1024,4,4,4,1214.155973019916246,0.028960943000000
A/atoms001.POSCAR,0.400000000000000,6,6,13,16,16,1024,4,4,4,1217.405792922578939,0.029000530000000
A/atoms001.POSCAR,0.400000000000000,6,6,14,16,16,1024,4,4,4,1225.743926230929674,0.028974051000000
A/atoms001.POSCAR,0.400000000000000,6,6,15,16,16,1024,4,4,4,1235.544082035108431,0.028926260000000
A/atoms001.POSCAR,0.400000000000000,6,6,16,16,16,1024,4,4,4,1241.155738929473955,0.028976310000000
A/atoms001.POSCAR,0.400000000000000,6,6,17,16,16,1024,4,4,4,1243.629097753520000,0.029063146000000
A/atoms001.POSCAR,0.400000000000000,6,6,18,16,16,1024,4,4,4,1243.915229706315586,0.029125752000000
A/atoms001.POSCAR,0.400000000000000,6,6,19,16,16,1024,4,4,4,1244.248422822134216,0.029566634000000
A/atoms001.POSCAR,0.400000000000000,6,6,20,16,16,1024,4,4,4,1244.758661151085789,0.029212204000000
A/atoms001.POSCAR,0.400000000000000,6,6,21,16,16,1024,4,4,4,1245.933893861452134,0.033533327000000
A/atoms001.POSCAR,0.400000000000000,6,6,22,16,16,1024,4,4,4,1246.091330829418212,0.063583806000000
A/atoms001.POSCAR,0.400000000000000,6,6,23,16,16,1024,4,4,4,1246.559588713135781,0.045839481000000
A/atoms001.POSCAR,0.400000000000000,6,6,24,16,16,1024,4,4,4,1246.497157025456545,0.033344689000000
A/atoms001.POSCAR,0.400000000000000,6,6,25,16,16,1024,4,4,4,1246.531842021832972,0.031494639000000
A/atoms001.POSCAR,0.400000000000000,6,6,26,16,16,1024,4,4,4,1246.548012611837294,0.029117539000000
A/atoms001.POSCAR,0.400000000000000,6,6,27,16,16,1024,4,4,4,1246.634242252341437,0.029066085000000
A/atoms001.POSCAR,0.400000000000000,6,6,28,16,16,1024,4,4,4,1246.581451501426955,0.028583432000000
A/atoms001.POSCAR,0.400000000000000,6,6,29,16,16,1024,4,4,4,1246.660659248687352,0.028723224000000
A/atoms001.POSCAR,0.400000000000000,6,6,30,16,16,1024,4,4,4,1246.623035855493981,0.028538216000000
A/atoms001.POSCAR,0.400000000000000,6,6,31,16,16,1024,4,4,4,1246.635985573465859,0.028686896000000
A/atoms001.POSCAR,0.400000000000000,6,6,32,16,16,1024,4,4,4,1246.635127102619435,0.029174246000000
A/atoms001.POSCAR,0.400000000000000,6,6,33,16,16,1024,4,4,4,1246.646343472477156,0.029208310000000
A/atoms001.POSCAR,0.400000000000000,6,6,34,16,16,1024,4,4,4,1246.614002033611996,0.029263091000000
A/atoms001.POSCAR,0.400000000000000,6,6,35,16,16,1024,4,4,4,1246.673119480168907,0.029103425000000
A/atoms001.POSCAR,0.400000000000000,6,6,36,16,16,1024,4,4,4,1246.593045355986760,0.029301104000000
A/atoms001.POSCAR,0.400000000000000,6,6,37,16,16,1024,4,4,4,1246.682379401067465,0.029384934000000
A/atoms001.POSCAR,0.400000000000000,6,6,38,16,16,1024,4,4,4,1246.598979266294464,0.029321826000000
A/atoms001.POSCAR,0.400000000000000,6,6,39,16,16,1024,4,4,4,1246.663901750160449,0.029800674000000
A/atoms001.POSCAR,0.400000000000000,6,6,40,16,16,1024,4,4,4,1246.622925878406477,0.029469239000000
A/atoms001.POSCAR,0.400000000000000,6,6,41,16,16,1024,4,4,4,1246.642853466760926,0.029724927000000
A/atoms001.POSCAR,0.400000000000000,6,6,42,16,16,1024,4,4,4,1246.636144852611778,0.029739489000000
A/atoms001.POSCAR,0.400000000000000,6,6,43,16,16,1024,4,4,4,1246.637379067949269,0.029231509000000
A/atoms001.POSCAR,0.400000000000000,6,6,44,16,16,1024,4,4,4,1246.637294896834419,0.029149557000000
A/atoms001.POSCAR,0.400000000000000,6,6,45,16,16,1024,4,4,4,1246.637311010888880,0.029312620000000
A/atoms001.POSCAR,0.400000000000000,6,6,46,16,16,1024,4,4,4,1246.637108587797911,0.029006033000000
A/atoms001.POSCAR,0.400000000000000,6,6,47,16,16,1024,4,4,4,1246.638924716194879,0.029719559000000
A/atoms001.POSCAR,0.400000000000000,6,6,48,16,16,1024,4,4,4,1246.633027680441501,0.029619661000000
A/atoms001.POSCAR,0.400000000000000,6,6,49,16,16,1024,4,4,4,1246.644698556220646,0.029618928000000
A/atoms001.POSCAR,0.400000000000000,6,6,50,16,16,1024,4,4,4,1246.627996804008490,0.029658018000000
A/atoms001.POSCAR,0.400000000000000,6,6,51,16,16,1024,4,4,4,1246.646532241754358,0.029487585000000
A/atoms001.POSCAR,0.400000000000000,6,6,52,16,16,1024,4,4,4,1246.630178663438528,0.029343651000000
A/atoms001.POSCAR,0.400000000000000,6,6,53,16,16,1024,4,4,4,1246.641570862663002,0.029585563000000
A/atoms001.POSCAR,0.400000000000000,6,6,54,16,16,1024,4,4,4,1246.635568512423106,0.029545324000000
A/atoms001.POSCAR,0.400000000000000,6,6,55,16,16,1024,4,4,4,1246.637775042696830,0.029847588000000
A/atoms001.POSCAR,0.400000000000000,6,6,56,16,16,1024,4,4,4,1246.637020982735521,0.029690897000000
A/atoms001.POSCAR,0.400000000000000,6,6,57,16,16,1024,4,4,4,1246.638132310652963,0.029876102000000
A/atoms001.POSCAR,0.400000000000000,6,6,58,16,16,1024,4,4,4,1246.636003569210288,0.029187390000000
A/atoms001.POSCAR,0.400000000000000,6,6,59,16,16,1024,4,4,4,1246.638812152604032,0.029470162000000
A/atoms001.POSCAR,0.400000000000000,6,6,60,16,16,1024,4,4,4,1246.636076079396162,0.029277574000000
A/atoms001.POSCAR,0.400000000000000,6,6,61,16,16,1024,4,4,4,1246.638152938122630,0.029560334000000
A/atoms001.POSCAR,0.400000000000000,6,6,62,16,16,1024,4,4,4,1246.636852395481355,0.029684703000000
A/atoms001.POSCAR,0.400000000000000,6,6,63,16,16,1024,4,4,4,1246.637705163326245,0.029776535000000
A/atoms001.POSCAR,0.400000000000000,6,6,64,16,16,1024,4,4,4,1246.636774902236766,0.029476245000000
A/atoms001.POSCAR,0.400000000000000,6,6,65,16,16,1024,4,4,4,1246.638194499851807,0.030035924000000
A/atoms001.POSCAR,0.400000000000000,6,6,66,16,16,1024,4,4,4,1246.636203967771280,0.029652659000000
A/atoms001.POSCAR,0.400000000000000,6,6,67,16,16,1024,4,4,4,1246.638488920430518,0.029723640000000
A/atoms001.POSCAR,0.400000000000000,6,6,68,16,16,1024,4,4,4,1246.636381940497358,0.029085422000000
A/atoms001.POSCAR,0.400000000000000,6,6,69,16,16,1024,4,4,4,1246.637899136654596,0.030253321000000
A/atoms001.POSCAR,0.400000000000000,6,6,70,16,16,1024,4,4,4,1246.637116350211272,0.029804400000000
A/atoms001.POSCAR,0.400000000000000,6,6,71,16,16,1024,4,4,4,1246.637334285604538,0.029864205000000
A/atoms001.POSCAR,0.400000000000000,6,6,72,16,16,1024,4,4,4,1246.637321074789725,0.029671810000000
A/atoms001.POSCAR,0.400000000000000,6,6,73,16,16,1024,4,4,4,1246.637474672569169,0.029451360000000
A/atoms001.POSCAR,0.400000000000000,6,6,74,16,16,1024,4,4,4,1246.637012944164780,0.029793305000000
A/atoms001.POSCAR,0.400000000000000,6,6,75,16,16,1024,4,4,4,1246.637734980137111,0.029934140000000
A/atoms001.POSCAR,0.400000000000000,6,6,76,16,16,1024,4,4,4,1246.636935209988451,0.029738915000000
A/atoms001.POSCAR,0.400000000000000,6,6,77,16,16,1024,4,4,4,1246.637623303663986,0.029780442000000
A/atoms001.POSCAR,0.400000000000000,6,6,78,16,16,1024,4,4,4,1246.637149944658404,0.029472643000000
A/atoms001.POSCAR,0.400000000000000,6,6,79,16,16,1024,4,4,4,1246.637411613995255,0.029727840000000
A/atoms001.POSCAR,0.400000000000000,6,6,80,16,16,1024,4,4,4,1246.637293387622094,0.029406338000000
A/atoms001.POSCAR,0.400000000000000,6,6,81,16,16,1024,4,4,4,1246.637344756378980,0.029751068000000
A/atoms001.POSCAR,0.400000000000000,6,6,82,16,16,1024,4,4,4,1246.637311367053371,0.029971197000000
A/atoms001.POSCAR,0.400000000000000,6,6,83,16,16,1024,4,4,4,1246.637343440191898,0.029344556000000
A/atoms001.POSCAR,0.400000000000000,6,6,84,16,16,1024,4,4,4,1246.637313685254412,0.029764479000000
A/atoms001.POSCAR,0.400000000000000,6,6,85,16,16,1024,4,4,4,1246.637339313617986,0.032042957000000
A/atoms001.POSCAR,0.400000000000000,6,6,86,16,16,1024,4,4,4,1246.637320995544542,0.029711577000000
A/atoms001.POSCAR,0.400000000000000,6,6,87,16,16,1024,4,4,4,1246.637335598299842,0.029868852000000
A/atoms001.POSCAR,0.400000000000000,6,6,88,16,16,1024,4,4,4,1246.637323890429798,0.029607986000000
A/atoms001.POSCAR,0.400000000000000,6,6,89,16,16,1024,4,4,4,1246.637332419516270,0.029661819000000
A/atoms001.POSCAR,0.400000000000000,6,6,90,16,16,1024,4,4,4,1246.637326354905554,0.029639641000000
A/atoms001.POSCAR,0.400000000000000,6,6,91,16,16,1024,4,4,4,1246.637332943573028,0.034092279000000
A/atoms001.POSCAR,0.400000000000000,6,6,92,16,16,1024,4,4,4,1246.637321968725018,0.029758113000000
A/atoms001.POSCAR,0.400000000000000,6,6,93,16,16,1024,4,4,4,1246.637339363266165,0.029372928000000
A/atoms001.POSCAR,0.400000000000000,6,6,94,16,16,1024,4,4,4,1246.637317090226816,0.029327640000000
A/atoms001.POSCAR,0.400000000000000,6,6,95,16,16,1024,4,4,4,1246.637339918741191,0.029319970000000
A/atoms001.POSCAR,0.400000000000000,6,6,96,16,16,1024,4,4,4,1246.637320976019964,0.030100730000000
A/atoms001.POSCAR,0.400000000000000,6,6,97,16,16,1024,4,4,4,1246.637333975283809,0.030096116000000
A/atoms001.POSCAR,0.400000000000000,6,6,98,16,16,1024,4,4,4,1246.637326139483775,0.029926642000000
A/atoms001.POSCAR,0.400000000000000,6,6,99,16,16,1024,4,4,4,1246.637331657369714,0.029788369000000
A/atoms001.POSCAR,0.400000000000000,6,6,100,16,16,1024,4,4,4,1246.637325328799989,0.029371741000000
A/atoms001.POSCAR,0.400000000000000,6,6,101,16,16,1024,4,4,4,1246.637333804563013,0.030013870000000
A/atoms001.POSCAR,0.400000000000000,6,6,102,16,16,1024,4,4,4,1246.637323165463386,0.029959891000000
A/atoms001.POSCAR,0.400000000000000,6,6,103,16,16,1024,4,4,4,1246.637334679617425,0.029840723000000
A/atoms001.POSCAR,0.400000000000000,6,6,104,16,16,1024,4,4,4,1246.637324705038282,0.029848352000000
A/atoms001.POSCAR,0.400000000000000,6,6,105,16,16,1024,4,4,4,1246.637331524570527,0.029356478000000
A/atoms001.POSCAR,0.400000000000000,6,6,106,16,16,1024,4,4,4,1246.637327291086194,0.030307388000000
A/atoms001.POSCAR,0.400000000000000,6,6,107,16,16,1024,4,4,4,1246.637329655544363,0.029907221000000
A/atoms001.POSCAR,0.400000000000000,6,6,108,16,16,1024,4,4,4,1246.637328864323763,0.029776699000000
A/atoms001.POSCAR,0.400000000000000,6,6,109,16,16,1024,4,4,4,1246.637329516208410,0.030123941000000
A/atoms001.POSCAR,0.400000000000000,6,6,110,16,16,1024,4,4,4,1246.637328385798583,0.030121046000000
A/atoms001.POSCAR,0.400000000000000,6,6,111,16,16,1024,4,4,4,1246.637330167782011,0.029826588000000
A/atoms001.POSCAR,0.400000000000000,6,6,112,16,16,1024,4,4,4,1246.637327674952076,0.029746798000000
A/atoms001.POSCAR,0.400000000000000,6,6,113,16,16,1024,4,4,4,1246.637329607026913,0.030222739000000
A/atoms001.POSCAR,0.400000000000000,6,6,114,16,16,1024,4,4,4,1246.637328148628740,0.029902269000000
A/atoms001.POSCAR,0.400000000000000,6,6,115,16,16,1024,4,4,4,1246.637329014199850,0.029532726000000
A/atoms001.POSCAR,0.400000000000000,6,6,116,16,16,1024,4,4,4,1246.637328541806937,0.029975154000000
A/atoms001.POSCAR,0.400000000000000,6,6,117,16,16,1024,4,4,4,1246.637328644287663,0.029606964000000
A/atoms001.POSCAR,0.400000000000000,6,6,118,16,16,1024,4,4,4,1246.637328642788816,0.030195433000000
A/atoms001.POSCAR,0.400000000000000,6,6,119,16,16,1024,4,4,4,1246.637328777304901,0.030167299000000
A/atoms001.POSCAR,0.400000000000000,6,6,120,16,16,1024,4,4,4,1246.637328143669720,0.030219708000000
A/atoms001.POSCAR,0.400000000000000,6,6,121,16,16,1024,4,4,4,1246.637328979334598,0.029848109000000
A/atoms001.POSCAR,0.400000000000000,6,6,122,16,16,1024,4,4,4,1246.637328255009379,0.029743651000000
A/atoms001.POSCAR,0.400000000000000,6,6,123,16,16,1024,4,4,4,1246.637328993483152,0.029669553000000
A/atoms001.POSCAR,0.400000000000000,6,6,124,16,16,1024,4,4,4,1246.637327847687402,0.030399869000000
