Kawata PME,6,32,1000,207.133573561060672,0.128766727000000
Kawata PME,6,32,1000,207.133573561072694,0.128965248000000
Kawata PME,6,32,1000,207.133573561486003,0.128787188000000
Kawata PME,6,32,1000,207.133573560833725,0.128506665000000
Kawata PME,6,32,1000,207.133573560346804,0.128360595000000
Kawata PME,6,32,1000,207.133573561082073,0.134507988000000
Kawata PME,6,32,1000,207.133573561034666,0.135149425000000
Kawata PME,6,32,1000,207.133573561614639,0.128084143000000
Kawata PME,6,32,1000,207.133573562132000,0.128124912000000
Kawata PME,6,32,1000,207.133573560404216,0.128302137000000
Kawata PME,6,32,1000,207.133573561132295,0.128513031000000
Kawata PME,6,32,1000,207.133573561085200,0.127993702000000
Kawata PME,6,32,1000,207.133573559811623,0.127948165000000
Kawata PME,6,32,1000,207.133573560840887,0.127921561000000
Kawata PME,6,32,1000,207.133573561784743,0.127981088000000
Kawata PME,6,32,1000,207.133573559850674,0.127796073000000
Kawata PME,6,32,1000,207.133573559701375,0.128247178000000
Kawata PME,6,32,1000,207.133573560778586,0.128539305000000
Kawata PME,6,32,1000,207.133573560576451,0.130338615000000
Kawata PME,6,32,1000,207.133573561709966,0.127932367000000
Kawata PME,6,32,1000,207.133573561676656,0.134665967000000
Kawata PME,6,32,1000,207.133573560511479,0.137370418000000
Kawata PME,6,32,1000,207.133573561277871,0.127827315000000
Kawata PME,6,32,1000,207.133573561698682,0.127828992000000
Kawata PME,6,32,1000,207.133573560925583,0.129169356000000
Kawata PME,6,32,1000,207.133573559786356,0.127881035000000
Kawata PME,6,32,1000,207.133573560707674,0.128545055000000
Kawata PME,6,32,1000,207.133573561102452,0.133777951000000
Kawata PME,6,32,1000,207.133573560718872,0.128080175000000
Kawata PME,6,32,1000,207.133573561028953,0.128295952000000
Kawata PME,6,32,2000,1101.374823046210167,0.248414642000000
Kawata PME,6,32,2000,1101.374823057767799,0.247739722000000
Kawata PME,6,32,2000,1101.374823051853355,0.254365967000000
Kawata PME,6,32,2000,1101.374823051949988,0.255561297000000
Kawata PME,6,32,2000,1101.374823051141220,0.247281373000000
Kawata PME,6,32,2000,1101.374823050944997,0.247279074000000
Kawata PME,6,32,2000,1101.374823050912255,0.247044381000000
Kawata PME,6,32,2000,1101.374823054098442,0.246724714000000
Kawata PME,6,32,2000,1101.374823061196139,0.247565234000000
Kawata PME,6,32,2000,1101.374823051389512,0.247737167000000
Kawata PME,6,32,2000,1101.374823047778818,0.261283746000000
Kawata PME,6,32,2000,1101.374823051489557,0.246704714000000
Kawata PME,6,32,2000,1101.374823048442522,0.246647308000000
Kawata PME,6,32,2000,1101.374823058619768,0.247260922000000
Kawata PME,6,32,2000,1101.374823047317250,0.246639548000000
Kawata PME,6,32,2000,1101.374823046231313,0.246861828000000
Kawata PME,6,32,2000,1101.374823055601837,0.248019465000000
Kawata PME,6,32,2000,1101.374823047027803,0.247803451000000
Kawata PME,6,32,2000,1101.374823049930910,0.261178633000000
Kawata PME,6,32,2000,1101.374823047523932,0.248998580000000
Kawata PME,6,32,2000,1101.374823057016783,0.246580741000000
Kawata PME,6,32,2000,1101.374823052099146,0.247704580000000
Kawata PME,6,32,2000,1101.374823050783107,0.246704311000000
Kawata PME,6,32,2000,1101.374823054467242,0.246545231000000
Kawata PME,6,32,2000,1101.374823049858378,0.247072841000000
Kawata PME,6,32,2000,1101.374823045348421,0.254201672000000
Kawata PME,6,32,2000,1101.374823041430318,0.254709149000000
Kawata PME,6,32,2000,1101.374823047703103,0.246715184000000
Kawata PME,6,32,2000,1101.374823055979505,0.247649580000000
Kawata PME,6,32,2000,1101.374823050279701,0.247914702000000
Kawata PME,6,32,3000,451.144590406618647,0.369436931000000
Kawata PME,6,32,3000,451.144590405442671,0.368560005000000
Kawata PME,6,32,3000,451.144590420973827,0.382807140000000
Kawata PME,6,32,3000,451.144590406657699,0.545186867000000
Kawata PME,6,32,3000,451.144590405872179,0.452428969000000
Kawata PME,6,32,3000,451.144590390120527,0.369910041000000
Kawata PME,6,32,3000,451.144590411058402,0.368760346000000
Kawata PME,6,32,3000,451.144590401363530,0.389692336000000
Kawata PME,6,32,3000,451.144590418716064,0.368068440000000
Kawata PME,6,32,3000,451.144590414909317,0.368821201000000
Kawata PME,6,32,3000,451.144590418358803,0.368313001000000
Kawata PME,6,32,3000,451.144590392922623,0.368881905000000
Kawata PME,6,32,3000,451.144590415256914,0.382846315000000
Kawata PME,6,32,3000,451.144590399225194,0.368288728000000
Kawata PME,6,32,3000,451.144590419428084,0.368195930000000
Kawata PME,6,32,3000,451.144590409083150,0.369167989000000
Kawata PME,6,32,3000,451.144590412127855,0.371238070000000
Kawata PME,6,32,3000,451.144590410268222,0.374475163000000
Kawata PME,6,32,3000,451.144590399755600,0.376898536000000
Kawata PME,6,32,3000,451.144590402717370,0.368084516000000
Kawata PME,6,32,3000,451.144590411272020,0.369042440000000
Kawata PME,6,32,3000,451.144590416389349,0.367948521000000
Kawata PME,6,32,3000,451.144590389516452,0.374428852000000
Kawata PME,6,32,3000,451.144590406673785,0.375092705000000
Kawata PME,6,32,3000,451.144590404749010,0.372866662000000
Kawata PME,6,32,3000,451.144590415789935,0.369136372000000
Kawata PME,6,32,3000,451.144590408642159,0.369194421000000
Kawata PME,6,32,3000,451.144590410452679,0.368781491000000
Kawata PME,6,32,3000,451.144590406060388,0.382078333000000
Kawata PME,6,32,3000,451.144590408890224,0.368194472000000
Kawata PME,6,32,4000,417.095146835055800,0.532604405000000
Kawata PME,6,32,4000,417.095146753545976,0.494027287000000
Kawata PME,6,32,4000,417.095146775179728,0.505064017000000
Kawata PME,6,32,4000,417.095146795035816,0.496045032000000
Kawata PME,6,32,4000,417.095146716612931,0.490215320000000
Kawata PME,6,32,4000,417.095146732668866,0.490694089000000
Kawata PME,6,32,4000,417.095146771635768,0.504580779000000
Kawata PME,6,32,4000,417.095146769263124,0.489903034000000
Kawata PME,6,32,4000,417.095146767602500,0.537472714000000
Kawata PME,6,32,4000,417.095146775227988,0.490590487000000
Kawata PME,6,32,4000,417.095146732224407,0.502579991000000
Kawata PME,6,32,4000,417.095146735061007,0.490258863000000
Kawata PME,6,32,4000,417.095146767429696,0.490725947000000
Kawata PME,6,32,4000,417.095146774003865,0.490689461000000
Kawata PME,6,32,4000,417.095146815863473,0.502109710000000
Kawata PME,6,32,4000,417.095146790957699,0.490375373000000
Kawata PME,6,32,4000,417.095146732093554,0.489650767000000
Kawata PME,6,32,4000,417.095146777405375,0.490757659000000
Kawata PME,6,32,4000,417.095146706672153,0.503550861000000
Kawata PME,6,32,4000,417.095146795660582,0.492977678000000
Kawata PME,6,32,4000,417.095146802794545,0.489626041000000
Kawata PME,6,32,4000,417.095146818996341,0.492672714000000
Kawata PME,6,32,4000,417.095146760904868,0.501503705000000
Kawata PME,6,32,4000,417.095146790577132,0.490664703000000
Kawata PME,6,32,4000,417.095146725377560,0.490067998000000
Kawata PME,6,32,4000,417.095146751230686,0.491108860000000
Kawata PME,6,32,4000,417.095146758001647,0.511355748000000
Kawata PME,6,32,4000,417.095146762035029,0.496029475000000
Kawata PME,6,32,4000,417.095146739167774,0.490754052000000
Kawata PME,6,32,4000,417.095146741198164,0.491068548000000
Kawata PME,6,32,5000,2679.981047197012231,0.632411206000000
Kawata PME,6,32,5000,2679.981047175477670,0.615371584000000
Kawata PME,6,32,5000,2679.981047133344873,0.616209191000000
Kawata PME,6,32,5000,2679.981047195901738,0.631354304000000
Kawata PME,6,32,5000,2679.981047162266805,0.617052659000000
Kawata PME,6,32,5000,2679.981047191776270,0.617097759000000
Kawata PME,6,32,5000,2679.981047177352593,0.629646215000000
Kawata PME,6,32,5000,2679.981047144764489,0.615821377000000
Kawata PME,6,32,5000,2679.981047124800625,0.616640021000000
Kawata PME,6,32,5000,2679.981047239063628,0.629652065000000
Kawata PME,6,32,5000,2679.981047077656058,0.615894674000000
Kawata PME,6,32,5000,2679.981047113188197,0.615107538000000
Kawata PME,6,32,5000,2679.981047172510443,0.631267607000000
Kawata PME,6,32,5000,2679.981047171123009,0.615623310000000
Kawata PME,6,32,5000,2679.981047278422011,0.615377481000000
Kawata PME,6,32,5000,2679.981047159400077,0.624455654000000
Kawata PME,6,32,5000,2679.981047248011691,0.667025490000000
Kawata PME,6,32,5000,2679.981047238833980,0.680541627000000
Kawata PME,6,32,5000,2679.981047163479616,0.690256133000000
Kawata PME,6,32,5000,2679.981047131415380,0.675213711000000
Kawata PME,6,32,5000,2679.981047184217459,0.677211211000000
Kawata PME,6,32,5000,2679.981047265825509,0.687664360000000
Kawata PME,6,32,5000,2679.981047194146413,0.675870674000000
Kawata PME,6,32,5000,2679.981047138654503,0.675228856000000
Kawata PME,6,32,5000,2679.981047157103603,0.689392555000000
Kawata PME,6,32,5000,2679.981047153474265,0.676567259000000
Kawata PME,6,32,5000,2679.981047109237352,0.676252921000000
Kawata PME,6,32,5000,2679.981047085256250,0.686401517000000
Kawata PME,6,32,5000,2679.981047207890697,0.676884142000000
Kawata PME,6,32,5000,2679.981047247984407,0.675819559000000
Kawata PME,6,32,6000,1582.521525361810291,0.823577942000000
Kawata PME,6,32,6000,1582.521525239343646,0.815347377000000
Kawata PME,6,32,6000,1582.521525475898670,0.831058095000000
Kawata PME,6,32,6000,1582.521525313264419,0.815951514000000
Kawata PME,6,32,6000,1582.521525370997551,0.820943514000000
Kawata PME,6,32,6000,1582.521525173461214,0.820752333000000
Kawata PME,6,32,6000,1582.521525384484676,0.817310327000000
Kawata PME,6,32,6000,1582.521525272307372,0.973504180000000
Kawata PME,6,32,6000,1582.521525243643055,2.135681295000000
Kawata PME,6,32,6000,1582.521525290461796,0.738317554000000
Kawata PME,6,32,6000,1582.521525265219680,0.752158505000000
Kawata PME,6,32,6000,1582.521525293033392,0.802867733000000
Kawata PME,6,32,6000,1582.521525279232492,0.820395428000000
Kawata PME,6,32,6000,1582.521525201938857,0.825704778000000
Kawata PME,6,32,6000,1582.521525189382828,0.814877025000000
Kawata PME,6,32,6000,1582.521525232471504,0.825625324000000
Kawata PME,6,32,6000,1582.521525361121348,0.814592488000000
Kawata PME,6,32,6000,1582.521525311739424,0.825706558000000
Kawata PME,6,32,6000,1582.521525176483692,0.816722422000000
Kawata PME,6,32,6000,1582.521525257001485,0.823092119000000
Kawata PME,6,32,6000,1582.521525215925067,0.818244739000000
Kawata PME,6,32,6000,1582.521525238185859,0.814443763000000
Kawata PME,6,32,6000,1582.521525312180302,0.824717046000000
Kawata PME,6,32,6000,1582.521525365411890,0.814685526000000
Kawata PME,6,32,6000,1582.521525256541963,0.821438169000000
Kawata PME,6,32,6000,1582.521525343013309,0.812775993000000
Kawata PME,6,32,6000,1582.521525392211288,0.814797930000000
Kawata PME,6,32,6000,1582.521525279767502,0.832552302000000
Kawata PME,6,32,6000,1582.521525168867356,0.812610187000000
Kawata PME,6,32,6000,1582.521525325557377,0.826438529000000
Kawata PME,6,32,7000,5339.321976629726123,0.941228273000000
Kawata PME,6,32,7000,5339.321976612207436,0.963362308000000
Kawata PME,6,32,7000,5339.321976647969677,0.950925021000000
Kawata PME,6,32,7000,5339.321976877541601,0.960827955000000
Kawata PME,6,32,7000,5339.321976575693043,0.985097370000000
Kawata PME,6,32,7000,5339.321976379561420,0.963931782000000
Kawata PME,6,32,7000,5339.321976704443841,0.951487228000000
Kawata PME,6,32,7000,5339.321976285805249,0.963358206000000
Kawata PME,6,32,7000,5339.321976831152824,0.949829333000000
Kawata PME,6,32,7000,5339.321976826588980,0.963960037000000
Kawata PME,6,32,7000,5339.321976754542447,0.954825787000000
Kawata PME,6,32,7000,5339.321976463600549,0.957469037000000
Kawata PME,6,32,7000,5339.321976986062509,0.950070782000000
Kawata PME,6,32,7000,5339.321976771189838,0.955981844000000
Kawata PME,6,32,7000,5339.321976971877120,0.959184356000000
Kawata PME,6,32,7000,5339.321976482445280,0.954719439000000
Kawata PME,6,32,7000,5339.321976638340857,0.956034875000000
Kawata PME,6,32,7000,5339.321976808324507,0.955468534000000
Kawata PME,6,32,7000,5339.321976581739364,0.955199611000000
Kawata PME,6,32,7000,5339.321976512179390,0.953715588000000
Kawata PME,6,32,7000,5339.321976626861215,0.954923232000000
Kawata PME,6,32,7000,5339.321976631707003,0.958587308000000
Kawata PME,6,32,7000,5339.321976372340032,0.964876332000000
Kawata PME,6,32,7000,5339.321976497020842,0.950425084000000
Kawata PME,6,32,7000,5339.321976638229899,0.961074923000000
Kawata PME,6,32,7000,5339.321976466942033,0.951607537000000
Kawata PME,6,32,7000,5339.321976601004280,0.960336474000000
Kawata PME,6,32,7000,5339.321976737875957,0.950794935000000
Kawata PME,6,32,7000,5339.321976431134317,0.960078836000000
Kawata PME,6,32,7000,5339.321976930295023,0.953113751000000
Kawata PME,6,32,8000,6157.760017212349339,1.090972644000000
Kawata PME,6,32,8000,6157.760017003651228,1.096440667000000
Kawata PME,6,32,8000,6157.760017034363955,1.301030685000000
Kawata PME,6,32,8000,6157.760017093311035,1.102679932000000
Kawata PME,6,32,8000,6157.760016692081990,1.092087519000000
Kawata PME,6,32,8000,6157.760017123480793,1.103606124000000
Kawata PME,6,32,8000,6157.760016773747338,1.103877039000000
Kawata PME,6,32,8000,6157.760017058280027,1.103535338000000
Kawata PME,6,32,8000,6157.760017254162449,1.096446638000000
Kawata PME,6,32,8000,6157.760016933487350,1.099360510000000
Kawata PME,6,32,8000,6157.760017188995334,1.102550733000000
Kawata PME,6,32,8000,6157.760017089156463,1.092008235000000
Kawata PME,6,32,8000,6157.760017129517109,1.110175715000000
Kawata PME,6,32,8000,6157.760016909306614,1.090334947000000
Kawata PME,6,32,8000,6157.760016931411883,1.103517295000000
Kawata PME,6,32,8000,6157.760016687193456,1.094678668000000
Kawata PME,6,32,8000,6157.760016920818089,1.095102471000000
Kawata PME,6,32,8000,6157.760017130500273,1.102469346000000
Kawata PME,6,32,8000,6157.760016559544965,1.089358829000000
Kawata PME,6,32,8000,6157.760016851734690,1.104710071000000
Kawata PME,6,32,8000,6157.760017456760579,1.090526245000000
Kawata PME,6,32,8000,6157.760016792884926,1.099894057000000
Kawata PME,6,32,8000,6157.760017168668128,1.091181091000000
Kawata PME,6,32,8000,6157.760017245562267,1.109018121000000
Kawata PME,6,32,8000,6157.760017209400758,1.096554733000000
Kawata PME,6,32,8000,6157.760016772157542,1.097435402000000
Kawata PME,6,32,8000,6157.760017154349953,1.103279605000000
Kawata PME,6,32,8000,6157.760017365387284,1.089344514000000
Kawata PME,6,32,8000,6157.760017365695603,1.101828294000000
Kawata PME,6,32,8000,6157.760017122029240,1.091465617000000
Kawata PME,6,32,9000,2023.515598119932292,1.234112111000000
Kawata PME,6,32,9000,2023.515598501453042,1.269015998000000
Kawata PME,6,32,9000,2023.515598431371927,1.224874130000000
Kawata PME,6,32,9000,2023.515598205561673,1.239298514000000
Kawata PME,6,32,9000,2023.515598371231818,1.229255167000000
Kawata PME,6,32,9000,2023.515598451907863,1.231714873000000
Kawata PME,6,32,9000,2023.515598410369876,1.238825534000000
Kawata PME,6,32,9000,2023.515598688561568,1.224094109000000
Kawata PME,6,32,9000,2023.515597889742594,1.235660174000000
Kawata PME,6,32,9000,2023.515598299019530,1.243811977000000
Kawata PME,6,32,9000,2023.515598641596625,1.225054719000000
Kawata PME,6,32,9000,2023.515598614852024,1.240763930000000
Kawata PME,6,32,9000,2023.515598760112880,1.232415516000000
Kawata PME,6,32,9000,2023.515598053185158,1.223736065000000
Kawata PME,6,32,9000,2023.515598020643665,1.240444781000000
Kawata PME,6,32,9000,2023.515598545644025,1.242496755000000
Kawata PME,6,32,9000,2023.515598671620410,1.442295835000000
Kawata PME,6,32,9000,2023.515598346104525,1.240495008000000
Kawata PME,6,32,9000,2023.515598223095594,1.226969520000000
Kawata PME,6,32,9000,2023.515598696184952,1.233596003000000
Kawata PME,6,32,9000,2023.515598702159423,1.234292070000000
Kawata PME,6,32,9000,2023.515598315892021,1.228607410000000
Kawata PME,6,32,9000,2023.515598871187649,1.238451426000000
Kawata PME,6,32,9000,2023.515598323310769,1.235034957000000
Kawata PME,6,32,9000,2023.515598304678406,1.227598781000000
Kawata PME,6,32,9000,2023.515598296667804,1.234939321000000
Kawata PME,6,32,9000,2023.515598663213950,1.230706555000000
Kawata PME,6,32,9000,2023.515598187594605,1.229780565000000
Kawata PME,6,32,9000,2023.515598433122705,1.254153740000000
Kawata PME,6,32,9000,2023.515598713440795,1.224064447000000
Kawata PME,6,32,10000,352.766760910934977,1.370771618000000
Kawata PME,6,32,10000,352.766760841901487,1.377258678000000
Kawata PME,6,32,10000,352.766760641360747,1.369948405000000
Kawata PME,6,32,10000,352.766760395728681,1.370475306000000
Kawata PME,6,32,10000,352.766760618098488,1.374315705000000
Kawata PME,6,32,10000,352.766761171763108,1.375132657000000
Kawata PME,6,32,10000,352.766761010360256,1.364002367000000
Kawata PME,6,32,10000,352.766761114728070,1.375071532000000
Kawata PME,6,32,10000,352.766760252755546,1.381929757000000
Kawata PME,6,32,10000,352.766760571518773,1.364315600000000
Kawata PME,6,32,10000,352.766760644282328,1.373882457000000
Kawata PME,6,32,10000,352.766760432196520,1.376188611000000
Kawata PME,6,32,10000,352.766760703044440,1.369563067000000
Kawata PME,6,32,10000,352.766760598106885,1.369896328000000
Kawata PME,6,32,10000,352.766760353324571,1.374232843000000
Kawata PME,6,32,10000,352.766760755577593,1.374950447000000
Kawata PME,6,32,10000,352.766760876912144,1.367656986000000
Kawata PME,6,32,10000,352.766760720702450,1.375340843000000
Kawata PME,6,32,10000,352.766760726802829,1.409535687000000
Kawata PME,6,32,10000,352.766760627166377,1.365124947000000
Kawata PME,6,32,10000,352.766760437843288,1.370869131000000
Kawata PME,6,32,10000,352.766760302569196,1.377138097000000
Kawata PME,6,32,10000,352.766760883354834,1.378951566000000
Kawata PME,6,32,10000,352.766760210052894,1.362414328000000
Kawata PME,6,32,10000,352.766760703228101,1.447177267000000
Kawata PME,6,32,10000,352.766760694610525,1.377808713000000
Kawata PME,6,32,10000,352.766760439304051,1.365677613000000
Kawata PME,6,32,10000,352.766760523632570,1.375516579000000
Kawata PME,6,32,10000,352.766760592571586,1.375724637000000
Kawata PME,6,32,10000,352.766761009478330,1.372004731000000
Kawata PME,6,32,11000,2652.148541477426079,1.496989087000000
Kawata PME,6,32,11000,2652.148541605495666,1.517964309000000
Kawata PME,6,32,11000,2652.148541191349977,1.520731118000000
Kawata PME,6,32,11000,2652.148541824365566,1.527049364000000
Kawata PME,6,32,11000,2652.148541191882487,1.509151638000000
Kawata PME,6,32,11000,2652.148541198093881,1.521834810000000
Kawata PME,6,32,11000,2652.148540943622720,1.518953522000000
Kawata PME,6,32,11000,2652.148542209360130,2.238252173000000
Kawata PME,6,32,11000,2652.148540681545455,1.830773498000000
Kawata PME,6,32,11000,2652.148540857312582,1.521472910000000
Kawata PME,6,32,11000,2652.148541460344859,1.522417338000000
Kawata PME,6,32,11000,2652.148541394237782,1.518180759000000
Kawata PME,6,32,11000,2652.148540679414054,1.520874072000000
Kawata PME,6,32,11000,2652.148540964992662,1.518178922000000
Kawata PME,6,32,11000,2652.148541137640677,1.521915720000000
Kawata PME,6,32,11000,2652.148540684522231,1.514538871000000
Kawata PME,6,32,11000,2652.148541263874449,1.520433719000000
Kawata PME,6,32,11000,2652.148541571135411,1.518533448000000
Kawata PME,6,32,11000,2652.148541114856016,1.524016923000000
Kawata PME,6,32,11000,2652.148541362399556,1.520921742000000
Kawata PME,6,32,11000,2652.148541151384961,1.517102210000000
Kawata PME,6,32,11000,2652.148540585923911,1.521394510000000
Kawata PME,6,32,11000,2652.148541291160655,1.521980558000000
Kawata PME,6,32,11000,2652.148540570764908,1.523374429000000
Kawata PME,6,32,11000,2652.148540737588064,1.523672921000000
Kawata PME,6,32,11000,2652.148540918872641,1.516558324000000
Kawata PME,6,32,11000,2652.148540954041437,1.521591851000000
Kawata PME,6,32,11000,2652.148541132693936,1.520389340000000
Kawata PME,6,32,11000,2652.148541530821603,1.522916204000000
Kawata PME,6,32,11000,2652.148541288386241,1.507947977000000
Kawata PME,6,32,12000,2121.959173678049410,1.686840475000000
Kawata PME,6,32,12000,2121.959174845440884,1.674850132000000
Kawata PME,6,32,12000,2121.959174147245903,1.666168482000000
Kawata PME,6,32,12000,2121.959174083504422,1.673450813000000
Kawata PME,6,32,12000,2121.959173949736396,1.667815030000000
Kawata PME,6,32,12000,2121.959173780212495,1.661305587000000
Kawata PME,6,32,12000,2121.959173763418221,1.659904592000000
Kawata PME,6,32,12000,2121.959173061286492,1.668300325000000
Kawata PME,6,32,12000,2121.959173572505733,1.670956049000000
Kawata PME,6,32,12000,2121.959174265777619,1.665620417000000
Kawata PME,6,32,12000,2121.959173524896869,1.667981294000000
Kawata PME,6,32,12000,2121.959175241574940,1.665075062000000
Kawata PME,6,32,12000,2121.959173668752101,1.660263497000000
Kawata PME,6,32,12000,2121.959173342969734,1.659535137000000
Kawata PME,6,32,12000,2121.959173544244550,1.666176426000000
Kawata PME,6,32,12000,2121.959173486943655,1.671038444000000
Kawata PME,6,32,12000,2121.959173608161564,1.668659810000000
Kawata PME,6,32,12000,2121.959173268295217,1.665796633000000
Kawata PME,6,32,12000,2121.959173702065073,1.668258843000000
Kawata PME,6,32,12000,2121.959173751107301,1.664633753000000
Kawata PME,6,32,12000,2121.959173732254840,1.660242340000000
Kawata PME,6,32,12000,2121.959172899626537,1.666642044000000
Kawata PME,6,32,12000,2121.959173794618437,1.671701618000000
Kawata PME,6,32,12000,2121.959173666041806,1.668335270000000
Kawata PME,6,32,12000,2121.959174283723314,1.666118559000000
Kawata PME,6,32,12000,2121.959175963964753,1.663320583000000
Kawata PME,6,32,12000,2121.959173093001027,1.660329506000000
Kawata PME,6,32,12000,2121.959174549926047,1.685274694000000
Kawata PME,6,32,12000,2121.959173615245163,1.668549074000000
Kawata PME,6,32,12000,2121.959173629650650,1.670330833000000
Kawata PME,6,32,13000,3495.992400114349039,1.797670395000000
Kawata PME,6,32,13000,3495.992399706063679,1.810729454000000
Kawata PME,6,32,13000,3495.992398763445181,1.811311880000000
Kawata PME,6,32,13000,3495.992398707145185,1.810201783000000
Kawata PME,6,32,13000,3495.992400038930100,1.814780227000000
Kawata PME,6,32,13000,3495.992398972694900,1.839168014000000
Kawata PME,6,32,13000,3495.992400280971196,1.805368168000000
Kawata PME,6,32,13000,3495.992400137721233,1.805401491000000
Kawata PME,6,32,13000,3495.992399316466617,1.817056169000000
Kawata PME,6,32,13000,3495.992399473533624,1.808959529000000
Kawata PME,6,32,13000,3495.992399395679968,1.810280567000000
Kawata PME,6,32,13000,3495.992399561051116,1.814438874000000
Kawata PME,6,32,13000,3495.992399511036183,1.810834899000000
Kawata PME,6,32,13000,3495.992399361025491,1.809722184000000
Kawata PME,6,32,13000,3495.992398782260807,1.807754787000000
Kawata PME,6,32,13000,3495.992399174081584,1.811934828000000
Kawata PME,6,32,13000,3495.992400606990941,1.806558218000000
Kawata PME,6,32,13000,3495.992399906971968,1.809391633000000
Kawata PME,6,32,13000,3495.992399804561501,1.814665856000000
Kawata PME,6,32,13000,3495.992400350499338,1.802728123000000
Kawata PME,6,32,13000,3495.992399570606267,1.803422886000000
Kawata PME,6,32,13000,3495.992400133752199,1.803019077000000
Kawata PME,6,32,13000,3495.992399799039958,1.811359977000000
Kawata PME,6,32,13000,3495.992399822375319,1.813624294000000
Kawata PME,6,32,13000,3495.992399619776734,1.827678586000000
Kawata PME,6,32,13000,3495.992399095952351,1.812137785000000
Kawata PME,6,32,13000,3495.992399201202261,1.823471214000000
Kawata PME,6,32,13000,3495.992400131308386,1.810578603000000
Kawata PME,6,32,13000,3495.992399407402900,1.810020133000000
Kawata PME,6,32,13000,3495.992400099290535,1.817959391000000
Kawata PME,6,32,14000,1315.000509491386083,1.949333316000000
Kawata PME,6,32,14000,1315.000510735388389,1.966056353000000
Kawata PME,6,32,14000,1315.000509021363087,1.962159383000000
Kawata PME,6,32,14000,1315.000510890614351,1.962930959000000
Kawata PME,6,32,14000,1315.000510335002446,1.962727085000000
Kawata PME,6,32,14000,1315.000510219022090,1.968723466000000
Kawata PME,6,32,14000,1315.000507576822429,1.963536008000000
Kawata PME,6,32,14000,1315.000509061199409,1.962163556000000
Kawata PME,6,32,14000,1315.000509059173510,1.995393999000000
Kawata PME,6,32,14000,1315.000507772622768,1.965172574000000
Kawata PME,6,32,14000,1315.000507392745249,1.963289926000000
Kawata PME,6,32,14000,1315.000508604405695,1.975962893000000
Kawata PME,6,32,14000,1315.000509610205654,1.965955230000000
Kawata PME,6,32,14000,1315.000510582068273,1.960515419000000
Kawata PME,6,32,14000,1315.000508716197373,1.964557350000000
Kawata PME,6,32,14000,1315.000510331162104,1.965286337000000
Kawata PME,6,32,14000,1315.000508089525511,1.967494369000000
Kawata PME,6,32,14000,1315.000507235789200,1.968230861000000
Kawata PME,6,32,14000,1315.000508540535520,1.962574015000000
Kawata PME,6,32,14000,1315.000506797673324,1.959176774000000
Kawata PME,6,32,14000,1315.000510075340799,1.963567582000000
Kawata PME,6,32,14000,1315.000508894872155,1.962554038000000
Kawata PME,6,32,14000,1315.000507897496391,1.966902006000000
Kawata PME,6,32,14000,1315.000506761208726,1.962289189000000
Kawata PME,6,32,14000,1315.000509580319658,1.966644121000000
Kawata PME,6,32,14000,1315.000509183206304,1.963118950000000
Kawata PME,6,32,14000,1315.000508292263248,1.970134595000000
Kawata PME,6,32,14000,1315.000509659624186,1.961916675000000
Kawata PME,6,32,14000,1315.000509990749379,1.969698249000000
Kawata PME,6,32,14000,1315.000509763698119,1.966255849000000
Kawata PME,6,32,15000,1249.704077165753915,2.101218819000000
Kawata PME,6,32,15000,1249.704076976385295,2.100467593000000
Kawata PME,6,32,15000,1249.704078004225494,2.098869356000000
Kawata PME,6,32,15000,1249.704078051389843,2.106157104000000
Kawata PME,6,32,15000,1249.704076367780090,2.103307636000000
Kawata PME,6,32,15000,1249.704080229761985,2.101193662000000
Kawata PME,6,32,15000,1249.704078004813482,2.100098157000000
Kawata PME,6,32,15000,1249.704076281713242,2.098351056000000
Kawata PME,6,32,15000,1249.704076531535520,2.135162144000000
Kawata PME,6,32,15000,1249.704074973990373,2.103262352000000
Kawata PME,6,32,15000,1249.704078151810563,2.096916440000000
Kawata PME,6,32,15000,1249.704076105831746,2.103969157000000
Kawata PME,6,32,15000,1249.704076456897155,2.100208862000000
Kawata PME,6,32,15000,1249.704076948694819,2.099708953000000
Kawata PME,6,32,15000,1249.704075827400402,2.103540823000000
Kawata PME,6,32,15000,1249.704077452251340,2.099264454000000
Kawata PME,6,32,15000,1249.704078165481633,2.102900954000000
Kawata PME,6,32,15000,1249.704078019145527,2.099305596000000
Kawata PME,6,32,15000,1249.704078300902438,2.098622017000000
Kawata PME,6,32,15000,1249.704078284549269,2.099794836000000
Kawata PME,6,32,15000,1249.704077914998379,2.106174981000000
Kawata PME,6,32,15000,1249.704076977579234,2.098844219000000
Kawata PME,6,32,15000,1249.704078103522079,2.100630423000000
Kawata PME,6,32,15000,1249.704076961060537,2.103604657000000
Kawata PME,6,32,15000,1249.704077671901814,2.099171053000000
Kawata PME,6,32,15000,1249.704076642628024,2.110923438000000
Kawata PME,6,32,15000,1249.704077393850412,2.101629707000000
Kawata PME,6,32,15000,1249.704077104015141,2.099898651000000
Kawata PME,6,32,15000,1249.704076450356297,2.106314735000000
Kawata PME,6,32,15000,1249.704077521248109,2.100030227000000
Kawata PME,6,32,16000,2729.580275858073037,2.237297649000000
Kawata PME,6,32,16000,2729.580274265848402,2.261825440000000
Kawata PME,6,32,16000,2729.580275403165160,2.251137613000000
Kawata PME,6,32,16000,2729.580276487415631,2.250528170000000
Kawata PME,6,32,16000,2729.580275339110813,2.250529506000000
Kawata PME,6,32,16000,2729.580274173828002,2.254320256000000
Kawata PME,6,32,16000,2729.580275933420126,2.281292178000000
Kawata PME,6,32,16000,2729.580275241762138,2.250130790000000
Kawata PME,6,32,16000,2729.580276326894818,2.253717258000000
Kawata PME,6,32,16000,2729.580276444954507,2.248475889000000
Kawata PME,6,32,16000,2729.580275857698325,2.254098930000000
Kawata PME,6,32,16000,2729.580277266279609,2.251942086000000
Kawata PME,6,32,16000,2729.580273961022613,2.250697797000000
Kawata PME,6,32,16000,2729.580274676411136,2.252310132000000
Kawata PME,6,32,16000,2729.580274690413262,2.259755417000000
Kawata PME,6,32,16000,2729.580273033112462,2.251471766000000
Kawata PME,6,32,16000,2729.580275534212888,2.256685229000000
Kawata PME,6,32,16000,2729.580275686005734,2.250560939000000
Kawata PME,6,32,16000,2729.580276308380235,2.249201116000000
Kawata PME,6,32,16000,2729.580277083268811,2.251892633000000
Kawata PME,6,32,16000,2729.580274425413791,2.255445848000000
Kawata PME,6,32,16000,2729.580276351921384,2.255858131000000
Kawata PME,6,32,16000,2729.580273315089471,2.249633625000000
Kawata PME,6,32,16000,2729.580275858561890,2.252760118000000
Kawata PME,6,32,16000,2729.580274900664335,2.247464611000000
Kawata PME,6,32,16000,2729.580275732218070,2.256064127000000
Kawata PME,6,32,16000,2729.580275093184810,2.250687252000000
Kawata PME,6,32,16000,2729.580273271161786,2.253712014000000
Kawata PME,6,32,16000,2729.580272849458197,2.253933455000000
Kawata PME,6,32,16000,2729.580275193914986,2.247321690000000
Kawata PME,6,32,17000,12862.122268385166535,2.391311858000000
Kawata PME,6,32,17000,12862.122267428325358,2.399995148000000
Kawata PME,6,32,17000,12862.122269673081973,2.438477208000000
Kawata PME,6,32,17000,12862.122270344158096,2.401064034000000
Kawata PME,6,32,17000,12862.122268535105832,2.398281052000000
Kawata PME,6,32,17000,12862.122267921078674,2.402712091000000
Kawata PME,6,32,17000,12862.122269704428618,2.399708711000000
Kawata PME,6,32,17000,12862.122269115814561,2.404166257000000
Kawata PME,6,32,17000,12862.122269867561045,2.398328385000000
Kawata PME,6,32,17000,12862.122267125365397,2.401614850000000
Kawata PME,6,32,17000,12862.122267805851152,2.405855110000000
Kawata PME,6,32,17000,12862.122267233555249,2.411098364000000
Kawata PME,6,32,17000,12862.122268522096419,2.403390471000000
Kawata PME,6,32,17000,12862.122269788254926,2.398348501000000
Kawata PME,6,32,17000,12862.122267803206341,2.403560400000000
Kawata PME,6,32,17000,12862.122269891591714,2.407104643000000
Kawata PME,6,32,17000,12862.122269798506750,2.397632933000000
Kawata PME,6,32,17000,12862.122269734489237,2.398012213000000
Kawata PME,6,32,17000,12862.122269408488137,2.396875789000000
Kawata PME,6,32,17000,12862.122269199860966,2.410205772000000
Kawata PME,6,32,17000,12862.122270198819024,2.407172839000000
Kawata PME,6,32,17000,12862.122269255500214,2.398356516000000
Kawata PME,6,32,17000,12862.122265316564153,2.402623051000000
Kawata PME,6,32,17000,12862.122268945886390,2.398270635000000
Kawata PME,6,32,17000,12862.122266131847937,2.413935839000000
Kawata PME,6,32,17000,12862.122266768603367,2.401289835000000
Kawata PME,6,32,17000,12862.122268522572995,2.402734201000000
Kawata PME,6,32,17000,12862.122269446561404,2.431735918000000
Kawata PME,6,32,17000,12862.122270324058263,2.411228958000000
Kawata PME,6,32,17000,12862.122269547840915,2.403493041000000
Kawata PME,6,32,18000,1328.620005597454565,2.532379430000000
Kawata PME,6,32,18000,1328.620004134502778,2.547741502000000
Kawata PME,6,32,18000,1328.620006004195602,2.565077468000000
Kawata PME,6,32,18000,1328.620004888561198,2.545885237000000
Kawata PME,6,32,18000,1328.620006298079716,2.549774862000000
Kawata PME,6,32,18000,1328.620006782931341,2.558977885000000
Kawata PME,6,32,18000,1328.620004267240802,2.545108716000000
Kawata PME,6,32,18000,1328.620007225245445,2.553670357000000
Kawata PME,6,32,18000,1328.620006349970936,2.555676407000000
Kawata PME,6,32,18000,1328.620006133495735,2.549965169000000
Kawata PME,6,32,18000,1328.620008038722972,2.549118613000000
Kawata PME,6,32,18000,1328.620006348830884,2.548777109000000
Kawata PME,6,32,18000,1328.620005407240342,2.560168723000000
Kawata PME,6,32,18000,1328.620008222345405,2.554073414000000
Kawata PME,6,32,18000,1328.620006376282163,2.549913294000000
Kawata PME,6,32,18000,1328.620004793931912,2.576182382000000
Kawata PME,6,32,18000,1328.620005420029202,2.552929417000000
Kawata PME,6,32,18000,1328.620007014766088,2.548409404000000
Kawata PME,6,32,18000,1328.620005434205041,2.555656578000000
Kawata PME,6,32,18000,1328.620003972659106,2.548714353000000
Kawata PME,6,32,18000,1328.620006766210281,2.549228661000000
Kawata PME,6,32,18000,1328.620005406836299,2.594509376000000
Kawata PME,6,32,18000,1328.620007626492679,2.549586160000000
Kawata PME,6,32,18000,1328.620005710091164,2.548162244000000
Kawata PME,6,32,18000,1328.620002881187247,2.549590906000000
Kawata PME,6,32,18000,1328.620003981772697,2.552660391000000
Kawata PME,6,32,18000,1328.620006087285901,2.554711712000000
Kawata PME,6,32,18000,1328.620006400977672,2.550170122000000
Kawata PME,6,32,18000,1328.620006699087753,2.558820040000000
Kawata PME,6,32,18000,1328.620005815745571,2.546502767000000
Kawata PME,6,32,19000,2735.175386995709232,2.694577299000000
Kawata PME,6,32,19000,2735.175387242114084,2.717039756000000
Kawata PME,6,32,19000,2735.175382327118314,2.706392511000000
Kawata PME,6,32,19000,2735.175382824997541,2.718214762000000
Kawata PME,6,32,19000,2735.175391445678997,2.703607769000000
Kawata PME,6,32,19000,2735.175386494963732,2.702749112000000
Kawata PME,6,32,19000,2735.175380362060423,2.718183225000000
Kawata PME,6,32,19000,2735.175386746659569,2.713900373000000
Kawata PME,6,32,19000,2735.175386785540468,2.718363607000000
Kawata PME,6,32,19000,2735.175381255141474,2.705596128000000
Kawata PME,6,32,19000,2735.175381319012558,2.705795447000000
Kawata PME,6,32,19000,2735.175385151924274,2.715268606000000
Kawata PME,6,32,19000,2735.175381310486046,2.710868587000000
Kawata PME,6,32,19000,2735.175383614077873,2.707630710000000
Kawata PME,6,32,19000,2735.175382177474603,2.744256309000000
Kawata PME,6,32,19000,2735.175381204758196,2.705835659000000
Kawata PME,6,32,19000,2735.175381904795358,2.725036188000000
Kawata PME,6,32,19000,2735.175386153306135,2.710380791000000
Kawata PME,6,32,19000,2735.175387558157126,2.737996604000000
Kawata PME,6,32,19000,2735.175386565632380,2.710896492000000
Kawata PME,6,32,19000,2735.175386903946674,2.713440102000000
Kawata PME,6,32,19000,2735.175382774580612,2.717883172000000
Kawata PME,6,32,19000,2735.175384403231874,2.707742262000000
Kawata PME,6,32,19000,2735.175388727923291,2.706547833000000
Kawata PME,6,32,19000,2735.175382326649924,2.719038745000000
Kawata PME,6,32,19000,2735.175386522323606,2.710023662000000
Kawata PME,6,32,19000,2735.175383219537252,2.711862410000000
Kawata PME,6,32,19000,2735.175382835654545,2.707541851000000
Kawata PME,6,32,19000,2735.175384220147407,2.713335809000000
Kawata PME,6,32,19000,2735.175385009814818,2.730561045000000
Kawata PME,6,32,20000,2214.288177786095730,2.835454592000000
Kawata PME,6,32,20000,2214.288171931421857,2.865959207000000
Kawata PME,6,32,20000,2214.288176520156412,2.852395629000000
Kawata PME,6,32,20000,2214.288168290156136,2.861754008000000
Kawata PME,6,32,20000,2214.288171464999778,2.853853484000000
Kawata PME,6,32,20000,2214.288177209573405,2.886228847000000
Kawata PME,6,32,20000,2214.288178886517017,2.851947569000000
Kawata PME,6,32,20000,2214.288176929948804,2.858704162000000
Kawata PME,6,32,20000,2214.288173165903572,2.859307455000000
Kawata PME,6,32,20000,2214.288175112990302,2.855358966000000
Kawata PME,6,32,20000,2214.288173768371053,2.864647358000000
Kawata PME,6,32,20000,2214.288176214788564,2.857710973000000
Kawata PME,6,32,20000,2214.288176939245659,2.862034045000000
Kawata PME,6,32,20000,2214.288175069882527,2.851855201000000
Kawata PME,6,32,20000,2214.288179291640517,2.860792710000000
Kawata PME,6,32,20000,2214.288180134594768,2.861779694000000
Kawata PME,6,32,20000,2214.288174506407813,2.863398764000000
Kawata PME,6,32,20000,2214.288175819127900,2.852937060000000
Kawata PME,6,32,20000,2214.288175514770501,2.861036902000000
Kawata PME,6,32,20000,2214.288173617607754,2.854459712000000
Kawata PME,6,32,20000,2214.288166534202901,2.855897099000000
Kawata PME,6,32,20000,2214.288171811325356,2.864611941000000
Kawata PME,6,32,20000,2214.288177479974820,2.853768548000000
Kawata PME,6,32,20000,2214.288172533668785,2.871218110000000
Kawata PME,6,32,20000,2214.288177690768407,2.857148921000000
Kawata PME,6,32,20000,2214.288174456317392,2.863381387000000
Kawata PME,6,32,20000,2214.288178704553502,2.882359936000000
Kawata PME,6,32,20000,2214.288177501436166,2.864053720000000
Kawata PME,6,32,20000,2214.288176351624770,2.849419250000000
Kawata PME,6,32,20000,2214.288172717379439,2.866151085000000
Kawata PME,6,32,21000,2935.752003745052207,2.985621547000000
Kawata PME,6,32,21000,2935.752008581072459,3.020749107000000
Kawata PME,6,32,21000,2935.752006878625252,3.005232442000000
Kawata PME,6,32,21000,2935.752006619795793,3.019233682000000
Kawata PME,6,32,21000,2935.752007857846820,3.010182185000000
Kawata PME,6,32,21000,2935.752005719920817,3.016270101000000
Kawata PME,6,32,21000,2935.752010645610426,3.002370977000000
Kawata PME,6,32,21000,2935.752007435670748,3.008577399000000
Kawata PME,6,32,21000,2935.752002962182360,3.017394293000000
Kawata PME,6,32,21000,2935.752005520592775,3.004376464000000
Kawata PME,6,32,21000,2935.752002830472065,3.019193966000000
Kawata PME,6,32,21000,2935.752007910177326,3.003754488000000
Kawata PME,6,32,21000,2935.752004359242164,3.025087165000000
Kawata PME,6,32,21000,2935.752003006666200,3.006389481000000
Kawata PME,6,32,21000,2935.752011692155975,3.017330555000000
Kawata PME,6,32,21000,2935.752002795927183,3.005274829000000
Kawata PME,6,32,21000,2935.752008225413192,3.025532678000000
Kawata PME,6,32,21000,2935.752005338389608,3.024774484000000
Kawata PME,6,32,21000,2935.752010289766986,3.013886216000000
Kawata PME,6,32,21000,2935.751996079703531,3.013840344000000
Kawata PME,6,32,21000,2935.752004898739870,3.005055991000000
Kawata PME,6,32,21000,2935.751998886466026,3.011504164000000
Kawata PME,6,32,21000,2935.752006625165450,3.006327157000000
Kawata PME,6,32,21000,2935.752008588642639,3.023144222000000
Kawata PME,6,32,21000,2935.752007720992424,3.003703892000000
Kawata PME,6,32,21000,2935.752002552867907,3.015994286000000
Kawata PME,6,32,21000,2935.752007133187362,3.005114671000000
Kawata PME,6,32,21000,2935.752006368766160,3.022512456000000
Kawata PME,6,32,21000,2935.752004305808441,3.003985601000000
Kawata PME,6,32,21000,2935.751999363987125,3.013018332000000
Kawata PME,6,32,22000,9509.891343729788787,3.146188185000000
Kawata PME,6,32,22000,9509.891341242157068,3.155602578000000
Kawata PME,6,32,22000,9509.891345593914593,3.178789822000000
Kawata PME,6,32,22000,9509.891337990175089,3.158527890000000
Kawata PME,6,32,22000,9509.891343511939340,3.165211626000000
Kawata PME,6,32,22000,9509.891340653361112,3.164357624000000
Kawata PME,6,32,22000,9509.891341198075679,3.183155919000000
Kawata PME,6,32,22000,9509.891346984306438,3.168615148000000
Kawata PME,6,32,22000,9509.891351479844161,3.160347060000000
Kawata PME,6,32,22000,9509.891339826996045,3.151020054000000
Kawata PME,6,32,22000,9509.891345346755770,3.162971902000000
Kawata PME,6,32,22000,9509.891345420768630,3.156287026000000
Kawata PME,6,32,22000,9509.891339771966159,3.169182326000000
Kawata PME,6,32,22000,9509.891341365706467,3.166278805000000
Kawata PME,6,32,22000,9509.891345526240912,3.154556307000000
Kawata PME,6,32,22000,9509.891344658883099,3.167627107000000
Kawata PME,6,32,22000,9509.891344468156603,3.158136208000000
Kawata PME,6,32,22000,9509.891342405970136,3.158683239000000
Kawata PME,6,32,22000,9509.891345258411093,3.163961387000000
Kawata PME,6,32,22000,9509.891332968278221,3.247787398000000
Kawata PME,6,32,22000,9509.891340338639566,3.197845571000000
Kawata PME,6,32,22000,9509.891341460464901,3.539193612000000
Kawata PME,6,32,22000,9509.891346361771866,3.244365437000000
Kawata PME,6,32,22000,9509.891341788470527,3.254845799000000
Kawata PME,6,32,22000,9509.891347414195479,3.356587025000000
Kawata PME,6,32,22000,9509.891347739725461,3.331431248000000
Kawata PME,6,32,22000,9509.891344685049262,3.302129652000000
Kawata PME,6,32,22000,9509.891343860688721,3.217473824000000
Kawata PME,6,32,22000,9509.891342195360266,3.232079303000000
Kawata PME,6,32,22000,9509.891344633524568,3.233898876000000
Kawata PME,6,32,23000,6228.285778550387477,3.515446077000000
Kawata PME,6,32,23000,6228.285786921450381,3.432407723000000
Kawata PME,6,32,23000,6228.285785426764050,3.377034844000000
Kawata PME,6,32,23000,6228.285786887769063,3.311893366000000
Kawata PME,6,32,23000,6228.285787942583738,3.321596903000000
Kawata PME,6,32,23000,6228.285774046247752,3.318051693000000
Kawata PME,6,32,23000,6228.285786382834885,3.317576676000000
Kawata PME,6,32,23000,6228.285792532128653,3.321005820000000
Kawata PME,6,32,23000,6228.285794869244455,3.318821315000000
Kawata PME,6,32,23000,6228.285788646296169,3.317970599000000
Kawata PME,6,32,23000,6228.285792672123534,3.334417714000000
Kawata PME,6,32,23000,6228.285793856974124,3.322766419000000
Kawata PME,6,32,23000,6228.285783204168183,3.314091790000000
Kawata PME,6,32,23000,6228.285788748457890,3.332856917000000
Kawata PME,6,32,23000,6228.285786824560091,3.322789119000000
Kawata PME,6,32,23000,6228.285782085814390,3.315497645000000
Kawata PME,6,32,23000,6228.285787171895208,3.318377257000000
Kawata PME,6,32,23000,6228.285791219332168,3.321929987000000
Kawata PME,6,32,23000,6228.285784987537227,3.324883747000000
Kawata PME,6,32,23000,6228.285782541945991,3.319463215000000
Kawata PME,6,32,23000,6228.285788453362329,3.319182328000000
Kawata PME,6,32,23000,6228.285789693502011,3.322237986000000
Kawata PME,6,32,23000,6228.285786611267213,3.314385525000000
Kawata PME,6,32,23000,6228.285788031553238,3.309698477000000
Kawata PME,6,32,23000,6228.285784674066235,3.322906064000000
Kawata PME,6,32,23000,6228.285779735624601,3.321518032000000
Kawata PME,6,32,23000,6228.285787492662166,3.312830443000000
Kawata PME,6,32,23000,6228.285784243657872,3.324154901000000
Kawata PME,6,32,23000,6228.285781740260063,3.335053065000000
Kawata PME,6,32,23000,6228.285783273257039,3.315805672000000
Kawata PME,6,32,24000,5829.306167353862293,3.448111175000000
Kawata PME,6,32,24000,5829.306171182401158,3.509228109000000
Kawata PME,6,32,24000,5829.306167772141634,3.479147054000000
Kawata PME,6,32,24000,5829.306171534019086,3.486847792000000
Kawata PME,6,32,24000,5829.306171846681536,3.465000627000000
Kawata PME,6,32,24000,5829.306174656750954,3.473785377000000
Kawata PME,6,32,24000,5829.306172776049607,3.487142576000000
Kawata PME,6,32,24000,5829.306170379502873,3.475229762000000
Kawata PME,6,32,24000,5829.306174172470492,3.461256826000000
Kawata PME,6,32,24000,5829.306167264340729,3.475841071000000
Kawata PME,6,32,24000,5829.306173215665694,3.475193017000000
Kawata PME,6,32,24000,5829.306168101857111,3.474566856000000
Kawata PME,6,32,24000,5829.306178176671892,3.466544421000000
Kawata PME,6,32,24000,5829.306171416053076,3.467709817000000
Kawata PME,6,32,24000,5829.306170086428210,3.468387716000000
Kawata PME,6,32,24000,5829.306172350366978,3.477988871000000
Kawata PME,6,32,24000,5829.306174776775151,3.482245111000000
Kawata PME,6,32,24000,5829.306169626401243,3.457972139000000
Kawata PME,6,32,24000,5829.306167364702560,3.497717865000000
Kawata PME,6,32,24000,5829.306168156394051,3.475065517000000
Kawata PME,6,32,24000,5829.306168452959355,3.472532373000000
Kawata PME,6,32,24000,5829.306163374062635,3.472992373000000
Kawata PME,6,32,24000,5829.306174037728852,3.462467887000000
Kawata PME,6,32,24000,5829.306176169057835,3.473814914000000
Kawata PME,6,32,24000,5829.306177067013778,3.477081113000000
Kawata PME,6,32,24000,5829.306171508148509,3.472242519000000
Kawata PME,6,32,24000,5829.306171145064582,3.470223569000000
Kawata PME,6,32,24000,5829.306177612055762,3.469389129000000
Kawata PME,6,32,24000,5829.306172384965976,3.471702384000000
Kawata PME,6,32,24000,5829.306169902902184,3.473048184000000
Kawata PME,6,32,25000,2892.659747231249185,3.618285515000000
Kawata PME,6,32,25000,2892.659764259983149,3.624248857000000
Kawata PME,6,32,25000,2892.659752854475755,3.628761421000000
Kawata PME,6,32,25000,2892.659753662006096,3.638345334000000
Kawata PME,6,32,25000,2892.659752870058128,3.633057805000000
Kawata PME,6,32,25000,2892.659748537318592,3.671261489000000
Kawata PME,6,32,25000,2892.659743113273180,3.634796754000000
Kawata PME,6,32,25000,2892.659745692189517,3.635012496000000
Kawata PME,6,32,25000,2892.659750808056287,3.628868714000000
Kawata PME,6,32,25000,2892.659755555843276,3.617844666000000
Kawata PME,6,32,25000,2892.659748258246054,3.633015706000000
Kawata PME,6,32,25000,2892.659750520602756,3.642754479000000
Kawata PME,6,32,25000,2892.659746699178413,3.628370016000000
Kawata PME,6,32,25000,2892.659749997882045,3.630619185000000
Kawata PME,6,32,25000,2892.659746695959257,3.637313414000000
Kawata PME,6,32,25000,2892.659751062140913,3.627032776000000
Kawata PME,6,32,25000,2892.659748870929434,3.625439836000000
Kawata PME,6,32,25000,2892.659750532022372,3.686937634000000
Kawata PME,6,32,25000,2892.659748140426473,3.644677123000000
Kawata PME,6,32,25000,2892.659751011832668,3.638658340000000
Kawata PME,6,32,25000,2892.659746605188502,3.642898383000000
Kawata PME,6,32,25000,2892.659747568313833,3.640089048000000
Kawata PME,6,32,25000,2892.659759842719268,3.658064593000000
Kawata PME,6,32,25000,2892.659757917277147,3.624664735000000
Kawata PME,6,32,25000,2892.659744767283883,3.631708188000000
Kawata PME,6,32,25000,2892.659747899351260,3.660632285000000
Kawata PME,6,32,25000,2892.659745638535696,3.637940411000000
Kawata PME,6,32,25000,2892.659752589035179,3.631177067000000
Kawata PME,6,32,25000,2892.659748336962366,3.693545750000000
Kawata PME,6,32,25000,2892.659754672537019,3.754902445000000
Kawata PME,6,64,1000,207.133604354978957,0.201755795000000
Kawata PME,6,64,1000,207.133604355229352,0.150295143000000
Kawata PME,6,64,1000,207.133604354930753,0.150038161000000
Kawata PME,6,64,1000,207.133604354753857,0.160795761000000
Kawata PME,6,64,1000,207.133604355123680,0.164174190000000
Kawata PME,6,64,1000,207.133604355996454,0.164483847000000
Kawata PME,6,64,1000,207.133604354178544,0.168043127000000
Kawata PME,6,64,1000,207.133604355370608,0.177868131000000
Kawata PME,6,64,1000,207.133604354668933,0.194647484000000
Kawata PME,6,64,1000,207.133604354400205,0.178755349000000
Kawata PME,6,64,1000,207.133604355488330,0.204741330000000
Kawata PME,6,64,1000,207.133604355255756,0.206518775000000
Kawata PME,6,64,1000,207.133604354852650,0.294290559000000
Kawata PME,6,64,1000,207.133604355308591,0.217138346000000
Kawata PME,6,64,1000,207.133604354497834,0.226048249000000
Kawata PME,6,64,1000,207.133604355180097,0.233586497000000
Kawata PME,6,64,1000,207.133604355178790,0.292749779000000
Kawata PME,6,64,1000,207.133604355263799,0.411365950000000
Kawata PME,6,64,1000,207.133604355206387,0.594917219000000
Kawata PME,6,64,1000,207.133604355997079,0.136017261000000
Kawata PME,6,64,1000,207.133604355596844,0.136078393000000
Kawata PME,6,64,1000,207.133604355886234,0.135963829000000
Kawata PME,6,64,1000,207.133604354843499,0.136547982000000
Kawata PME,6,64,1000,207.133604355000784,0.135889379000000
Kawata PME,6,64,1000,207.133604354319800,0.143435820000000
Kawata PME,6,64,1000,207.133604355724572,0.146240524000000
Kawata PME,6,64,1000,207.133604355183678,0.136329666000000
Kawata PME,6,64,1000,207.133604354726344,0.135979082000000
Kawata PME,6,64,1000,207.133604355373450,0.138784382000000
Kawata PME,6,64,1000,207.133604355320642,0.135926297000000
Kawata PME,6,64,2000,1101.374841832045149,0.254599216000000
Kawata PME,6,64,2000,1101.374841839149440,0.270052362000000
Kawata PME,6,64,2000,1101.374841833274104,0.256822192000000
Kawata PME,6,64,2000,1101.374841833195887,0.268370433000000
Kawata PME,6,64,2000,1101.374841832704533,0.281454075000000
Kawata PME,6,64,2000,1101.374841835570805,0.281958238000000
Kawata PME,6,64,2000,1101.374841829687284,0.274973242000000
Kawata PME,6,64,2000,1101.374841834842755,0.275336473000000
Kawata PME,6,64,2000,1101.374841833488517,0.276536052000000
Kawata PME,6,64,2000,1101.374841836654923,0.274931802000000
Kawata PME,6,64,2000,1101.374841837212898,0.275380024000000
Kawata PME,6,64,2000,1101.374841833133814,0.281170207000000
Kawata PME,6,64,2000,1101.374841832256607,0.281401577000000
Kawata PME,6,64,2000,1101.374841832688617,0.274646942000000
Kawata PME,6,64,2000,1101.374841839987539,0.274259154000000
Kawata PME,6,64,2000,1101.374841840664658,0.274924861000000
Kawata PME,6,64,2000,1101.374841833287746,0.292077838000000
Kawata PME,6,64,2000,1101.374841826482452,0.273982164000000
Kawata PME,6,64,2000,1101.374841828246190,0.281394782000000
Kawata PME,6,64,2000,1101.374841833081064,0.281299718000000
Kawata PME,6,64,2000,1101.374841834597191,0.276757532000000
Kawata PME,6,64,2000,1101.374841836667883,0.283356401000000
Kawata PME,6,64,2000,1101.374841830917603,0.275727554000000
Kawata PME,6,64,2000,1101.374841835683583,0.274905433000000
Kawata PME,6,64,2000,1101.374841834312519,0.275097167000000
Kawata PME,6,64,2000,1101.374841835565348,0.280894989000000
Kawata PME,6,64,2000,1101.374841831875301,0.280589365000000
Kawata PME,6,64,2000,1101.374841833542632,0.274672321000000
Kawata PME,6,64,2000,1101.374841833225219,0.274592076000000
Kawata PME,6,64,2000,1101.374841833460323,0.274961613000000
Kawata PME,6,64,3000,451.144699081154840,0.397087990000000
Kawata PME,6,64,3000,451.144699070743343,0.413915570000000
Kawata PME,6,64,3000,451.144699071581783,0.412121749000000
Kawata PME,6,64,3000,451.144699064977146,0.405710174000000
Kawata PME,6,64,3000,451.144699054015518,0.405937902000000
Kawata PME,6,64,3000,451.144699078003725,0.406063314000000
Kawata PME,6,64,3000,451.144699061420511,0.418569665000000
Kawata PME,6,64,3000,451.144699064020529,0.404022609000000
Kawata PME,6,64,3000,451.144699069652461,0.406536729000000
Kawata PME,6,64,3000,451.144699078155327,0.405649610000000
Kawata PME,6,64,3000,451.144699079995007,0.405430130000000
Kawata PME,6,64,3000,451.144699076772497,0.418160129000000
Kawata PME,6,64,3000,451.144699057892694,0.408297509000000
Kawata PME,6,64,3000,451.144699082595082,0.404931814000000
Kawata PME,6,64,3000,451.144699065766076,0.432418566000000
Kawata PME,6,64,3000,451.144699063758651,0.410592653000000
Kawata PME,6,64,3000,451.144699079427653,0.417842386000000
Kawata PME,6,64,3000,451.144699066659655,0.405107600000000
Kawata PME,6,64,3000,451.144699071384139,0.409687944000000
Kawata PME,6,64,3000,451.144699075865390,0.404592036000000
Kawata PME,6,64,3000,451.144699057906450,0.411816033000000
Kawata PME,6,64,3000,451.144699060088328,0.450686924000000
Kawata PME,6,64,3000,451.144699050152383,0.402780738000000
Kawata PME,6,64,3000,451.144699071396303,0.405107950000000
Kawata PME,6,64,3000,451.144699062284133,0.405481133000000
Kawata PME,6,64,3000,451.144699064479880,0.418702303000000
Kawata PME,6,64,3000,451.144699051672774,0.439926971000000
Kawata PME,6,64,3000,451.144699051424823,0.404970160000000
Kawata PME,6,64,3000,451.144699056560398,0.405143726000000
Kawata PME,6,64,3000,451.144699055099636,0.405329685000000
Kawata PME,6,64,4000,417.095185790656387,0.537562860000000
Kawata PME,6,64,4000,417.095185816481944,0.536391606000000
Kawata PME,6,64,4000,417.095185800698118,0.543547993000000
Kawata PME,6,64,4000,417.095185807694293,0.542928512000000
Kawata PME,6,64,4000,417.095185794354279,0.543235561000000
Kawata PME,6,64,4000,417.095185819495384,0.537644308000000
Kawata PME,6,64,4000,417.095185761406242,0.539342540000000
Kawata PME,6,64,4000,417.095185807836685,0.548667335000000
Kawata PME,6,64,4000,417.095185835747770,0.536550298000000
Kawata PME,6,64,4000,417.095185787243281,0.535872361000000
Kawata PME,6,64,4000,417.095185803941263,0.543389646000000
Kawata PME,6,64,4000,417.095185768317378,0.584017544000000
Kawata PME,6,64,4000,417.095185791611868,0.535958085000000
Kawata PME,6,64,4000,417.095185809334225,0.537108147000000
Kawata PME,6,64,4000,417.095185789779009,0.549312008000000
Kawata PME,6,64,4000,417.095185769360171,0.536291873000000
Kawata PME,6,64,4000,417.095185807928544,0.540125359000000
Kawata PME,6,64,4000,417.095185835129882,0.536761883000000
Kawata PME,6,64,4000,417.095185798764192,0.548888934000000
Kawata PME,6,64,4000,417.095185776734127,0.536428664000000
Kawata PME,6,64,4000,417.095185749579855,0.536037012000000
Kawata PME,6,64,4000,417.095185819339235,0.542253718000000
Kawata PME,6,64,4000,417.095185774220226,0.544223227000000
Kawata PME,6,64,4000,417.095185816647302,0.535908122000000
Kawata PME,6,64,4000,417.095185763030145,0.536535496000000
Kawata PME,6,64,4000,417.095185780017459,0.546861243000000
Kawata PME,6,64,4000,417.095185815710181,0.536051998000000
Kawata PME,6,64,4000,417.095185803252207,0.537027609000000
Kawata PME,6,64,4000,417.095185836625149,0.543180179000000
Kawata PME,6,64,4000,417.095185789076140,0.541035942000000
Kawata PME,6,64,5000,2679.981090322157797,0.658144420000000
Kawata PME,6,64,5000,2679.981090326527010,0.670954682000000
Kawata PME,6,64,5000,2679.981090339457296,0.681632990000000
Kawata PME,6,64,5000,2679.981090257708729,0.671904714000000
Kawata PME,6,64,5000,2679.981090299589596,0.676472590000000
Kawata PME,6,64,5000,2679.981090316635800,0.674740839000000
Kawata PME,6,64,5000,2679.981090425570073,0.670191578000000
Kawata PME,6,64,5000,2679.981090521342139,0.677773535000000
Kawata PME,6,64,5000,2679.981090400368885,0.675281382000000
Kawata PME,6,64,5000,2679.981090543388291,0.670824376000000
Kawata PME,6,64,5000,2679.981090294765636,0.683580673000000
Kawata PME,6,64,5000,2679.981090460307314,0.672455096000000
Kawata PME,6,64,5000,2679.981090270644017,0.670196064000000
Kawata PME,6,64,5000,2679.981090234319709,0.683026989000000
Kawata PME,6,64,5000,2679.981090332862550,0.669527256000000
Kawata PME,6,64,5000,2679.981090364005922,0.671651593000000
Kawata PME,6,64,5000,2679.981090368893547,0.682620671000000
Kawata PME,6,64,5000,2679.981090298481831,0.669548598000000
Kawata PME,6,64,5000,2679.981090362793111,0.670295983000000
Kawata PME,6,64,5000,2679.981090253059847,0.682090336000000
Kawata PME,6,64,5000,2679.981090335791578,0.675121544000000
Kawata PME,6,64,5000,2679.981090282201876,0.670025179000000
Kawata PME,6,64,5000,2679.981090343086180,0.683222729000000
Kawata PME,6,64,5000,2679.981090384301297,0.669705103000000
Kawata PME,6,64,5000,2679.981090266087449,0.671569889000000
Kawata PME,6,64,5000,2679.981090256854259,0.682874743000000
Kawata PME,6,64,5000,2679.981090368452442,0.669575535000000
Kawata PME,6,64,5000,2679.981090419846623,0.670351644000000
Kawata PME,6,64,5000,2679.981090352135652,0.681710729000000
Kawata PME,6,64,5000,2679.981090323875378,0.691316042000000
Kawata PME,6,64,6000,1582.521578700236887,0.801007378000000
Kawata PME,6,64,6000,1582.521578503371074,0.811145243000000
Kawata PME,6,64,6000,1582.521578515534884,0.808664727000000
Kawata PME,6,64,6000,1582.521578577751370,0.823594768000000
Kawata PME,6,64,6000,1582.521578515378678,0.807263293000000
Kawata PME,6,64,6000,1582.521578646564649,0.824928250000000
Kawata PME,6,64,6000,1582.521578693566880,0.809441912000000
Kawata PME,6,64,6000,1582.521578671498901,0.809647939000000
Kawata PME,6,64,6000,1582.521578784760095,0.813811334000000
Kawata PME,6,64,6000,1582.521578634244179,0.807056368000000
Kawata PME,6,64,6000,1582.521578632691671,0.821936942000000
Kawata PME,6,64,6000,1582.521578479961590,0.807172298000000
Kawata PME,6,64,6000,1582.521578611275800,0.812469575000000
Kawata PME,6,64,6000,1582.521578721409014,0.815862267000000
Kawata PME,6,64,6000,1582.521578583263818,0.807839309000000
Kawata PME,6,64,6000,1582.521578716682143,0.817196719000000
Kawata PME,6,64,6000,1582.521578700383770,0.806641111000000
Kawata PME,6,64,6000,1582.521578455266081,0.819540425000000
Kawata PME,6,64,6000,1582.521578566248991,0.810936006000000
Kawata PME,6,64,6000,1582.521578614114787,0.807827244000000
Kawata PME,6,64,6000,1582.521578583447763,0.818695296000000
Kawata PME,6,64,6000,1582.521578752805681,0.809493196000000
Kawata PME,6,64,6000,1582.521578542265388,0.818290333000000
Kawata PME,6,64,6000,1582.521578565362461,0.806035702000000
Kawata PME,6,64,6000,1582.521578672380656,0.817497806000000
Kawata PME,6,64,6000,1582.521578513936447,0.811968509000000
Kawata PME,6,64,6000,1582.521578667787253,0.806716457000000
Kawata PME,6,64,6000,1582.521578626480732,0.817915805000000
Kawata PME,6,64,6000,1582.521578647207662,0.808921412000000
Kawata PME,6,64,6000,1582.521578562854302,0.819083617000000
Kawata PME,6,64,7000,5339.322116202419238,0.933360256000000
Kawata PME,6,64,7000,5339.322116595383704,0.966318632000000
Kawata PME,6,64,7000,5339.322116302431823,0.953235256000000
Kawata PME,6,64,7000,5339.322116411632123,0.960352641000000
Kawata PME,6,64,7000,5339.322116379935323,0.945354108000000
Kawata PME,6,64,7000,5339.322116429995731,0.996923799000000
Kawata PME,6,64,7000,5339.322116222557270,0.946223146000000
Kawata PME,6,64,7000,5339.322116522633223,0.960246150000000
Kawata PME,6,64,7000,5339.322116066363378,0.948495143000000
Kawata PME,6,64,7000,5339.322116264377655,0.951634493000000
Kawata PME,6,64,7000,5339.322116193488910,0.951402599000000
Kawata PME,6,64,7000,5339.322116048848329,0.952868380000000
Kawata PME,6,64,7000,5339.322116323066439,0.951783070000000
Kawata PME,6,64,7000,5339.322116333117265,0.952628972000000
Kawata PME,6,64,7000,5339.322116250560612,0.957987823000000
Kawata PME,6,64,7000,5339.322116398181606,0.948662737000000
Kawata PME,6,64,7000,5339.322116459571589,0.952545727000000
Kawata PME,6,64,7000,5339.322116498048672,0.947175906000000
Kawata PME,6,64,7000,5339.322116432331313,0.957092238000000
Kawata PME,6,64,7000,5339.322116211798857,0.945571906000000
Kawata PME,6,64,7000,5339.322116120614737,0.957237906000000
Kawata PME,6,64,7000,5339.322116494024158,0.948305114000000
Kawata PME,6,64,7000,5339.322116377014027,0.957848263000000
Kawata PME,6,64,7000,5339.322116122621992,0.945468381000000
Kawata PME,6,64,7000,5339.322116422878025,0.960823963000000
Kawata PME,6,64,7000,5339.322115965767807,0.945756913000000
Kawata PME,6,64,7000,5339.322116440811442,0.963468941000000
Kawata PME,6,64,7000,5339.322116403767723,0.947715364000000
Kawata PME,6,64,7000,5339.322116102368454,0.959052521000000
Kawata PME,6,64,7000,5339.322116496376111,0.952239482000000
Kawata PME,6,64,8000,6157.760102163971169,1.079234699000000
Kawata PME,6,64,8000,6157.760101926005518,1.081931758000000
Kawata PME,6,64,8000,6157.760102152647960,1.093999879000000
Kawata PME,6,64,8000,6157.760101870853759,1.088371337000000
Kawata PME,6,64,8000,6157.760102116376402,1.086584029000000
Kawata PME,6,64,8000,6157.760102368255502,1.094871438000000
Kawata PME,6,64,8000,6157.760102164168529,1.081403332000000
Kawata PME,6,64,8000,6157.760101983821187,1.100156761000000
Kawata PME,6,64,8000,6157.760101896198648,1.084219283000000
Kawata PME,6,64,8000,6157.760101790267981,1.094705376000000
Kawata PME,6,64,8000,6157.760102155614732,1.081298849000000
Kawata PME,6,64,8000,6157.760101873757776,1.093975375000000
Kawata PME,6,64,8000,6157.760101600562848,1.087883277000000
Kawata PME,6,64,8000,6157.760101811853929,1.080105690000000
Kawata PME,6,64,8000,6157.760102136771820,1.094071937000000
Kawata PME,6,64,8000,6157.760101934234626,1.079612867000000
Kawata PME,6,64,8000,6157.760102197261403,1.094376778000000
Kawata PME,6,64,8000,6157.760101985612891,1.080482102000000
Kawata PME,6,64,8000,6157.760101791760462,1.097665103000000
Kawata PME,6,64,8000,6157.760101799023687,1.080959032000000
Kawata PME,6,64,8000,6157.760101848533850,1.092449671000000
Kawata PME,6,64,8000,6157.760102155294589,1.086967885000000
Kawata PME,6,64,8000,6157.760102294095304,1.084236389000000
Kawata PME,6,64,8000,6157.760102394825481,1.091287383000000
Kawata PME,6,64,8000,6157.760101698352628,1.086408142000000
Kawata PME,6,64,8000,6157.760101998117534,1.095286437000000
Kawata PME,6,64,8000,6157.760102215911502,1.081371750000000
Kawata PME,6,64,8000,6157.760101730656061,1.093744580000000
Kawata PME,6,64,8000,6157.760102066429681,1.082470154000000
Kawata PME,6,64,8000,6157.760101977629347,1.096529454000000
Kawata PME,6,64,9000,2023.515595978967440,1.216988048000000
Kawata PME,6,64,9000,2023.515596048882799,1.253417156000000
Kawata PME,6,64,9000,2023.515596000042933,1.231813073000000
Kawata PME,6,64,9000,2023.515595796176285,1.272287613000000
Kawata PME,6,64,9000,2023.515595607541854,1.219063936000000
Kawata PME,6,64,9000,2023.515595922876173,1.234632813000000
Kawata PME,6,64,9000,2023.515595705883243,1.220669676000000
Kawata PME,6,64,9000,2023.515596105788973,1.231463003000000
Kawata PME,6,64,9000,2023.515595740721437,1.232241698000000
Kawata PME,6,64,9000,2023.515595851998569,1.219024027000000
Kawata PME,6,64,9000,2023.515596116115148,1.233375142000000
Kawata PME,6,64,9000,2023.515595875554936,1.232906593000000
Kawata PME,6,64,9000,2023.515595858406414,1.221114275000000
Kawata PME,6,64,9000,2023.515595940380535,1.232569747000000
Kawata PME,6,64,9000,2023.515595713028233,1.226607917000000
Kawata PME,6,64,9000,2023.515595827778270,1.225718641000000
Kawata PME,6,64,9000,2023.515596080799241,1.231785057000000
Kawata PME,6,64,9000,2023.515595881985519,1.224466852000000
Kawata PME,6,64,9000,2023.515595252828916,1.231056263000000
Kawata PME,6,64,9000,2023.515595712718550,1.229761786000000
Kawata PME,6,64,9000,2023.515595524341506,1.220238993000000
Kawata PME,6,64,9000,2023.515595932617089,1.229704588000000
Kawata PME,6,64,9000,2023.515595991510054,1.226499199000000
Kawata PME,6,64,9000,2023.515595527805544,1.226502841000000
Kawata PME,6,64,9000,2023.515595710644675,1.231915001000000
Kawata PME,6,64,9000,2023.515596152570879,1.221220485000000
Kawata PME,6,64,9000,2023.515595401066093,1.237247529000000
Kawata PME,6,64,9000,2023.515595667269054,1.237664458000000
Kawata PME,6,64,9000,2023.515595874856217,1.219490704000000
Kawata PME,6,64,9000,2023.515596096086938,1.234336185000000
Kawata PME,6,64,10000,352.766942016550388,1.355640356000000
Kawata PME,6,64,10000,352.766942143721280,1.360026171000000
Kawata PME,6,64,10000,352.766942811033005,1.371334556000000
Kawata PME,6,64,10000,352.766942400506878,1.369929567000000
Kawata PME,6,64,10000,352.766942096351443,1.370954130000000
Kawata PME,6,64,10000,352.766941916923088,1.372637073000000
Kawata PME,6,64,10000,352.766942853037449,1.372656405000000
Kawata PME,6,64,10000,352.766942453389049,1.368314065000000
Kawata PME,6,64,10000,352.766941931990289,1.361494949000000
Kawata PME,6,64,10000,352.766942323847843,1.371396168000000
Kawata PME,6,64,10000,352.766941924401578,1.374384532000000
Kawata PME,6,64,10000,352.766942392449550,1.358780064000000
Kawata PME,6,64,10000,352.766942720427664,1.385253768000000
Kawata PME,6,64,10000,352.766942884586683,1.373270484000000
Kawata PME,6,64,10000,352.766942645551012,1.360645551000000
Kawata PME,6,64,10000,352.766941754105460,1.365739071000000
Kawata PME,6,64,10000,352.766942353026764,1.371234158000000
Kawata PME,6,64,10000,352.766942484074718,1.367023945000000
Kawata PME,6,64,10000,352.766941817856264,1.359269242000000
Kawata PME,6,64,10000,352.766942681271303,1.415978760000000
Kawata PME,6,64,10000,352.766942052638171,1.370664934000000
Kawata PME,6,64,10000,352.766942514282619,1.368951725000000
Kawata PME,6,64,10000,352.766942128488722,1.370162279000000
Kawata PME,6,64,10000,352.766943079082239,1.369845760000000
Kawata PME,6,64,10000,352.766942721842554,1.362183548000000
Kawata PME,6,64,10000,352.766942190429631,1.364008795000000
Kawata PME,6,64,10000,352.766942323278272,1.375415999000000
Kawata PME,6,64,10000,352.766942058202289,1.370372566000000
Kawata PME,6,64,10000,352.766941812655034,1.360231232000000
Kawata PME,6,64,10000,352.766942479765873,1.376343545000000
Kawata PME,6,64,11000,2652.148675398862906,1.500734701000000
Kawata PME,6,64,11000,2652.148675255798025,1.511022989000000
Kawata PME,6,64,11000,2652.148675512179580,1.506636848000000
Kawata PME,6,64,11000,2652.148674298699461,1.516162121000000
Kawata PME,6,64,11000,2652.148674804772327,1.516410766000000
Kawata PME,6,64,11000,2652.148674878162637,1.515934209000000
Kawata PME,6,64,11000,2652.148675729404204,1.503250002000000
Kawata PME,6,64,11000,2652.148675529837419,1.521472628000000
Kawata PME,6,64,11000,2652.148675278270275,1.517931900000000
Kawata PME,6,64,11000,2652.148675889061451,1.516352119000000
Kawata PME,6,64,11000,2652.148674316284087,1.509132108000000
Kawata PME,6,64,11000,2652.148674644730818,1.509940783000000
Kawata PME,6,64,11000,2652.148675814864873,1.515902779000000
Kawata PME,6,64,11000,2652.148675248852214,1.520820850000000
Kawata PME,6,64,11000,2652.148675525390445,1.560666259000000
Kawata PME,6,64,11000,2652.148674842892433,1.514030515000000
Kawata PME,6,64,11000,2652.148675308753809,1.518735402000000
Kawata PME,6,64,11000,2652.148675214197283,1.522996729000000
Kawata PME,6,64,11000,2652.148675704112065,1.526279586000000
Kawata PME,6,64,11000,2652.148676548737967,1.556925138000000
Kawata PME,6,64,11000,2652.148674449445025,1.633183906000000
Kawata PME,6,64,11000,2652.148674043512983,1.579616599000000
Kawata PME,6,64,11000,2652.148677353005951,1.891289277000000
Kawata PME,6,64,11000,2652.148673824633988,1.615096623000000
Kawata PME,6,64,11000,2652.148675095552790,1.555630154000000
Kawata PME,6,64,11000,2652.148674645594838,1.631542978000000
Kawata PME,6,64,11000,2652.148674092904002,1.522160890000000
Kawata PME,6,64,11000,2652.148675414921854,1.570786127000000
Kawata PME,6,64,11000,2652.148675137065311,1.524561486000000
Kawata PME,6,64,11000,2652.148674776587541,1.590322329000000
Kawata PME,6,64,12000,2121.959289532643197,1.683308664000000
Kawata PME,6,64,12000,2121.959289267487293,1.723575884000000
Kawata PME,6,64,12000,2121.959290835368392,1.768708918000000
Kawata PME,6,64,12000,2121.959288335351175,1.697550415000000
Kawata PME,6,64,12000,2121.959289543778141,1.697058208000000
Kawata PME,6,64,12000,2121.959289454734517,1.659324965000000
Kawata PME,6,64,12000,2121.959289383282339,1.657308827000000
Kawata PME,6,64,12000,2121.959289459408865,1.660509456000000
Kawata PME,6,64,12000,2121.959289559529680,1.661634727000000
Kawata PME,6,64,12000,2121.959288907942209,1.650408564000000
Kawata PME,6,64,12000,2121.959289110026475,1.665775385000000
Kawata PME,6,64,12000,2121.959289275030187,1.659173554000000
Kawata PME,6,64,12000,2121.959289586480736,1.659359603000000
Kawata PME,6,64,12000,2121.959289513000385,1.658076646000000
Kawata PME,6,64,12000,2121.959288980705423,1.659991185000000
Kawata PME,6,64,12000,2121.959289875623654,1.653941415000000
Kawata PME,6,64,12000,2121.959289239792270,1.650137426000000
Kawata PME,6,64,12000,2121.959289114252442,1.662653856000000
Kawata PME,6,64,12000,2121.959288916422338,1.659090840000000
Kawata PME,6,64,12000,2121.959288930177536,1.662500614000000
Kawata PME,6,64,12000,2121.959288737425140,1.657871000000000
Kawata PME,6,64,12000,2121.959289022966914,1.658876636000000
Kawata PME,6,64,12000,2121.959288745528283,1.653531240000000
Kawata PME,6,64,12000,2121.959289307691961,1.655176243000000
Kawata PME,6,64,12000,2121.959288571833440,1.662848316000000
Kawata PME,6,64,12000,2121.959290235362459,1.662290983000000
Kawata PME,6,64,12000,2121.959289119949062,1.657640041000000
Kawata PME,6,64,12000,2121.959288943992760,1.659775508000000
Kawata PME,6,64,12000,2121.959289660603645,1.666110687000000
Kawata PME,6,64,12000,2121.959289189257561,1.655860941000000
Kawata PME,6,64,13000,3495.992630096056473,1.782290769000000
Kawata PME,6,64,13000,3495.992629165213202,1.807569798000000
Kawata PME,6,64,13000,3495.992628769996372,1.809142612000000
Kawata PME,6,64,13000,3495.992629589614808,1.804364858000000
Kawata PME,6,64,13000,3495.992628935937319,1.804798367000000
Kawata PME,6,64,13000,3495.992629632538410,1.838268219000000
Kawata PME,6,64,13000,3495.992629430564193,1.812675896000000
Kawata PME,6,64,13000,3495.992629462058176,1.809430676000000
Kawata PME,6,64,13000,3495.992629429020326,1.805575144000000
Kawata PME,6,64,13000,3495.992629415758529,1.803935460000000
Kawata PME,6,64,13000,3495.992629039735675,1.804401457000000
Kawata PME,6,64,13000,3495.992631440197783,1.799381948000000
Kawata PME,6,64,13000,3495.992629538060100,1.798752922000000
Kawata PME,6,64,13000,3495.992628823576069,1.797750989000000
Kawata PME,6,64,13000,3495.992629543898602,1.812563423000000
Kawata PME,6,64,13000,3495.992630134864157,1.805462937000000
Kawata PME,6,64,13000,3495.992628413050625,1.801953522000000
Kawata PME,6,64,13000,3495.992629769943960,1.802916662000000
Kawata PME,6,64,13000,3495.992628587222953,1.801862062000000
Kawata PME,6,64,13000,3495.992629213743385,1.803420917000000
Kawata PME,6,64,13000,3495.992630515954261,1.808933673000000
Kawata PME,6,64,13000,3495.992628923644588,1.801410548000000
Kawata PME,6,64,13000,3495.992630110554273,1.801801802000000
Kawata PME,6,64,13000,3495.992629671180111,1.804629652000000
Kawata PME,6,64,13000,3495.992628602345576,1.798070108000000
Kawata PME,6,64,13000,3495.992630875067789,1.797332679000000
Kawata PME,6,64,13000,3495.992628888107902,1.804693741000000
Kawata PME,6,64,13000,3495.992629253506493,1.804579803000000
Kawata PME,6,64,13000,3495.992629903767011,1.801771867000000
Kawata PME,6,64,13000,3495.992629161301920,1.806114491000000
Kawata PME,6,64,14000,1315.000684405580159,1.930084817000000
Kawata PME,6,64,14000,1315.000683994006522,1.948071087000000
Kawata PME,6,64,14000,1315.000685700844770,1.958451367000000
Kawata PME,6,64,14000,1315.000685469361315,1.945702316000000
Kawata PME,6,64,14000,1315.000688437637336,1.944647968000000
Kawata PME,6,64,14000,1315.000688053880594,1.944087372000000
Kawata PME,6,64,14000,1315.000687251774707,1.945688640000000
Kawata PME,6,64,14000,1315.000689377463232,1.944834697000000
Kawata PME,6,64,14000,1315.000686040206347,1.986453524000000
Kawata PME,6,64,14000,1315.000687159763856,1.954660051000000
Kawata PME,6,64,14000,1315.000686025047116,1.943910250000000
Kawata PME,6,64,14000,1315.000686949029614,1.946370629000000
Kawata PME,6,64,14000,1315.000684856980342,1.943380853000000
Kawata PME,6,64,14000,1315.000686467177729,1.946664814000000
Kawata PME,6,64,14000,1315.000686855341883,1.951722978000000
Kawata PME,6,64,14000,1315.000688113600290,1.943973831000000
Kawata PME,6,64,14000,1315.000686437061631,1.948479186000000
Kawata PME,6,64,14000,1315.000684713686042,1.947405156000000
Kawata PME,6,64,14000,1315.000686488529027,1.945276162000000
Kawata PME,6,64,14000,1315.000686050404283,1.950593797000000
Kawata PME,6,64,14000,1315.000686834532644,1.945636953000000
Kawata PME,6,64,14000,1315.000684086963929,1.945019086000000
Kawata PME,6,64,14000,1315.000686966342982,1.945084894000000
Kawata PME,6,64,14000,1315.000684980559299,1.947112402000000
Kawata PME,6,64,14000,1315.000687690156838,1.959003157000000
Kawata PME,6,64,14000,1315.000685463371155,1.950946573000000
Kawata PME,6,64,14000,1315.000685700771555,1.947806553000000
Kawata PME,6,64,14000,1315.000687191248744,1.947957825000000
Kawata PME,6,64,14000,1315.000685940376798,1.944747678000000
Kawata PME,6,64,14000,1315.000685190103695,1.942815000000000
Kawata PME,6,64,15000,1249.704061564327731,2.072481956000000
Kawata PME,6,64,15000,1249.704059321151817,2.095626360000000
Kawata PME,6,64,15000,1249.704060818905418,2.092006861000000
Kawata PME,6,64,15000,1249.704060747703579,2.115951772000000
Kawata PME,6,64,15000,1249.704061439747647,2.092022306000000
Kawata PME,6,64,15000,1249.704060679368467,2.091253117000000
Kawata PME,6,64,15000,1249.704059082097729,2.096581742000000
Kawata PME,6,64,15000,1249.704059777945304,2.096239169000000
Kawata PME,6,64,15000,1249.704062204647016,2.120152939000000
Kawata PME,6,64,15000,1249.704060893727046,2.091481245000000
Kawata PME,6,64,15000,1249.704059572838332,2.097085753000000
Kawata PME,6,64,15000,1249.704060646202151,2.089792347000000
Kawata PME,6,64,15000,1249.704059083236871,2.095784832000000
Kawata PME,6,64,15000,1249.704060459681386,2.088955842000000
Kawata PME,6,64,15000,1249.704060681646752,2.090427100000000
Kawata PME,6,64,15000,1249.704059320187071,2.089009770000000
Kawata PME,6,64,15000,1249.704061301790716,2.093061964000000
Kawata PME,6,64,15000,1249.704059643148867,2.090714397000000
Kawata PME,6,64,15000,1249.704061062259143,2.095410614000000
Kawata PME,6,64,15000,1249.704059047186092,2.089169916000000
Kawata PME,6,64,15000,1249.704059919944484,2.089683338000000
Kawata PME,6,64,15000,1249.704060608919917,2.088618454000000
Kawata PME,6,64,15000,1249.704060467949830,2.088393772000000
Kawata PME,6,64,15000,1249.704060450089628,2.098135992000000
Kawata PME,6,64,15000,1249.704063748686394,2.092048714000000
Kawata PME,6,64,15000,1249.704060426276101,2.089935663000000
Kawata PME,6,64,15000,1249.704062514402267,2.091949887000000
Kawata PME,6,64,15000,1249.704060238032525,2.090535996000000
Kawata PME,6,64,15000,1249.704060126052809,2.094312929000000
Kawata PME,6,64,15000,1249.704060075890084,2.089411912000000
Kawata PME,6,64,16000,2729.580282415079182,2.221624363000000
Kawata PME,6,64,16000,2729.580280535997190,2.245105861000000
Kawata PME,6,64,16000,2729.580279963112389,2.233561528000000
Kawata PME,6,64,16000,2729.580279698444429,2.236393082000000
Kawata PME,6,64,16000,2729.580281337425276,2.237505886000000
Kawata PME,6,64,16000,2729.580278788385385,2.232553209000000
Kawata PME,6,64,16000,2729.580281692533390,2.261043299000000
Kawata PME,6,64,16000,2729.580279544060431,2.238354517000000
Kawata PME,6,64,16000,2729.580279782489924,2.251855494000000
Kawata PME,6,64,16000,2729.580278607983018,2.238904626000000
Kawata PME,6,64,16000,2729.580279973696634,2.233915070000000
Kawata PME,6,64,16000,2729.580281598620786,2.230201911000000
Kawata PME,6,64,16000,2729.580278959545012,2.231050906000000
Kawata PME,6,64,16000,2729.580280244024379,2.231035707000000
Kawata PME,6,64,16000,2729.580278479911613,2.241432159000000
Kawata PME,6,64,16000,2729.580278719149646,2.231450842000000
Kawata PME,6,64,16000,2729.580280006844077,2.232301064000000
Kawata PME,6,64,16000,2729.580281787953027,2.232484653000000
Kawata PME,6,64,16000,2729.580277197876512,2.238422185000000
Kawata PME,6,64,16000,2729.580280950035103,2.229257422000000
Kawata PME,6,64,16000,2729.580281575009394,2.236094963000000
Kawata PME,6,64,16000,2729.580279938114018,2.247092281000000
Kawata PME,6,64,16000,2729.580278556038138,2.232771923000000
Kawata PME,6,64,16000,2729.580279943010737,2.238258926000000
Kawata PME,6,64,16000,2729.580280480321562,2.232490884000000
Kawata PME,6,64,16000,2729.580281388800813,2.231270810000000
Kawata PME,6,64,16000,2729.580278544700832,2.265007379000000
Kawata PME,6,64,16000,2729.580279370788048,2.232352839000000
Kawata PME,6,64,16000,2729.580281546013794,2.254808112000000
Kawata PME,6,64,16000,2729.580280099514766,2.230851137000000
Kawata PME,6,64,17000,12862.122508297761669,2.360005151000000
Kawata PME,6,64,17000,12862.122507018739270,2.384895140000000
Kawata PME,6,64,17000,12862.122508382431988,2.381279504000000
Kawata PME,6,64,17000,12862.122509847074980,2.428761769000000
Kawata PME,6,64,17000,12862.122506698286088,2.379998905000000
Kawata PME,6,64,17000,12862.122509456909029,2.385123172000000
Kawata PME,6,64,17000,12862.122508058449966,2.468377614000000
Kawata PME,6,64,17000,12862.122509265040208,2.440923181000000
Kawata PME,6,64,17000,12862.122509191649442,2.683663538000000
Kawata PME,6,64,17000,12862.122507092162778,3.320935724000000
Kawata PME,6,64,17000,12862.122509754357452,2.384742937000000
Kawata PME,6,64,17000,12862.122507493872035,2.373711915000000
Kawata PME,6,64,17000,12862.122506882547896,2.380572347000000
Kawata PME,6,64,17000,12862.122509111020918,2.388746890000000
Kawata PME,6,64,17000,12862.122507912186848,2.373037048000000
Kawata PME,6,64,17000,12862.122507546606357,2.380019977000000
Kawata PME,6,64,17000,12862.122509806538801,2.408985477000000
Kawata PME,6,64,17000,12862.122512328422090,2.392269676000000
Kawata PME,6,64,17000,12862.122508781309079,2.418329683000000
Kawata PME,6,64,17000,12862.122509648072082,2.381826248000000
Kawata PME,6,64,17000,12862.122507581547325,2.374015082000000
Kawata PME,6,64,17000,12862.122506873140082,2.380655913000000
Kawata PME,6,64,17000,12862.122508905225914,2.393485534000000
Kawata PME,6,64,17000,12862.122507738287823,2.374404599000000
Kawata PME,6,64,17000,12862.122509264121618,2.374796953000000
Kawata PME,6,64,17000,12862.122507995904016,2.382672326000000
Kawata PME,6,64,17000,12862.122508643498804,2.382211062000000
Kawata PME,6,64,17000,12862.122507541167579,2.379831253000000
Kawata PME,6,64,17000,12862.122509273085598,2.376853332000000
Kawata PME,6,64,17000,12862.122507679529008,2.407657876000000
Kawata PME,6,64,18000,1328.620110843577550,2.509711538000000
Kawata PME,6,64,18000,1328.620112401452843,2.543373194000000
Kawata PME,6,64,18000,1328.620113509834027,2.528376635000000
Kawata PME,6,64,18000,1328.620113023103841,2.549266528000000
Kawata PME,6,64,18000,1328.620112565823320,2.544782512000000
Kawata PME,6,64,18000,1328.620112666047817,2.530339272000000
Kawata PME,6,64,18000,1328.620114865809001,2.529853072000000
Kawata PME,6,64,18000,1328.620113593305405,2.536462312000000
Kawata PME,6,64,18000,1328.620112154369053,2.535390697000000
Kawata PME,6,64,18000,1328.620112330232814,2.534553023000000
Kawata PME,6,64,18000,1328.620113495203213,2.532202774000000
Kawata PME,6,64,18000,1328.620112116682776,2.534621381000000
Kawata PME,6,64,18000,1328.620111894900901,2.530985154000000
Kawata PME,6,64,18000,1328.620111767454318,2.525546792000000
Kawata PME,6,64,18000,1328.620116213088068,2.544430099000000
Kawata PME,6,64,18000,1328.620112267906279,2.525768841000000
Kawata PME,6,64,18000,1328.620113934981873,2.529858125000000
Kawata PME,6,64,18000,1328.620112667894318,2.530904159000000
Kawata PME,6,64,18000,1328.620113400757646,2.530030497000000
Kawata PME,6,64,18000,1328.620114319618096,2.541590211000000
Kawata PME,6,64,18000,1328.620113548177414,2.529520179000000
Kawata PME,6,64,18000,1328.620113160031451,2.542233887000000
Kawata PME,6,64,18000,1328.620110886316979,2.562531952000000
Kawata PME,6,64,18000,1328.620114422663164,2.533995852000000
Kawata PME,6,64,18000,1328.620113090226141,2.544421285000000
Kawata PME,6,64,18000,1328.620110945740635,2.537642035000000
Kawata PME,6,64,18000,1328.620113369328010,2.531276445000000
Kawata PME,6,64,18000,1328.620114163213202,2.535180822000000
Kawata PME,6,64,18000,1328.620112857805452,2.546396112000000
Kawata PME,6,64,18000,1328.620113564346866,2.528003657000000
Kawata PME,6,64,19000,2735.175541228355542,2.659602301000000
Kawata PME,6,64,19000,2735.175535491205665,2.673296062000000
Kawata PME,6,64,19000,2735.175537962888484,2.679764138000000
Kawata PME,6,64,19000,2735.175541681107006,2.688634231000000
Kawata PME,6,64,19000,2735.175537764514957,2.674416186000000
Kawata PME,6,64,19000,2735.175541775552119,2.674572615000000
Kawata PME,6,64,19000,2735.175539960909191,2.692509876000000
Kawata PME,6,64,19000,2735.175536782795916,2.671800898000000
Kawata PME,6,64,19000,2735.175543847880363,2.676286447000000
Kawata PME,6,64,19000,2735.175542259173199,2.686328307000000
Kawata PME,6,64,19000,2735.175539539946840,2.680055736000000
Kawata PME,6,64,19000,2735.175537765508125,2.686261863000000
Kawata PME,6,64,19000,2735.175540482197903,2.676732826000000
Kawata PME,6,64,19000,2735.175545136420624,2.675672225000000
Kawata PME,6,64,19000,2735.175544045481729,2.685686584000000
Kawata PME,6,64,19000,2735.175542283647701,2.703351122000000
Kawata PME,6,64,19000,2735.175539945364108,2.674754710000000
Kawata PME,6,64,19000,2735.175544843161333,2.680647813000000
Kawata PME,6,64,19000,2735.175542826140827,2.678436414000000
Kawata PME,6,64,19000,2735.175535871045668,2.685964253000000
Kawata PME,6,64,19000,2735.175538482155844,2.680432097000000
Kawata PME,6,64,19000,2735.175540018569336,2.671527660000000
Kawata PME,6,64,19000,2735.175541185689781,2.691193947000000
Kawata PME,6,64,19000,2735.175537808834633,2.680264729000000
Kawata PME,6,64,19000,2735.175540342697786,2.676032272000000
Kawata PME,6,64,19000,2735.175539641779324,2.681177514000000
Kawata PME,6,64,19000,2735.175540656727208,2.685778098000000
Kawata PME,6,64,19000,2735.175545664728361,2.688469090000000
Kawata PME,6,64,19000,2735.175539867014777,2.675654415000000
Kawata PME,6,64,19000,2735.175544784693557,2.673320302000000
Kawata PME,6,64,20000,2214.288300985584101,2.811001940000000
Kawata PME,6,64,20000,2214.288299178511807,2.830204776000000
Kawata PME,6,64,20000,2214.288297152358609,2.838150319000000
Kawata PME,6,64,20000,2214.288296972925309,2.820671918000000
Kawata PME,6,64,20000,2214.288298730464703,2.834785000000000
Kawata PME,6,64,20000,2214.288300161522784,2.825442812000000
Kawata PME,6,64,20000,2214.288298196644519,2.824953153000000
Kawata PME,6,64,20000,2214.288299159916733,2.856929261000000
Kawata PME,6,64,20000,2214.288295815475522,2.821563507000000
Kawata PME,6,64,20000,2214.288300979745145,2.838844638000000
Kawata PME,6,64,20000,2214.288294003331430,2.827992822000000
Kawata PME,6,64,20000,2214.288299639384149,2.834400163000000
Kawata PME,6,64,20000,2214.288293766960123,2.824834717000000
Kawata PME,6,64,20000,2214.288283521408630,2.833407584000000
Kawata PME,6,64,20000,2214.288301490849790,2.823249526000000
Kawata PME,6,64,20000,2214.288299786564949,2.825054601000000
Kawata PME,6,64,20000,2214.288293332921512,2.828771111000000
Kawata PME,6,64,20000,2214.288300420839278,2.829054196000000
Kawata PME,6,64,20000,2214.288302686891711,2.837368811000000
Kawata PME,6,64,20000,2214.288297365743347,2.824614348000000
Kawata PME,6,64,20000,2214.288297071896068,2.832262898000000
Kawata PME,6,64,20000,2214.288295169312732,2.827912125000000
Kawata PME,6,64,20000,2214.288299721896237,2.833081908000000
Kawata PME,6,64,20000,2214.288300356690797,2.827218123000000
Kawata PME,6,64,20000,2214.288294236689126,2.820624394000000
Kawata PME,6,64,20000,2214.288295491237477,2.831466594000000
Kawata PME,6,64,20000,2214.288297397338738,2.820083308000000
Kawata PME,6,64,20000,2214.288304885710659,2.832699100000000
Kawata PME,6,64,20000,2214.288296652954614,2.855722636000000
Kawata PME,6,64,20000,2214.288300645102026,2.836921887000000
Kawata PME,6,64,21000,2935.752146449932297,2.952503939000000
Kawata PME,6,64,21000,2935.752146864849692,2.982984153000000
Kawata PME,6,64,21000,2935.752151478850465,2.982894327000000
Kawata PME,6,64,21000,2935.752150221932425,2.992576502000000
Kawata PME,6,64,21000,2935.752137767914974,2.971382393000000
Kawata PME,6,64,21000,2935.752146801383788,2.978137944000000
Kawata PME,6,64,21000,2935.752152098957595,2.970933058000000
Kawata PME,6,64,21000,2935.752151091880478,2.981336462000000
Kawata PME,6,64,21000,2935.752150094357603,2.977904452000000
Kawata PME,6,64,21000,2935.752148162595404,2.969670406000000
Kawata PME,6,64,21000,2935.752145113508050,2.978507776000000
Kawata PME,6,64,21000,2935.752146646430447,2.967187605000000
Kawata PME,6,64,21000,2935.752149810359697,2.981459980000000
Kawata PME,6,64,21000,2935.752148396982193,2.969962597000000
Kawata PME,6,64,21000,2935.752148851901438,2.979233708000000
Kawata PME,6,64,21000,2935.752148386288354,2.975779203000000
Kawata PME,6,64,21000,2935.752149621835088,2.991950762000000
Kawata PME,6,64,21000,2935.752144798722838,2.970015045000000
Kawata PME,6,64,21000,2935.752147381369468,2.984308252000000
Kawata PME,6,64,21000,2935.752146781484043,3.005617077000000
Kawata PME,6,64,21000,2935.752148458132979,2.977599644000000
Kawata PME,6,64,21000,2935.752150670733499,2.969208152000000
Kawata PME,6,64,21000,2935.752149672108317,2.994406267000000
Kawata PME,6,64,21000,2935.752147910421627,2.975612372000000
Kawata PME,6,64,21000,2935.752152187743832,2.978062677000000
Kawata PME,6,64,21000,2935.752153429060854,2.972025088000000
Kawata PME,6,64,21000,2935.752148306028175,2.980220349000000
Kawata PME,6,64,21000,2935.752142901679690,2.971462884000000
Kawata PME,6,64,21000,2935.752149022822323,2.973875110000000
Kawata PME,6,64,21000,2935.752151764612336,2.978206470000000
Kawata PME,6,64,22000,9509.891444076243715,3.109631328000000
Kawata PME,6,64,22000,9509.891445643232146,3.131768519000000
Kawata PME,6,64,22000,9509.891453846552395,3.123826888000000
Kawata PME,6,64,22000,9509.891445142266093,3.143337077000000
Kawata PME,6,64,22000,9509.891446699481094,3.130002371000000
Kawata PME,6,64,22000,9509.891446712177640,3.120000918000000
Kawata PME,6,64,22000,9509.891441833507997,3.134334078000000
Kawata PME,6,64,22000,9509.891445705668957,3.125342562000000
Kawata PME,6,64,22000,9509.891444100938315,3.164311828000000
Kawata PME,6,64,22000,9509.891459087881231,3.128474367000000
Kawata PME,6,64,22000,9509.891445490722617,3.124559226000000
Kawata PME,6,64,22000,9509.891446812483991,3.131157909000000
Kawata PME,6,64,22000,9509.891445590681542,3.133815669000000
Kawata PME,6,64,22000,9509.891441039575511,3.126052776000000
Kawata PME,6,64,22000,9509.891448623451652,3.132489288000000
Kawata PME,6,64,22000,9509.891451400078950,3.120201382000000
Kawata PME,6,64,22000,9509.891446080548121,3.133810335000000
Kawata PME,6,64,22000,9509.891445543384179,3.124700716000000
Kawata PME,6,64,22000,9509.891446589048428,3.140915602000000
Kawata PME,6,64,22000,9509.891449673212264,3.131512629000000
Kawata PME,6,64,22000,9509.891452434058010,3.118961791000000
Kawata PME,6,64,22000,9509.891447551695819,3.135367024000000
Kawata PME,6,64,22000,9509.891441405232399,3.122678922000000
Kawata PME,6,64,22000,9509.891450879416880,3.130705139000000
Kawata PME,6,64,22000,9509.891449587752504,3.126186980000000
Kawata PME,6,64,22000,9509.891444037104520,3.126246764000000
Kawata PME,6,64,22000,9509.891442382982859,3.129792958000000
Kawata PME,6,64,22000,9509.891449345648653,3.128375009000000
Kawata PME,6,64,22000,9509.891445656241558,3.147352365000000
Kawata PME,6,64,22000,9509.891443696549686,3.131114217000000
Kawata PME,6,64,23000,6228.285698711471923,3.250954084000000
Kawata PME,6,64,23000,6228.285694484497071,3.288090780000000
Kawata PME,6,64,23000,6228.285703734105482,3.291345521000000
Kawata PME,6,64,23000,6228.285703189683773,3.269935564000000
Kawata PME,6,64,23000,6228.285699876276340,3.281626325000000
Kawata PME,6,64,23000,6228.285701075552424,3.284320740000000
Kawata PME,6,64,23000,6228.285701724691535,3.273419200000000
Kawata PME,6,64,23000,6228.285701850227269,3.284510697000000
Kawata PME,6,64,23000,6228.285700352179447,3.287026242000000
Kawata PME,6,64,23000,6228.285704791345779,3.289708986000000
Kawata PME,6,64,23000,6228.285702592929738,3.279020073000000
Kawata PME,6,64,23000,6228.285701369326489,3.284358692000000
Kawata PME,6,64,23000,6228.285700882252058,3.277163545000000
Kawata PME,6,64,23000,6228.285703039801774,3.284708228000000
Kawata PME,6,64,23000,6228.285695788617886,3.284195181000000
Kawata PME,6,64,23000,6228.285690791928573,3.276588885000000
Kawata PME,6,64,23000,6228.285701047880139,3.307693577000000
Kawata PME,6,64,23000,6228.285701014952792,3.285536396000000
Kawata PME,6,64,23000,6228.285694160807907,3.279359759000000
Kawata PME,6,64,23000,6228.285698215283446,3.276236669000000
Kawata PME,6,64,23000,6228.285698767697795,3.290184199000000
Kawata PME,6,64,23000,6228.285681975483385,3.283318956000000
Kawata PME,6,64,23000,6228.285701192967281,3.272470406000000
Kawata PME,6,64,23000,6228.285699489968465,3.286174884000000
Kawata PME,6,64,23000,6228.285700848295164,3.285584652000000
Kawata PME,6,64,23000,6228.285699373767784,3.271528944000000
Kawata PME,6,64,23000,6228.285698236197277,3.291681569000000
Kawata PME,6,64,23000,6228.285695196991583,3.282413894000000
Kawata PME,6,64,23000,6228.285702659299204,3.270296239000000
Kawata PME,6,64,23000,6228.285697595911188,3.289197447000000
Kawata PME,6,64,24000,5829.306303137636860,3.415079290000000
Kawata PME,6,64,24000,5829.306306509677597,3.432424546000000
Kawata PME,6,64,24000,5829.306308287386855,3.421090124000000
Kawata PME,6,64,24000,5829.306301226160031,3.442490583000000
Kawata PME,6,64,24000,5829.306304313466171,3.463654376000000
Kawata PME,6,64,24000,5829.306303825069335,3.463908888000000
Kawata PME,6,64,24000,5829.306306078387934,3.425381207000000
Kawata PME,6,64,24000,5829.306305775868168,3.431846129000000
Kawata PME,6,64,24000,5829.306305219777641,3.431825661000000
Kawata PME,6,64,24000,5829.306306310201762,3.440142654000000
Kawata PME,6,64,24000,5829.306304096204258,3.428082011000000
Kawata PME,6,64,24000,5829.306306553188733,3.428436010000000
Kawata PME,6,64,24000,5829.306305943866391,3.437387469000000
Kawata PME,6,64,24000,5829.306300397243831,3.438641839000000
Kawata PME,6,64,24000,5829.306303861671040,3.422706954000000
Kawata PME,6,64,24000,5829.306308669946702,3.428296879000000
Kawata PME,6,64,24000,5829.306306301198674,3.440547231000000
Kawata PME,6,64,24000,5829.306311667143746,3.443238322000000
Kawata PME,6,64,24000,5829.306306014444090,3.421696823000000
Kawata PME,6,64,24000,5829.306310581790967,3.431598989000000
Kawata PME,6,64,24000,5829.306305080755010,3.432434210000000
Kawata PME,6,64,24000,5829.306308928036742,3.442135698000000
Kawata PME,6,64,24000,5829.306310789324016,3.422477008000000
Kawata PME,6,64,24000,5829.306307906076654,3.423796530000000
Kawata PME,6,64,24000,5829.306306755088372,3.433735398000000
Kawata PME,6,64,24000,5829.306298277619135,3.439297013000000
Kawata PME,6,64,24000,5829.306318224023016,3.430046091000000
Kawata PME,6,64,24000,5829.306301459149836,3.426747305000000
Kawata PME,6,64,24000,5829.306309428340683,3.428910924000000
Kawata PME,6,64,24000,5829.306306393181330,3.440083175000000
Kawata PME,6,64,25000,2892.659818544550944,3.570076549000000
Kawata PME,6,64,25000,2892.659805359714028,3.582695538000000
Kawata PME,6,64,25000,2892.659815303186406,3.577191754000000
Kawata PME,6,64,25000,2892.659814704376458,3.599515858000000
Kawata PME,6,64,25000,2892.659803689606633,3.594448958000000
Kawata PME,6,64,25000,2892.659809094911452,3.592093121000000
Kawata PME,6,64,25000,2892.659814787952655,3.601815750000000
Kawata PME,6,64,25000,2892.659809962634426,3.580827098000000
Kawata PME,6,64,25000,2892.659814737688521,3.581626710000000
Kawata PME,6,64,25000,2892.659814352410194,3.621591966000000
Kawata PME,6,64,25000,2892.659808170886663,3.591537444000000
Kawata PME,6,64,25000,2892.659813579056845,3.595694075000000
Kawata PME,6,64,25000,2892.659812370447980,3.599036887000000
Kawata PME,6,64,25000,2892.659809873591257,3.588338527000000
Kawata PME,6,64,25000,2892.659809832395240,3.593598675000000
Kawata PME,6,64,25000,2892.659814013433788,3.589520650000000
Kawata PME,6,64,25000,2892.659811477587937,3.599683599000000
Kawata PME,6,64,25000,2892.659807535712389,3.591282493000000
Kawata PME,6,64,25000,2892.659813603901057,3.598585370000000
Kawata PME,6,64,25000,2892.659818630613245,3.593593376000000
Kawata PME,6,64,25000,2892.659818789076780,4.450803673999999
Kawata PME,6,64,25000,2892.659809462993053,7.162871042000000
Kawata PME,6,64,25000,2892.659815565429653,3.397822754000000
Kawata PME,6,64,25000,2892.659817348799152,3.609984546000000
Kawata PME,6,64,25000,2892.659820231520825,3.635341601000000
Kawata PME,6,64,25000,2892.659812609390883,3.597932726000000
Kawata PME,6,64,25000,2892.659808472084933,3.601769256000000
Kawata PME,6,64,25000,2892.659819966817849,3.600754177000000
Kawata PME,6,64,25000,2892.659809202806628,3.586061270000000
Kawata PME,6,64,25000,2892.659812569922451,3.596877680000000
Kawata PME,8,32,1000,206.621908690141822,0.247459283000000
Kawata PME,8,32,1000,206.621908689785130,0.163615059000000
Kawata PME,8,32,1000,206.621908689878296,0.161636990000000
Kawata PME,8,32,1000,206.621908690745926,0.154760030000000
Kawata PME,8,32,1000,206.621908691236314,0.166868733000000
Kawata PME,8,32,1000,206.621908690663247,0.168267566000000
Kawata PME,8,32,1000,206.621908691224803,0.162536812000000
Kawata PME,8,32,1000,206.621908690454205,0.163136051000000
Kawata PME,8,32,1000,206.621908690794157,0.162502472000000
Kawata PME,8,32,1000,206.621908691240861,0.164281295000000
Kawata PME,8,32,1000,206.621908689708306,0.162853168000000
Kawata PME,8,32,1000,206.621908691717493,0.166026095000000
Kawata PME,8,32,1000,206.621908691293129,0.169978249000000
Kawata PME,8,32,1000,206.621908691144426,0.169366086000000
Kawata PME,8,32,1000,206.621908691634758,0.161847287000000
Kawata PME,8,32,1000,206.621908690480069,0.162387810000000
Kawata PME,8,32,1000,206.621908690904405,0.163119152000000
Kawata PME,8,32,1000,206.621908690051100,0.163003848000000
Kawata PME,8,32,1000,206.621908690225695,0.165750264000000
Kawata PME,8,32,1000,206.621908690955479,0.163363165000000
Kawata PME,8,32,1000,206.621908691207295,0.163016316000000
Kawata PME,8,32,1000,206.621908690892923,0.163136749000000
Kawata PME,8,32,1000,206.621908690870384,0.163317052000000
Kawata PME,8,32,1000,206.621908689560769,0.163050850000000
Kawata PME,8,32,1000,206.621908690474925,0.172707623000000
Kawata PME,8,32,1000,206.621908691144966,0.169347786000000
Kawata PME,8,32,1000,206.621908691035287,0.162405810000000
Kawata PME,8,32,1000,206.621908690791827,0.164447037000000
Kawata PME,8,32,1000,206.621908690187780,0.162622179000000
Kawata PME,8,32,1000,206.621908690937715,0.163171060000000
Kawata PME,8,32,2000,1100.644061410946961,0.829760917000000
Kawata PME,8,32,2000,1100.644061405600041,0.306347018000000
Kawata PME,8,32,2000,1100.644061398309532,0.308846548000000
Kawata PME,8,32,2000,1100.644061396959387,0.299041665000000
Kawata PME,8,32,2000,1100.644061410983795,0.299037538000000
Kawata PME,8,32,2000,1100.644061407203026,0.324309986000000
Kawata PME,8,32,2000,1100.644061406755100,0.321811415000000
Kawata PME,8,32,2000,1100.644061407065237,0.318588437000000
Kawata PME,8,32,2000,1100.644061402043235,0.330296594000000
Kawata PME,8,32,2000,1100.644061406454966,0.318698320000000
Kawata PME,8,32,2000,1100.644061403707383,0.319481667000000
Kawata PME,8,32,2000,1100.644061403431806,0.318270666000000
Kawata PME,8,32,2000,1100.644061405280809,0.320165263000000
Kawata PME,8,32,2000,1100.644061405032517,0.318312668000000
Kawata PME,8,32,2000,1100.644061411066332,0.330968081000000
Kawata PME,8,32,2000,1100.644061406810351,0.326463954000000
Kawata PME,8,32,2000,1100.644061400872488,0.317375954000000
Kawata PME,8,32,2000,1100.644061399586235,0.317530007000000
Kawata PME,8,32,2000,1100.644061402356783,0.317966061000000
Kawata PME,8,32,2000,1100.644061401082126,0.319628103000000
Kawata PME,8,32,2000,1100.644061397340010,0.330375458000000
Kawata PME,8,32,2000,1100.644061402876105,0.323537352000000
Kawata PME,8,32,2000,1100.644061407561367,0.319259410000000
Kawata PME,8,32,2000,1100.644061403093929,0.317253206000000
Kawata PME,8,32,2000,1100.644061408923562,0.320666593000000
Kawata PME,8,32,2000,1100.644061406264882,0.320300560000000
Kawata PME,8,32,2000,1100.644061409830783,0.431341724000000
Kawata PME,8,32,2000,1100.644061405487264,0.346303945000000
Kawata PME,8,32,2000,1100.644061402460920,0.316819674000000
Kawata PME,8,32,2000,1100.644061405030243,0.317366305000000
Kawata PME,8,32,3000,449.999065970725098,0.654972391000000
Kawata PME,8,32,3000,449.999065954187927,0.470345427000000
Kawata PME,8,32,3000,449.999065966487478,0.478267351000000
Kawata PME,8,32,3000,449.999065959259383,0.476618408000000
Kawata PME,8,32,3000,449.999065954270634,0.478739761000000
Kawata PME,8,32,3000,449.999065963221369,0.485969890000000
Kawata PME,8,32,3000,449.999065950924205,0.477033903000000
Kawata PME,8,32,3000,449.999065981419164,0.476945087000000
Kawata PME,8,32,3000,449.999065964555825,0.478928722000000
Kawata PME,8,32,3000,449.999065945795337,0.488480734000000
Kawata PME,8,32,3000,449.999065954417631,0.476991519000000
Kawata PME,8,32,3000,449.999065968400714,0.476474796000000
Kawata PME,8,32,3000,449.999065958977269,0.477290461000000
Kawata PME,8,32,3000,449.999065961762881,0.488856223000000
Kawata PME,8,32,3000,449.999065958651272,0.484005632000000
Kawata PME,8,32,3000,449.999065954116759,0.477698913000000
Kawata PME,8,32,3000,449.999065960292910,0.477493596000000
Kawata PME,8,32,3000,449.999065966241687,0.490280831000000
Kawata PME,8,32,3000,449.999065969651383,0.477009219000000
Kawata PME,8,32,3000,449.999065968724608,0.476631572000000
Kawata PME,8,32,3000,449.999065944977588,0.478262525000000
Kawata PME,8,32,3000,449.999065941316530,0.491807309000000
Kawata PME,8,32,3000,449.999065969276444,0.476884959000000
Kawata PME,8,32,3000,449.999065963363819,0.477308350000000
Kawata PME,8,32,3000,449.999065941233880,0.477570867000000
Kawata PME,8,32,3000,449.999065971276366,0.488927063000000
Kawata PME,8,32,3000,449.999065965176044,0.476732548000000
Kawata PME,8,32,3000,449.999065982645675,0.478363843000000
Kawata PME,8,32,3000,449.999065950425745,0.476928732000000
Kawata PME,8,32,3000,449.999065961863948,0.488770320000000
Kawata PME,8,32,4000,415.926534829559785,0.627699899000000
Kawata PME,8,32,4000,415.926534808116628,0.635859536000000
Kawata PME,8,32,4000,415.926534812958380,0.652953286000000
Kawata PME,8,32,4000,415.926534850539042,0.634421396000000
Kawata PME,8,32,4000,415.926534830064952,0.635007789000000
Kawata PME,8,32,4000,415.926534833707876,0.647099196000000
Kawata PME,8,32,4000,415.926534847824200,0.634177470000000
Kawata PME,8,32,4000,415.926534835513223,0.640554393000000
Kawata PME,8,32,4000,415.926534813041030,0.646610610000000
Kawata PME,8,32,4000,415.926534815301068,0.633345758000000
Kawata PME,8,32,4000,415.926534816311744,0.634017507000000
Kawata PME,8,32,4000,415.926534851535848,0.642643956000000
Kawata PME,8,32,4000,415.926534812159048,0.639999291000000
Kawata PME,8,32,4000,415.926534811350564,0.634943883000000
Kawata PME,8,32,4000,415.926534801593561,0.639547234000000
Kawata PME,8,32,4000,415.926534829298021,0.639742844000000
Kawata PME,8,32,4000,415.926534821144287,0.672878905000000
Kawata PME,8,32,4000,415.926534814161869,0.635394876000000
Kawata PME,8,32,4000,415.926534837424128,0.640183104000000
Kawata PME,8,32,4000,415.926534863419761,0.635610271000000
Kawata PME,8,32,4000,415.926534837754957,0.639644093000000
Kawata PME,8,32,4000,415.926534779893188,0.640955379000000
Kawata PME,8,32,4000,415.926534816908884,0.633922920000000
Kawata PME,8,32,4000,415.926534810284863,0.639626656000000
Kawata PME,8,32,4000,415.926534842013211,0.643748485000000
Kawata PME,8,32,4000,415.926534836744338,0.634113761000000
Kawata PME,8,32,4000,415.926534874995752,0.639599635000000
Kawata PME,8,32,4000,415.926534832848915,0.640711649000000
Kawata PME,8,32,4000,415.926534809871441,0.634735300000000
Kawata PME,8,32,4000,415.926534810372118,0.635330138000000
Kawata PME,8,32,5000,2678.923586139063445,0.842825870000000
Kawata PME,8,32,5000,2678.923586031801278,0.800470486000000
Kawata PME,8,32,5000,2678.923586180250368,0.810984900000000
Kawata PME,8,32,5000,2678.923586192956463,0.802431193000000
Kawata PME,8,32,5000,2678.923586172854812,0.807000600000000
Kawata PME,8,32,5000,2678.923586239462111,0.807089990000000
Kawata PME,8,32,5000,2678.923586135149435,0.800321236000000
Kawata PME,8,32,5000,2678.923586092897040,0.811393755000000
Kawata PME,8,32,5000,2678.923586197522127,0.799964663000000
Kawata PME,8,32,5000,2678.923586131593765,0.812719921000000
Kawata PME,8,32,5000,2678.923586077976324,0.804093236000000
Kawata PME,8,32,5000,2678.923586246937248,0.802126034000000
Kawata PME,8,32,5000,2678.923586100054308,0.812727707000000
Kawata PME,8,32,5000,2678.923586188151148,0.798766941000000
Kawata PME,8,32,5000,2678.923586104859169,0.811854371000000
Kawata PME,8,32,5000,2678.923586112411158,0.801017446000000
Kawata PME,8,32,5000,2678.923586048992092,0.810700741000000
Kawata PME,8,32,5000,2678.923586102084300,0.805116351000000
Kawata PME,8,32,5000,2678.923586241824069,0.800004059000000
Kawata PME,8,32,5000,2678.923586128552870,0.811744028000000
Kawata PME,8,32,5000,2678.923586121341032,0.799940972000000
Kawata PME,8,32,5000,2678.923586148480808,0.812592739000000
Kawata PME,8,32,5000,2678.923586123127279,0.799973293000000
Kawata PME,8,32,5000,2678.923586283193799,0.800843511000000
Kawata PME,8,32,5000,2678.923586154847271,0.812129388000000
Kawata PME,8,32,5000,2678.923586073273327,0.804128562000000
Kawata PME,8,32,5000,2678.923586122186407,0.813739930000000
Kawata PME,8,32,5000,2678.923586179340418,0.799349356000000
Kawata PME,8,32,5000,2678.923586183419957,0.800345345000000
Kawata PME,8,32,5000,2678.923586137575057,0.811074840000000
Kawata PME,8,32,6000,1581.316606895208679,0.952026605000000
Kawata PME,8,32,6000,1581.316606920373033,0.966656014000000
Kawata PME,8,32,6000,1581.316606944995101,0.979434200000000
Kawata PME,8,32,6000,1581.316606969240411,0.970572185000000
Kawata PME,8,32,6000,1581.316606705784807,0.959313025000000
Kawata PME,8,32,6000,1581.316606881832058,0.970844125000000
Kawata PME,8,32,6000,1581.316606949634661,0.959916833000000
Kawata PME,8,32,6000,1581.316606929799264,0.972406370000000
Kawata PME,8,32,6000,1581.316607041728275,0.958085817000000
Kawata PME,8,32,6000,1581.316607021479285,0.971831644000000
Kawata PME,8,32,6000,1581.316606951619178,0.958048469000000
Kawata PME,8,32,6000,1581.316606892716891,0.969246911000000
Kawata PME,8,32,6000,1581.316606882714041,0.959404001000000
Kawata PME,8,32,6000,1581.316606977692572,0.968946326000000
Kawata PME,8,32,6000,1581.316606890266030,0.956945548000000
Kawata PME,8,32,6000,1581.316606806330583,0.968381154000000
Kawata PME,8,32,6000,1581.316606970820430,0.957179936000000
Kawata PME,8,32,6000,1581.316606952170105,0.975453183000000
Kawata PME,8,32,6000,1581.316606904929131,0.962802183000000
Kawata PME,8,32,6000,1581.316606904736091,0.968957311000000
Kawata PME,8,32,6000,1581.316606911929739,0.957246342000000
Kawata PME,8,32,6000,1581.316607112553356,0.966605205000000
Kawata PME,8,32,6000,1581.316606828894692,0.959829501000000
Kawata PME,8,32,6000,1581.316606907666937,0.969181344000000
Kawata PME,8,32,6000,1581.316606855094506,0.958581822000000
Kawata PME,8,32,6000,1581.316607046193212,0.969927534000000
Kawata PME,8,32,6000,1581.316606951894755,0.957183340000000
Kawata PME,8,32,6000,1581.316606894439929,0.968427675000000
Kawata PME,8,32,6000,1581.316606861624450,0.993930609000000
Kawata PME,8,32,6000,1581.316606919334845,0.970231112000000
Kawata PME,8,32,7000,5336.199184500048432,1.110206261000000
Kawata PME,8,32,7000,5336.199184595403494,1.129971121000000
Kawata PME,8,32,7000,5336.199184770881402,1.116383378000000
Kawata PME,8,32,7000,5336.199184612161844,1.127339099000000
Kawata PME,8,32,7000,5336.199184610159136,1.128452004000000
Kawata PME,8,32,7000,5336.199184514021908,1.116839520000000
Kawata PME,8,32,7000,5336.199184725513987,1.128875852000000
Kawata PME,8,32,7000,5336.199184405446431,1.117605831000000
Kawata PME,8,32,7000,5336.199184628570038,1.132037770000000
Kawata PME,8,32,7000,5336.199184620576489,1.119497580000000
Kawata PME,8,32,7000,5336.199184455426803,1.130257653000000
Kawata PME,8,32,7000,5336.199184564130519,1.128638635000000
Kawata PME,8,32,7000,5336.199184604192851,1.119021015000000
Kawata PME,8,32,7000,5336.199184456556395,1.128179176000000
Kawata PME,8,32,7000,5336.199184484363286,1.118828149000000
Kawata PME,8,32,7000,5336.199184684189277,1.127785720000000
Kawata PME,8,32,7000,5336.199184727664033,1.125561233000000
Kawata PME,8,32,7000,5336.199184596047417,1.124197508000000
Kawata PME,8,32,7000,5336.199184787767081,1.126824481000000
Kawata PME,8,32,7000,5336.199184621899803,1.122661170000000
Kawata PME,8,32,7000,5336.199184492432323,1.133345458000000
Kawata PME,8,32,7000,5336.199184562927258,1.116660197000000
Kawata PME,8,32,7000,5336.199184568540659,1.130515137000000
Kawata PME,8,32,7000,5336.199184717466778,1.122125034000000
Kawata PME,8,32,7000,5336.199184267692544,1.121525752000000
Kawata PME,8,32,7000,5336.199184828174111,1.129858283000000
Kawata PME,8,32,7000,5336.199184563194649,1.116787775000000
Kawata PME,8,32,7000,5336.199184615799822,1.130684124000000
Kawata PME,8,32,7000,5336.199184306233292,1.118732934000000
Kawata PME,8,32,7000,5336.199184660019455,1.133174612000000
Kawata PME,8,32,8000,6154.845391263363126,1.283885982000000
Kawata PME,8,32,8000,6154.845391110357014,1.281957412000000
Kawata PME,8,32,8000,6154.845391159555220,1.294125520000000
Kawata PME,8,32,8000,6154.845391246919462,1.294629989000000
Kawata PME,8,32,8000,6154.845391592720262,1.284315087000000
Kawata PME,8,32,8000,6154.845391426538299,1.295754996000000
Kawata PME,8,32,8000,6154.845391183131142,1.293442610000000
Kawata PME,8,32,8000,6154.845391288386963,1.283648250000000
Kawata PME,8,32,8000,6154.845391515476877,1.298697221000000
Kawata PME,8,32,8000,6154.845391312441279,1.296184457000000
Kawata PME,8,32,8000,6154.845391458087761,1.281860329000000
Kawata PME,8,32,8000,6154.845391218520490,1.300579167000000
Kawata PME,8,32,8000,6154.845391106121497,1.294912343000000
Kawata PME,8,32,8000,6154.845391261460463,1.283195223000000
Kawata PME,8,32,8000,6154.845391358912821,1.294288373000000
Kawata PME,8,32,8000,6154.845391348523663,1.295055900000000
Kawata PME,8,32,8000,6154.845391253082198,1.284558823000000
Kawata PME,8,32,8000,6154.845391330595703,1.292854797000000
Kawata PME,8,32,8000,6154.845390839505853,1.298178418000000
Kawata PME,8,32,8000,6154.845391248230953,1.310331476000000
Kawata PME,8,32,8000,6154.845391111340177,1.294547407000000
Kawata PME,8,32,8000,6154.845390900876737,1.290430293000000
Kawata PME,8,32,8000,6154.845391153989112,1.283306377000000
Kawata PME,8,32,8000,6154.845391052992454,1.298354994000000
Kawata PME,8,32,8000,6154.845391186960114,1.287629707000000
Kawata PME,8,32,8000,6154.845391268131607,1.286265809000000
Kawata PME,8,32,8000,6154.845391518383622,1.299033500000000
Kawata PME,8,32,8000,6154.845391480193939,1.289987299000000
Kawata PME,8,32,8000,6154.845391179730541,1.288870260000000
Kawata PME,8,32,8000,6154.845391466485125,1.293253994000000
Kawata PME,8,32,9000,2021.724558564219024,1.445634173000000
Kawata PME,8,32,9000,2021.724558852296468,1.442915216000000
Kawata PME,8,32,9000,2021.724558697067550,1.455630635000000
Kawata PME,8,32,9000,2021.724558362539028,1.455542268000000
Kawata PME,8,32,9000,2021.724558699492945,1.455885725000000
Kawata PME,8,32,9000,2021.724558615564092,1.446912863000000
Kawata PME,8,32,9000,2021.724558720844470,1.457062313000000
Kawata PME,8,32,9000,2021.724558410625377,1.461856109000000
Kawata PME,8,32,9000,2021.724558577301650,1.449634006000000
Kawata PME,8,32,9000,2021.724558662505387,1.443129202000000
Kawata PME,8,32,9000,2021.724558280928250,1.452797837000000
Kawata PME,8,32,9000,2021.724558847853132,1.455182354000000
Kawata PME,8,32,9000,2021.724558598698877,1.451310064000000
Kawata PME,8,32,9000,2021.724558630183765,1.453862420000000
Kawata PME,8,32,9000,2021.724558686318460,1.455613743000000
Kawata PME,8,32,9000,2021.724558666234770,1.453290198000000
Kawata PME,8,32,9000,2021.724558691261109,1.448516809000000
Kawata PME,8,32,9000,2021.724558486937440,1.448781925000000
Kawata PME,8,32,9000,2021.724558744235310,1.457450594000000
Kawata PME,8,32,9000,2021.724558401713693,1.455732467000000
Kawata PME,8,32,9000,2021.724558032419964,1.444078907000000
Kawata PME,8,32,9000,2021.724558666252960,1.455015875000000
Kawata PME,8,32,9000,2021.724558446878518,1.452382380000000
Kawata PME,8,32,9000,2021.724558732456899,1.453165463000000
Kawata PME,8,32,9000,2021.724558425858049,1.443708105000000
Kawata PME,8,32,9000,2021.724558675413164,1.460626289000000
Kawata PME,8,32,9000,2021.724558756371607,1.452446255000000
Kawata PME,8,32,9000,2021.724558485428361,1.458587160000000
Kawata PME,8,32,9000,2021.724558846673972,1.443545355000000
Kawata PME,8,32,9000,2021.724558348500523,1.456868800000000
Kawata PME,8,32,10000,351.687381528400294,1.602482976000000
Kawata PME,8,32,10000,351.687381320454392,1.653180022000000
Kawata PME,8,32,10000,351.687381111020329,1.618436518000000
Kawata PME,8,32,10000,351.687381030153574,1.613899091000000
Kawata PME,8,32,10000,351.687381320822055,1.613452410000000
Kawata PME,8,32,10000,351.687381315033917,1.625078770000000
Kawata PME,8,32,10000,351.687380994029013,1.620075313000000
Kawata PME,8,32,10000,351.687381912466947,1.620505852000000
Kawata PME,8,32,10000,351.687380809271986,1.619897356000000
Kawata PME,8,32,10000,351.687380581536729,1.612982331000000
Kawata PME,8,32,10000,351.687381088465429,1.613249965000000
Kawata PME,8,32,10000,351.687380878121758,1.619206695000000
Kawata PME,8,32,10000,351.687380584936022,1.624470630000000
Kawata PME,8,32,10000,351.687380920750911,1.618941908000000
Kawata PME,8,32,10000,351.687381379717237,1.617590637000000
Kawata PME,8,32,10000,351.687381015453809,1.608806468000000
Kawata PME,8,32,10000,351.687380854675780,1.612209185000000
Kawata PME,8,32,10000,351.687381510540149,1.625984531000000
Kawata PME,8,32,10000,351.687380816676978,1.620066077000000
Kawata PME,8,32,10000,351.687380773221093,1.623963169000000
Kawata PME,8,32,10000,351.687381422011072,1.620689911000000
Kawata PME,8,32,10000,351.687381243188952,1.608565871000000
Kawata PME,8,32,10000,351.687381600768845,1.620316351000000
Kawata PME,8,32,10000,351.687381456922935,1.619689649000000
Kawata PME,8,32,10000,351.687381148734346,1.619124271000000
Kawata PME,8,32,10000,351.687381785865796,1.624259218000000
Kawata PME,8,32,10000,351.687380828400023,1.618592687000000
Kawata PME,8,32,10000,351.687380949194790,1.609368855000000
Kawata PME,8,32,10000,351.687381199659569,1.613833102000000
Kawata PME,8,32,10000,351.687381547270945,1.617078695000000
Kawata PME,8,32,11000,2648.581595408111752,1.778036171000000
Kawata PME,8,32,11000,2648.581594266218872,1.793426932000000
Kawata PME,8,32,11000,2648.581595334337180,1.801404785000000
Kawata PME,8,32,11000,2648.581594066009529,1.793484137000000
Kawata PME,8,32,11000,2648.581595315337836,1.795681283000000
Kawata PME,8,32,11000,2648.581595163526799,1.794252143000000
Kawata PME,8,32,11000,2648.581595067684248,1.788960260000000
Kawata PME,8,32,11000,2648.581594702857728,1.822167756000000
Kawata PME,8,32,11000,2648.581595231108622,1.791772278000000
Kawata PME,8,32,11000,2648.581594752706678,1.796168217000000
Kawata PME,8,32,11000,2648.581594767406386,1.791749994000000
Kawata PME,8,32,11000,2648.581595479570751,1.793082036000000
Kawata PME,8,32,11000,2648.581595052102784,1.790737069000000
Kawata PME,8,32,11000,2648.581594930499705,1.789911219000000
Kawata PME,8,32,11000,2648.581595159704193,1.793615108000000
Kawata PME,8,32,11000,2648.581594852186299,1.793893377000000
Kawata PME,8,32,11000,2648.581594604478596,1.798702166000000
Kawata PME,8,32,11000,2648.581595428709534,1.790685664000000
Kawata PME,8,32,11000,2648.581594934505119,1.782810489000000
Kawata PME,8,32,11000,2648.581595583644230,1.784751478000000
Kawata PME,8,32,11000,2648.581594879974546,1.788570590000000
Kawata PME,8,32,11000,2648.581596037975032,1.790307141000000
Kawata PME,8,32,11000,2648.581595862993709,1.800254650000000
Kawata PME,8,32,11000,2648.581594680641047,1.787685532000000
Kawata PME,8,32,11000,2648.581594450976354,1.790531870000000
Kawata PME,8,32,11000,2648.581594150863566,1.791790097000000
Kawata PME,8,32,11000,2648.581594816540019,1.789965198000000
Kawata PME,8,32,11000,2648.581595196646958,1.788138929000000
Kawata PME,8,32,11000,2648.581594306335319,1.789991190000000
Kawata PME,8,32,11000,2648.581594896690149,1.795483793000000
Kawata PME,8,32,12000,2116.935086564112225,1.942086911000000
Kawata PME,8,32,12000,2116.935086679799497,1.953727515000000
Kawata PME,8,32,12000,2116.935086654259067,1.966218256000000
Kawata PME,8,32,12000,2116.935087215384101,1.957274175000000
Kawata PME,8,32,12000,2116.935086458403930,1.960360672000000
Kawata PME,8,32,12000,2116.935086736007634,1.959750335000000
Kawata PME,8,32,12000,2116.935087304941590,1.956402199000000
Kawata PME,8,32,12000,2116.935087035973538,1.956055256000000
Kawata PME,8,32,12000,2116.935086982209668,1.959031055000000
Kawata PME,8,32,12000,2116.935086858364230,1.962446105000000
Kawata PME,8,32,12000,2116.935087118861702,1.988610694000000
Kawata PME,8,32,12000,2116.935086927149314,1.958154427000000
Kawata PME,8,32,12000,2116.935086828855219,1.956971934000000
Kawata PME,8,32,12000,2116.935087169919370,1.957526506000000
Kawata PME,8,32,12000,2116.935086611299084,1.952498024000000
Kawata PME,8,32,12000,2116.935086787438649,1.956456826000000
Kawata PME,8,32,12000,2116.935086649683853,1.962251988000000
Kawata PME,8,32,12000,2116.935086586458056,1.954852776000000
Kawata PME,8,32,12000,2116.935086636325195,1.956149019000000
Kawata PME,8,32,12000,2116.935086955712904,1.954207007000000
Kawata PME,8,32,12000,2116.935086360281730,1.957110982000000
Kawata PME,8,32,12000,2116.935087865551850,1.959476608000000
Kawata PME,8,32,12000,2116.935087161178672,1.964616671000000
Kawata PME,8,32,12000,2116.935086817718911,1.958228648000000
Kawata PME,8,32,12000,2116.935087212627423,1.960407403000000
Kawata PME,8,32,12000,2116.935086800428508,1.956238297000000
Kawata PME,8,32,12000,2116.935087072649367,1.955266946000000
Kawata PME,8,32,12000,2116.935086805922765,1.960412146000000
Kawata PME,8,32,12000,2116.935086681122812,1.971301866000000
Kawata PME,8,32,12000,2116.935086123562542,1.956497746000000
Kawata PME,8,32,13000,3493.876540607137940,2.115942495000000
Kawata PME,8,32,13000,3493.876539713469356,2.131627737000000
Kawata PME,8,32,13000,3493.876540479250707,2.132001408000000
Kawata PME,8,32,13000,3493.876540798822134,2.129757092000000
Kawata PME,8,32,13000,3493.876540900957934,2.128463295000000
Kawata PME,8,32,13000,3493.876541442189591,2.133571286000000
Kawata PME,8,32,13000,3493.876541317906231,2.131643915000000
Kawata PME,8,32,13000,3493.876540743919122,2.131440966000000
Kawata PME,8,32,13000,3493.876540528053738,2.137365653000000
Kawata PME,8,32,13000,3493.876540778683648,2.129525083000000
Kawata PME,8,32,13000,3493.876539814088574,2.156647063000000
Kawata PME,8,32,13000,3493.876541658769384,2.159825832000000
Kawata PME,8,32,13000,3493.876539831360788,2.130769010000000
Kawata PME,8,32,13000,3493.876541240181268,2.134133000000000
Kawata PME,8,32,13000,3493.876541147829812,2.132328036000000
Kawata PME,8,32,13000,3493.876541685674056,2.134447682000000
Kawata PME,8,32,13000,3493.876540523423500,2.128788041000000
Kawata PME,8,32,13000,3493.876540346144338,2.129131399000000
Kawata PME,8,32,13000,3493.876541585256291,2.136133621000000
Kawata PME,8,32,13000,3493.876540485571240,2.141565331000000
Kawata PME,8,32,13000,3493.876540458082673,2.129845107000000
Kawata PME,8,32,13000,3493.876540529229715,2.128524773000000
Kawata PME,8,32,13000,3493.876541083922802,2.128898650000000
Kawata PME,8,32,13000,3493.876541150622870,2.130110130000000
Kawata PME,8,32,13000,3493.876540526372537,2.136592639000000
Kawata PME,8,32,13000,3493.876541037692732,2.132913386000000
Kawata PME,8,32,13000,3493.876540086841487,2.134484860000000
Kawata PME,8,32,13000,3493.876540041419503,2.130084689000000
Kawata PME,8,32,13000,3493.876540902124361,2.130576410000000
Kawata PME,8,32,13000,3493.876540392265269,2.136194393000000
Kawata PME,8,32,14000,1311.169573796534451,2.301228302000000
Kawata PME,8,32,14000,1311.169573471891681,2.314387223000000
Kawata PME,8,32,14000,1311.169572714268043,2.315309155000000
Kawata PME,8,32,14000,1311.169575165399237,2.320427559000000
Kawata PME,8,32,14000,1311.169573476154483,2.319814933000000
Kawata PME,8,32,14000,1311.169571946869837,2.324735541000000
Kawata PME,8,32,14000,1311.169574973466979,2.314199301000000
Kawata PME,8,32,14000,1311.169574330060868,2.338733662000000
Kawata PME,8,32,14000,1311.169573580890528,2.313479091000000
Kawata PME,8,32,14000,1311.169573413754279,2.318436839000000
Kawata PME,8,32,14000,1311.169573192670669,2.322123675000000
Kawata PME,8,32,14000,1311.169572272358437,2.314050199000000
Kawata PME,8,32,14000,1311.169572579987062,2.318514102000000
Kawata PME,8,32,14000,1311.169571350356364,2.312864546000000
Kawata PME,8,32,14000,1311.169573693122629,2.321227233000000
Kawata PME,8,32,14000,1311.169573196198371,2.324373418000000
Kawata PME,8,32,14000,1311.169572564698910,2.324147272000000
Kawata PME,8,32,14000,1311.169572115429673,2.315904988000000
Kawata PME,8,32,14000,1311.169572558478876,2.315647202000000
Kawata PME,8,32,14000,1311.169571435010539,2.319413924000000
Kawata PME,8,32,14000,1311.169571026889116,2.322959635000000
Kawata PME,8,32,14000,1311.169573513529031,2.322241359000000
Kawata PME,8,32,14000,1311.169571920778935,2.316245072000000
Kawata PME,8,32,14000,1311.169572960493497,2.315043643000000
Kawata PME,8,32,14000,1311.169572071303264,2.322459884000000
Kawata PME,8,32,14000,1311.169574536922710,2.316202837000000
Kawata PME,8,32,14000,1311.169574144504622,2.326063913000000
Kawata PME,8,32,14000,1311.169572066304909,2.314601562000000
Kawata PME,8,32,14000,1311.169573658209856,2.319790455000000
Kawata PME,8,32,14000,1311.169573979766483,2.323021769000000
Kawata PME,8,32,15000,1246.978443727437707,2.445069715000000
Kawata PME,8,32,15000,1246.978442511900084,2.473580941000000
Kawata PME,8,32,15000,1246.978441089326452,2.464300947000000
Kawata PME,8,32,15000,1246.978443165440240,2.496984063000000
Kawata PME,8,32,15000,1246.978442801732626,2.472062769000000
Kawata PME,8,32,15000,1246.978441545605619,2.467678528000000
Kawata PME,8,32,15000,1246.978440803215108,2.464336378000000
Kawata PME,8,32,15000,1246.978441133756405,2.466647100000000
Kawata PME,8,32,15000,1246.978438973376569,2.476821719000000
Kawata PME,8,32,15000,1246.978441190754438,2.461496416000000
Kawata PME,8,32,15000,1246.978441634979845,2.463772679000000
Kawata PME,8,32,15000,1246.978440974595287,2.463191520000000
Kawata PME,8,32,15000,1246.978443963046402,2.473266326000000
Kawata PME,8,32,15000,1246.978440473426872,2.467021049000000
Kawata PME,8,32,15000,1246.978442534307987,2.460986907000000
Kawata PME,8,32,15000,1246.978441856771269,2.462619763000000
Kawata PME,8,32,15000,1246.978441274634633,2.478760030000000
Kawata PME,8,32,15000,1246.978440920573803,2.458265409000000
Kawata PME,8,32,15000,1246.978440694986148,2.460267525000000
Kawata PME,8,32,15000,1246.978440621003074,2.463888247000000
Kawata PME,8,32,15000,1246.978442952735350,2.474470042000000
Kawata PME,8,32,15000,1246.978443261392613,2.464145060000000
Kawata PME,8,32,15000,1246.978441355759287,2.461176348000000
Kawata PME,8,32,15000,1246.978443882271677,2.469799897000000
Kawata PME,8,32,15000,1246.978443007234773,2.469171728000000
Kawata PME,8,32,15000,1246.978441280128891,2.466668247000000
Kawata PME,8,32,15000,1246.978439410693227,2.468725963000000
Kawata PME,8,32,15000,1246.978440293263702,2.499425601000000
Kawata PME,8,32,15000,1246.978441491878129,2.467217575000000
Kawata PME,8,32,15000,1246.978442454268134,2.461012430000000
Kawata PME,8,32,16000,2726.602830655414891,2.622470210000000
Kawata PME,8,32,16000,2726.602829519292754,2.658654272000000
Kawata PME,8,32,16000,2726.602833667385312,2.641101900000000
Kawata PME,8,32,16000,2726.602826359295705,2.639742768000000
Kawata PME,8,32,16000,2726.602832450268124,2.644182979000000
Kawata PME,8,32,16000,2726.602830547243684,2.646470488000000
Kawata PME,8,32,16000,2726.602829448146622,2.647430937000000
Kawata PME,8,32,16000,2726.602831255990168,2.643004756000000
Kawata PME,8,32,16000,2726.602829931179258,2.639543096000000
Kawata PME,8,32,16000,2726.602829885435312,2.644804560000000
Kawata PME,8,32,16000,2726.602830653449018,2.649842529000000
Kawata PME,8,32,16000,2726.602828836491426,2.638356153000000
Kawata PME,8,32,16000,2726.602829670258870,2.653676688000000
Kawata PME,8,32,16000,2726.602829523261335,2.641684196000000
Kawata PME,8,32,16000,2726.602829145837404,2.640104134000000
Kawata PME,8,32,16000,2726.602831757967124,2.644095186000000
Kawata PME,8,32,16000,2726.602829852278319,2.643017074000000
Kawata PME,8,32,16000,2726.602829988507438,2.637717725000000
Kawata PME,8,32,16000,2726.602828185569706,2.657901608000000
Kawata PME,8,32,16000,2726.602830326380627,2.638004289000000
Kawata PME,8,32,16000,2726.602830584213280,2.669122156000000
Kawata PME,8,32,16000,2726.602829895201467,2.645944905000000
Kawata PME,8,32,16000,2726.602830105443900,2.644735180000000
Kawata PME,8,32,16000,2726.602830172006179,2.645547753000000
Kawata PME,8,32,16000,2726.602828616179067,2.641835239000000
Kawata PME,8,32,16000,2726.602830597663797,2.638517239000000
Kawata PME,8,32,16000,2726.602829353627385,2.650944383000000
Kawata PME,8,32,16000,2726.602832603806291,2.643298071000000
Kawata PME,8,32,16000,2726.602828578364552,2.639220732000000
Kawata PME,8,32,16000,2726.602829902771646,2.652512241000000
Kawata PME,8,32,17000,12859.907589703085250,2.804143605000000
Kawata PME,8,32,17000,12859.907587690226137,2.830059597000000
Kawata PME,8,32,17000,12859.907590135015198,2.814301349000000
Kawata PME,8,32,17000,12859.907590413951766,2.826396117000000
Kawata PME,8,32,17000,12859.907589995047601,2.826785811000000
Kawata PME,8,32,17000,12859.907586723038548,2.819206589000000
Kawata PME,8,32,17000,12859.907587897692792,2.826133837000000
Kawata PME,8,32,17000,12859.907589245398412,2.815726269000000
Kawata PME,8,32,17000,12859.907588393401966,2.831220327000000
Kawata PME,8,32,17000,12859.907590122014881,2.822392866000000
Kawata PME,8,32,17000,12859.907588693726211,2.828331508000000
Kawata PME,8,32,17000,12859.907590145681752,2.817957118000000
Kawata PME,8,32,17000,12859.907592506970104,2.851598099000000
Kawata PME,8,32,17000,12859.907586612973319,2.830283729000000
Kawata PME,8,32,17000,12859.907590922341114,2.818854462000000
Kawata PME,8,32,17000,12859.907586680077657,2.828773163000000
Kawata PME,8,32,17000,12859.907588789486908,2.821905060000000
Kawata PME,8,32,17000,12859.907587486826742,2.834359092000000
Kawata PME,8,32,17000,12859.907589653903415,2.817643454000000
Kawata PME,8,32,17000,12859.907590360444374,2.829361878000000
Kawata PME,8,32,17000,12859.907589274558632,2.820660265000000
Kawata PME,8,32,17000,12859.907587714524198,2.828577522000000
Kawata PME,8,32,17000,12859.907590387931123,2.815852369000000
Kawata PME,8,32,17000,12859.907589729000392,2.821378992000000
Kawata PME,8,32,17000,12859.907587505385891,2.834870649000000
Kawata PME,8,32,17000,12859.907588844911515,2.827530781000000
Kawata PME,8,32,17000,12859.907588914213193,2.833047112000000
Kawata PME,8,32,17000,12859.907590314876870,2.825573696000000
Kawata PME,8,32,17000,12859.907588862211924,2.829914981000000
Kawata PME,8,32,17000,12859.907588857988230,2.822368357000000
Kawata PME,8,32,18000,1327.357656238240224,2.988053595000000
Kawata PME,8,32,18000,1327.357655033047877,2.987609161000000
Kawata PME,8,32,18000,1327.357654888977095,3.002648733000000
Kawata PME,8,32,18000,1327.357655039589190,3.011118871000000
Kawata PME,8,32,18000,1327.357653894554915,2.995057176000000
Kawata PME,8,32,18000,1327.357655785452835,2.984148377000000
Kawata PME,8,32,18000,1327.357655640035318,3.000585555000000
Kawata PME,8,32,18000,1327.357658037117744,2.987319548000000
Kawata PME,8,32,18000,1327.357655695784160,2.998844231000000
Kawata PME,8,32,18000,1327.357657627620483,2.987682265000000
Kawata PME,8,32,18000,1327.357655846603393,2.991193717000000
Kawata PME,8,32,18000,1327.357656882492165,2.994172552000000
Kawata PME,8,32,18000,1327.357657432849010,2.986970319000000
Kawata PME,8,32,18000,1327.357654129824141,2.994854742000000
Kawata PME,8,32,18000,1327.357655064615301,2.992105229000000
Kawata PME,8,32,18000,1327.357655452356994,2.998474763000000
Kawata PME,8,32,18000,1327.357655650509287,2.988051850000000
Kawata PME,8,32,18000,1327.357655832785440,3.002211396000000
Kawata PME,8,32,18000,1327.357655506314131,2.988436831000000
Kawata PME,8,32,18000,1327.357654622190921,2.996824894000000
Kawata PME,8,32,18000,1327.357653681556258,2.990492168000000
Kawata PME,8,32,18000,1327.357657776675296,3.002886599000000
Kawata PME,8,32,18000,1327.357658660871948,2.986906615000000
Kawata PME,8,32,18000,1327.357656516836414,3.021868441000000
Kawata PME,8,32,18000,1327.357656906130842,2.987816693000000
Kawata PME,8,32,18000,1327.357656571909956,2.998756506000000
Kawata PME,8,32,18000,1327.357654518300478,2.997948588000000
Kawata PME,8,32,18000,1327.357655444528973,2.983844616000000
Kawata PME,8,32,18000,1327.357655911612937,2.996005651000000
Kawata PME,8,32,18000,1327.357656345290707,2.988975528000000
Kawata PME,8,32,19000,2730.924985137241492,3.163273213000000
Kawata PME,8,32,19000,2730.924979088164491,3.173697878000000
Kawata PME,8,32,19000,2730.924983713648999,3.183853360000000
Kawata PME,8,32,19000,2730.924981060571554,3.181847011000000
Kawata PME,8,32,19000,2730.924979167248239,3.173700707000000
Kawata PME,8,32,19000,2730.924984909103841,3.186055560000000
Kawata PME,8,32,19000,2730.924984579407010,3.189743950000000
Kawata PME,8,32,19000,2730.924987534176580,3.189125391000000
Kawata PME,8,32,19000,2730.924987830082500,3.183688137000000
Kawata PME,8,32,19000,2730.924979726021320,3.177037355000000
Kawata PME,8,32,19000,2730.924984360068720,3.180880202000000
Kawata PME,8,32,19000,2730.924982467890004,3.182063122000000
Kawata PME,8,32,19000,2730.924985075943823,3.193903394000000
Kawata PME,8,32,19000,2730.924985550451765,3.184803512000000
Kawata PME,8,32,19000,2730.924984385664629,3.178713131000000
Kawata PME,8,32,19000,2730.924983409118795,3.171463838000000
Kawata PME,8,32,19000,2730.924984117706117,3.179182748000000
Kawata PME,8,32,19000,2730.924981522803137,3.174614312000000
Kawata PME,8,32,19000,2730.924982729135536,3.178801220000000
Kawata PME,8,32,19000,2730.924982626127530,3.183457507000000
Kawata PME,8,32,19000,2730.924984950960152,3.174784703000000
Kawata PME,8,32,19000,2730.924984449755357,3.184801723000000
Kawata PME,8,32,19000,2730.924983631771283,3.184022556000000
Kawata PME,8,32,19000,2730.924985557084710,3.174042544000000
Kawata PME,8,32,19000,2730.924981326194938,3.184653163000000
Kawata PME,8,32,19000,2730.924981617983576,3.184596693000000
Kawata PME,8,32,19000,2730.924980226555363,3.168441325000000
Kawata PME,8,32,19000,2730.924981883130386,3.186073964000000
Kawata PME,8,32,19000,2730.924981197278612,3.179818257000000
Kawata PME,8,32,19000,2730.924982439624728,3.180109528000000
Kawata PME,8,32,20000,2208.549036789419006,3.339529023000000
Kawata PME,8,32,20000,2208.549022873276044,3.386085248000000
Kawata PME,8,32,20000,2208.549034318911254,3.347009987000000
Kawata PME,8,32,20000,2208.549032186130262,3.360576257000000
Kawata PME,8,32,20000,2208.549032787641863,3.360376025000000
Kawata PME,8,32,20000,2208.549033653087918,3.351969581000000
Kawata PME,8,32,20000,2208.549035791307233,3.357676738000000
Kawata PME,8,32,20000,2208.549033754588891,3.357113305000000
Kawata PME,8,32,20000,2208.549031977513096,3.357403040000000
Kawata PME,8,32,20000,2208.549032780586003,3.347137838000000
Kawata PME,8,32,20000,2208.549036172543310,3.360995651000000
Kawata PME,8,32,20000,2208.549034291166208,3.355400205000000
Kawata PME,8,32,20000,2208.549034657225093,3.344513569000000
Kawata PME,8,32,20000,2208.549031599317459,3.362700720000000
Kawata PME,8,32,20000,2208.549032335184165,3.360198770000000
Kawata PME,8,32,20000,2208.549033606562716,3.357695647000000
Kawata PME,8,32,20000,2208.549029568846436,3.349591874000000
Kawata PME,8,32,20000,2208.549031339206067,3.355016863000000
Kawata PME,8,32,20000,2208.549033831468932,3.358544143000000
Kawata PME,8,32,20000,2208.549036708054700,3.403755981000000
Kawata PME,8,32,20000,2208.549035514512980,3.353806461000000
Kawata PME,8,32,20000,2208.549033205260457,3.362660657000000
Kawata PME,8,32,20000,2208.549029371649340,3.361189585000000
Kawata PME,8,32,20000,2208.549031693486540,3.345341782000000
Kawata PME,8,32,20000,2208.549037325809422,3.361719904000000
Kawata PME,8,32,20000,2208.549032583463031,3.365738529000000
Kawata PME,8,32,20000,2208.549029590455120,3.354110919000000
Kawata PME,8,32,20000,2208.549028980710773,3.355551463000000
Kawata PME,8,32,20000,2208.549027779744847,3.362370279000000
Kawata PME,8,32,20000,2208.549032678496133,3.356408434000000
Kawata PME,8,32,21000,2931.093355706329021,3.498070943000000
Kawata PME,8,32,21000,2931.093352566323574,3.522894395000000
Kawata PME,8,32,21000,2931.093353497035423,3.542200743000000
Kawata PME,8,32,21000,2931.093351602536586,3.527218365000000
Kawata PME,8,32,21000,2931.093350722171635,3.532773691000000
Kawata PME,8,32,21000,2931.093343666457258,3.513209515000000
Kawata PME,8,32,21000,2931.093356436463182,3.517285972000000
Kawata PME,8,32,21000,2931.093354408195864,3.549520699000000
Kawata PME,8,32,21000,2931.093355297236030,3.525031933000000
Kawata PME,8,32,21000,2931.093354095682116,3.525766913000000
Kawata PME,8,32,21000,2931.093355833039823,3.517158602000000
Kawata PME,8,32,21000,2931.093353262000164,3.518713028000000
Kawata PME,8,32,21000,2931.093353244567879,3.525463191000000
Kawata PME,8,32,21000,2931.093355332073770,3.525495603000000
Kawata PME,8,32,21000,2931.093354178367008,3.526987940000000
Kawata PME,8,32,21000,2931.093353741344799,3.520907541000000
Kawata PME,8,32,21000,2931.093359049630635,3.513711613000000
Kawata PME,8,32,21000,2931.093355684168273,3.525397774000000
Kawata PME,8,32,21000,2931.093350224879032,3.535423261000000
Kawata PME,8,32,21000,2931.093356165612931,3.533402977000000
Kawata PME,8,32,21000,2931.093347999049911,3.522458773000000
Kawata PME,8,32,21000,2931.093358856476243,3.523741088000000
Kawata PME,8,32,21000,2931.093355485465509,3.531747492000000
Kawata PME,8,32,21000,2931.093350402985379,3.526696171000000
Kawata PME,8,32,21000,2931.093355122528919,3.559110367000000
Kawata PME,8,32,21000,2931.093353621762162,3.524126591000000
Kawata PME,8,32,21000,2931.093350966921207,3.518100552000000
Kawata PME,8,32,21000,2931.093356316954669,3.526688162000000
Kawata PME,8,32,21000,2931.093352563970711,3.524523752000000
Kawata PME,8,32,21000,2931.093361602309415,3.527204588000000
Kawata PME,8,32,22000,9505.691731816434185,3.682515960000000
Kawata PME,8,32,22000,9505.691727390752931,3.707513978000000
Kawata PME,8,32,22000,9505.691724230646287,3.699389360000000
Kawata PME,8,32,22000,9505.691726508479405,3.691188060000000
Kawata PME,8,32,22000,9505.691723431755236,3.699648117000000
Kawata PME,8,32,22000,9505.691725450187732,3.704556575000000
Kawata PME,8,32,22000,9505.691730847502185,3.705438298000000
Kawata PME,8,32,22000,9505.691722341662171,3.712626086000000
Kawata PME,8,32,22000,9505.691727363669997,3.696797917000000
Kawata PME,8,32,22000,9505.691726219847624,3.704293646000000
Kawata PME,8,32,22000,9505.691725854580000,3.721174102000000
Kawata PME,8,32,22000,9505.691735360898747,3.697291867000000
Kawata PME,8,32,22000,9505.691725287924783,3.691674753000000
Kawata PME,8,32,22000,9505.691726213786751,3.698790397000000
Kawata PME,8,32,22000,9505.691723407464451,3.701367142000000
Kawata PME,8,32,22000,9505.691728173545926,3.699333150000000
Kawata PME,8,32,22000,9505.691727219025779,3.706022838000000
Kawata PME,8,32,22000,9505.691725237358696,3.705912108000000
Kawata PME,8,32,22000,9505.691724065864037,3.697632841000000
Kawata PME,8,32,22000,9505.691724425383654,3.705949876000000
Kawata PME,8,32,22000,9505.691726258575727,3.696369755000000
Kawata PME,8,32,22000,9505.691731474153130,3.694722379000000
Kawata PME,8,32,22000,9505.691721231243719,3.692923695000000
Kawata PME,8,32,22000,9505.691724494579830,3.700759885000000
Kawata PME,8,32,22000,9505.691728454277836,3.697107714000000
Kawata PME,8,32,22000,9505.691724744658131,3.705893537000000
Kawata PME,8,32,22000,9505.691723406691381,3.730613531000000
Kawata PME,8,32,22000,9505.691728174138916,3.700905619000000
Kawata PME,8,32,22000,9505.691726023111187,3.703893617000000
Kawata PME,8,32,22000,9505.691726493081660,3.701056313000000
Kawata PME,8,32,23000,6224.181128636714675,3.884460540000000
Kawata PME,8,32,23000,6224.181126898271032,3.902616862000000
Kawata PME,8,32,23000,6224.181127718130483,3.901664050000000
Kawata PME,8,32,23000,6224.181127877253857,3.901156620000000
Kawata PME,8,32,23000,6224.181122640547073,3.922480810000000
Kawata PME,8,32,23000,6224.181125749029889,3.898475526000000
Kawata PME,8,32,23000,6224.181127665062377,3.895368497000000
Kawata PME,8,32,23000,6224.181124705682123,3.902622659000000
Kawata PME,8,32,23000,6224.181129581153982,3.906167161000000
Kawata PME,8,32,23000,6224.181129733899979,3.908477822000000
Kawata PME,8,32,23000,6224.181125961586986,3.914654362000000
Kawata PME,8,32,23000,6224.181127433983420,3.895840320000000
Kawata PME,8,32,23000,6224.181128941439965,3.926078796000000
Kawata PME,8,32,23000,6224.181129642617634,3.901858419000000
Kawata PME,8,32,23000,6224.181134409144761,3.903036315000000
Kawata PME,8,32,23000,6224.181128542157239,3.900690297000000
Kawata PME,8,32,23000,6224.181129693257390,3.903889526000000
Kawata PME,8,32,23000,6224.181127599024876,3.900265375000000
Kawata PME,8,32,23000,6224.181125068800611,3.906148465000000
Kawata PME,8,32,23000,6224.181126255803974,3.909849625000000
Kawata PME,8,32,23000,6224.181129377838261,3.907868098000000
Kawata PME,8,32,23000,6224.181128440859538,3.910048466000000
Kawata PME,8,32,23000,6224.181127688143533,3.906878650000000
Kawata PME,8,32,23000,6224.181130605262297,3.901043720000000
Kawata PME,8,32,23000,6224.181133297404813,3.912682667000000
Kawata PME,8,32,23000,6224.181106580386768,3.919177936000000
Kawata PME,8,32,23000,6224.181128727266696,3.905559469000000
Kawata PME,8,32,23000,6224.181129429102839,3.938276770000000
Kawata PME,8,32,23000,6224.181130748144824,3.905512851000000
Kawata PME,8,32,23000,6224.181127964644475,3.907618405000000
Kawata PME,8,32,24000,5825.707431653408094,4.061172699000000
Kawata PME,8,32,24000,5825.707426823046262,4.076066837000000
Kawata PME,8,32,24000,5825.707434308286793,4.062968984999999
Kawata PME,8,32,24000,5825.707432933935706,4.079695829000000
Kawata PME,8,32,24000,5825.707435953344429,4.073359393000000
Kawata PME,8,32,24000,5825.707437052575187,4.073336176000000
Kawata PME,8,32,24000,5825.707433560658501,4.077692317000000
Kawata PME,8,32,24000,5825.707429557634896,4.068589306000000
Kawata PME,8,32,24000,5825.707427566117985,4.071754812000000
Kawata PME,8,32,24000,5825.707428137200623,4.080819471000000
Kawata PME,8,32,24000,5825.707432096272896,4.077588767000000
Kawata PME,8,32,24000,5825.707427991159420,4.079842928000000
Kawata PME,8,32,24000,5825.707429390709876,4.097084608999999
Kawata PME,8,32,24000,5825.707435100472139,4.069675312000000
Kawata PME,8,32,24000,5825.707430018764171,4.082144398000001
Kawata PME,8,32,24000,5825.707436325941671,4.071030025000000
Kawata PME,8,32,24000,5825.707431027311031,4.069894411000000
Kawata PME,8,32,24000,5825.707431327111408,4.076018172000000
Kawata PME,8,32,24000,5825.707431690116209,4.075975058000000
Kawata PME,8,32,24000,5825.707442799426644,4.069596914000000
Kawata PME,8,32,24000,5825.707429203959691,4.064680589000000
Kawata PME,8,32,24000,5825.707429077025154,4.073148838000000
Kawata PME,8,32,24000,5825.707433847817811,4.072057929000000
Kawata PME,8,32,24000,5825.707429270989451,4.064015140000000
Kawata PME,8,32,24000,5825.707439814559621,4.072232068000000
Kawata PME,8,32,24000,5825.707439555348174,4.076726316000000
Kawata PME,8,32,24000,5825.707423526857383,4.070006243000000
Kawata PME,8,32,24000,5825.707435651986998,4.094796333000000
Kawata PME,8,32,24000,5825.707431886214181,4.075246493000000
Kawata PME,8,32,24000,5825.707431059870942,4.066312671000000
Kawata PME,8,32,25000,2884.124260188990320,4.224074757000000
Kawata PME,8,32,25000,2884.124266737638209,4.257033109000000
Kawata PME,8,32,25000,2884.124263092255205,4.250584790000000
Kawata PME,8,32,25000,2884.124264065284478,4.253914261000000
Kawata PME,8,32,25000,2884.124258778404965,4.247414716000000
Kawata PME,8,32,25000,2884.124261127419231,4.236916313000000
Kawata PME,8,32,25000,2884.124265557176386,4.251443544000000
Kawata PME,8,32,25000,2884.124257420004142,4.240080300000000
Kawata PME,8,32,25000,2884.124258177480442,4.240827339000000
Kawata PME,8,32,25000,2884.124261957474573,4.255290871000000
Kawata PME,8,32,25000,2884.124259392815475,4.244476487000000
Kawata PME,8,32,25000,2884.124267735637204,4.267663100000000
Kawata PME,8,32,25000,2884.124262163968979,4.238052212000000
Kawata PME,8,32,25000,2884.124258397389895,4.241302058000000
Kawata PME,8,32,25000,2884.124262612490838,4.242157342000000
Kawata PME,8,32,25000,2884.124263804823840,4.240655993000000
Kawata PME,8,32,25000,2884.124267983841492,4.244908347000000
Kawata PME,8,32,25000,2884.124268769945047,4.255821627000000
Kawata PME,8,32,25000,2884.124265791638209,4.245775872000000
Kawata PME,8,32,25000,2884.124257654503253,4.242567193000000
Kawata PME,8,32,25000,2884.124269814212767,4.249583413000000
Kawata PME,8,32,25000,2884.124258536447087,4.241353444000000
Kawata PME,8,32,25000,2884.124254802132782,4.247061614000000
Kawata PME,8,32,25000,2884.124262134938363,4.255156260000000
Kawata PME,8,32,25000,2884.124260126367972,4.259768929000000
Kawata PME,8,32,25000,2884.124258580252899,4.298779911000000
Kawata PME,8,32,25000,2884.124257836740071,4.249222958000000
Kawata PME,8,32,25000,2884.124261400173054,4.252574985000000
Kawata PME,8,32,25000,2884.124258047386775,4.246962932000000
Kawata PME,8,32,25000,2884.124262869627728,4.236044302000000
Kawata PME,8,64,1000,206.621909075241035,0.158994149000000
Kawata PME,8,64,1000,206.621909075192775,0.156829201000000
Kawata PME,8,64,1000,206.621909075304188,0.164522404000000
Kawata PME,8,64,1000,206.621909076626849,0.164969939000000
Kawata PME,8,64,1000,206.621909074966169,0.165078664000000
Kawata PME,8,64,1000,206.621909075587837,0.165157819000000
Kawata PME,8,64,1000,206.621909076185318,0.165216001000000
Kawata PME,8,64,1000,206.621909076063275,0.165295155000000
Kawata PME,8,64,1000,206.621909075820668,0.171295436000000
Kawata PME,8,64,1000,206.621909075397184,0.171035904000000
Kawata PME,8,64,1000,206.621909076310203,0.164386953000000
Kawata PME,8,64,1000,206.621909075667816,0.164960884000000
Kawata PME,8,64,1000,206.621909074953919,0.165033687000000
Kawata PME,8,64,1000,206.621909075809469,0.170888863000000
Kawata PME,8,64,1000,206.621909075817484,0.164378685000000
Kawata PME,8,64,1000,206.621909075848350,0.164964364000000
Kawata PME,8,64,1000,206.621909075943847,0.165004357000000
Kawata PME,8,64,1000,206.621909076513475,0.165407067000000
Kawata PME,8,64,1000,206.621909075456898,0.166387616000000
Kawata PME,8,64,1000,206.621909076770123,0.171390938000000
Kawata PME,8,64,1000,206.621909075925572,0.175498668000000
Kawata PME,8,64,1000,206.621909075646954,0.163884326000000
Kawata PME,8,64,1000,206.621909075896724,0.164364549000000
Kawata PME,8,64,1000,206.621909075810606,0.164857797000000
Kawata PME,8,64,1000,206.621909075470683,0.165131509000000
Kawata PME,8,64,1000,206.621909075617680,0.164975880000000
Kawata PME,8,64,1000,206.621909075738273,0.165303918000000
Kawata PME,8,64,1000,206.621909075304160,0.164706365000000
Kawata PME,8,64,1000,206.621909075546512,0.164786780000000
Kawata PME,8,64,1000,206.621909076257907,0.165202026000000
Kawata PME,8,64,2000,1100.644061642235783,0.309828781000000
Kawata PME,8,64,2000,1100.644061635626258,0.318041811000000
Kawata PME,8,64,2000,1100.644061638235371,0.311830609000000
Kawata PME,8,64,2000,1100.644061634476884,0.313146064000000
Kawata PME,8,64,2000,1100.644061629855287,0.312092437000000
Kawata PME,8,64,2000,1100.644061635764047,0.311910909000000
Kawata PME,8,64,2000,1100.644061630988745,0.320561263000000
Kawata PME,8,64,2000,1100.644061634372065,0.317481840000000
Kawata PME,8,64,2000,1100.644061631069235,0.311516339000000
Kawata PME,8,64,2000,1100.644061630276610,0.311601196000000
Kawata PME,8,64,2000,1100.644061627555175,0.312041264000000
Kawata PME,8,64,2000,1100.644061633815681,0.311225548000000
Kawata PME,8,64,2000,1100.644061628853478,0.311855035000000
Kawata PME,8,64,2000,1100.644061639898382,0.326088896000000
Kawata PME,8,64,2000,1100.644061636063498,0.311496855000000
Kawata PME,8,64,2000,1100.644061638330868,0.311530929000000
Kawata PME,8,64,2000,1100.644061630727037,0.311872419000000
Kawata PME,8,64,2000,1100.644061629991938,0.312574833000000
Kawata PME,8,64,2000,1100.644061643430632,0.312242821000000
Kawata PME,8,64,2000,1100.644061638382254,0.325542946000000
Kawata PME,8,64,2000,1100.644061638451149,0.314011002000000
Kawata PME,8,64,2000,1100.644061632851617,0.311611240000000
Kawata PME,8,64,2000,1100.644061636249717,0.312871359000000
Kawata PME,8,64,2000,1100.644061630931446,0.311818963000000
Kawata PME,8,64,2000,1100.644061632121293,0.312355062000000
Kawata PME,8,64,2000,1100.644061641136432,0.316988341000000
Kawata PME,8,64,2000,1100.644061635773141,0.322392875000000
Kawata PME,8,64,2000,1100.644061634565105,0.324908045000000
Kawata PME,8,64,2000,1100.644061635065555,0.311057457000000
Kawata PME,8,64,2000,1100.644061636087827,0.311952456000000
Kawata PME,8,64,3000,449.999066854484340,0.450952878000000
Kawata PME,8,64,3000,449.999066848309326,0.477079035000000
Kawata PME,8,64,3000,449.999066850515533,0.462133975000000
Kawata PME,8,64,3000,449.999066849927544,0.462471614000000
Kawata PME,8,64,3000,449.999066842320417,0.462931406000000
Kawata PME,8,64,3000,449.999066838937097,0.475270692000000
Kawata PME,8,64,3000,449.999066865560962,0.461725856000000
Kawata PME,8,64,3000,449.999066848425286,0.462479494000000
Kawata PME,8,64,3000,449.999066859170000,0.462788038000000
Kawata PME,8,64,3000,449.999066856422985,0.472464708000000
Kawata PME,8,64,3000,449.999066851358350,0.461872755000000
Kawata PME,8,64,3000,449.999066862146719,0.461017014000000
Kawata PME,8,64,3000,449.999066830992376,0.464230790000000
Kawata PME,8,64,3000,449.999066863074518,0.467035889000000
Kawata PME,8,64,3000,449.999066854089392,0.468931163000000
Kawata PME,8,64,3000,449.999066841792171,0.461702872000000
Kawata PME,8,64,3000,449.999066841908189,0.461922401000000
Kawata PME,8,64,3000,449.999066864680685,0.467619645000000
Kawata PME,8,64,3000,449.999066854121565,0.468012702000000
Kawata PME,8,64,3000,449.999066842498451,0.462045480000000
Kawata PME,8,64,3000,449.999066851829184,0.462634768000000
Kawata PME,8,64,3000,449.999066844423169,0.462323200000000
Kawata PME,8,64,3000,449.999066873658421,0.473640368000000
Kawata PME,8,64,3000,449.999066860184485,0.466811771000000
Kawata PME,8,64,3000,449.999066865030102,0.461110520000000
Kawata PME,8,64,3000,449.999066845113418,0.462553614000000
Kawata PME,8,64,3000,449.999066843542266,0.476061805000000
Kawata PME,8,64,3000,449.999066852266594,0.463255632000000
Kawata PME,8,64,3000,449.999066845099605,0.461452565000000
Kawata PME,8,64,3000,449.999066857286493,0.462489902000000
Kawata PME,8,64,4000,415.926535175619676,0.612123382000000
Kawata PME,8,64,4000,415.926535198801616,0.612295744000000
Kawata PME,8,64,4000,415.926535203971753,0.613161276000000
Kawata PME,8,64,4000,415.926535168968087,0.625024679000000
Kawata PME,8,64,4000,415.926535219773996,0.612417086000000
Kawata PME,8,64,4000,415.926535215331853,0.618097335000000
Kawata PME,8,64,4000,415.926535162491064,0.626527350000000
Kawata PME,8,64,4000,415.926535203420599,0.612882260000000
Kawata PME,8,64,4000,415.926535215795866,0.611778906000000
Kawata PME,8,64,4000,415.926535188849414,0.618015420000000
Kawata PME,8,64,4000,415.926535195101394,0.620616966000000
Kawata PME,8,64,4000,415.926535210387897,0.611157759000000
Kawata PME,8,64,4000,415.926535194251528,0.612593177000000
Kawata PME,8,64,4000,415.926535183373801,0.622946573000000
Kawata PME,8,64,4000,415.926535207288339,0.619870045000000
Kawata PME,8,64,4000,415.926535196948009,0.613702512000000
Kawata PME,8,64,4000,415.926535207343534,0.626217816000000
Kawata PME,8,64,4000,415.926535228924479,0.613595910000000
Kawata PME,8,64,4000,415.926535239774751,0.611477433000000
Kawata PME,8,64,4000,415.926535213048851,0.623945979000000
Kawata PME,8,64,4000,415.926535197278838,0.610899526000000
Kawata PME,8,64,4000,415.926535196640259,0.610351586000000
Kawata PME,8,64,4000,415.926535188702474,0.665062420000000
Kawata PME,8,64,4000,415.926535193461461,0.610535404000000
Kawata PME,8,64,4000,415.926535228589216,0.610699360000000
Kawata PME,8,64,4000,415.926535199194404,0.624776015000000
Kawata PME,8,64,4000,415.926535184143233,0.610324766000000
Kawata PME,8,64,4000,415.926535215143531,0.612830523000000
Kawata PME,8,64,4000,415.926535214784053,0.617614518000000
Kawata PME,8,64,4000,415.926535183337080,0.617794025000000
Kawata PME,8,64,5000,2678.923586760040507,0.751464372000000
Kawata PME,8,64,5000,2678.923586809928565,0.785463708000000
Kawata PME,8,64,5000,2678.923586809652988,0.764630059000000
Kawata PME,8,64,5000,2678.923586831551347,0.766152344000000
Kawata PME,8,64,5000,2678.923586852944027,0.781334222000000
Kawata PME,8,64,5000,2678.923586761810384,0.765850895000000
Kawata PME,8,64,5000,2678.923586862535558,0.777436194000000
Kawata PME,8,64,5000,2678.923586747050649,0.763421236000000
Kawata PME,8,64,5000,2678.923586801844067,0.763943669000000
Kawata PME,8,64,5000,2678.923586880111088,0.777597355000000
Kawata PME,8,64,5000,2678.923586732718377,0.764610815000000
Kawata PME,8,64,5000,2678.923586811049518,0.776863426000000
Kawata PME,8,64,5000,2678.923586930347028,0.763211211000000
Kawata PME,8,64,5000,2678.923586813985366,0.771593869000000
Kawata PME,8,64,5000,2678.923586747694117,0.781699775000000
Kawata PME,8,64,5000,2678.923586883813186,0.763198548000000
Kawata PME,8,64,5000,2678.923586886293378,0.771742968000000
Kawata PME,8,64,5000,2678.923586797489406,0.770192011000000
Kawata PME,8,64,5000,2678.923586949851597,0.763273778000000
Kawata PME,8,64,5000,2678.923586682261885,0.773927932000000
Kawata PME,8,64,5000,2678.923586765406981,0.763044257000000
Kawata PME,8,64,5000,2678.923586753739073,0.771613204000000
Kawata PME,8,64,5000,2678.923586798178349,0.769836710000000
Kawata PME,8,64,5000,2678.923586841211545,0.766784994000000
Kawata PME,8,64,5000,2678.923586820466426,0.777510888000000
Kawata PME,8,64,5000,2678.923586804829938,0.762927420000000
Kawata PME,8,64,5000,2678.923586846025955,0.771485103000000
Kawata PME,8,64,5000,2678.923586823654659,0.768934990000000
Kawata PME,8,64,5000,2678.923586882031032,0.764243293000000
Kawata PME,8,64,5000,2678.923586820843411,0.777972418000000
Kawata PME,8,64,6000,1581.316607852614652,0.911743980000000
Kawata PME,8,64,6000,1581.316607902106853,0.934771503000000
Kawata PME,8,64,6000,1581.316607860130034,0.922121300000000
Kawata PME,8,64,6000,1581.316607806531238,0.933742501000000
Kawata PME,8,64,6000,1581.316607919057560,0.919518121000000
Kawata PME,8,64,6000,1581.316608036177513,0.928236224000000
Kawata PME,8,64,6000,1581.316607876354738,0.926959448000000
Kawata PME,8,64,6000,1581.316607995753202,0.926665640000000
Kawata PME,8,64,6000,1581.316607859633905,0.926631998000000
Kawata PME,8,64,6000,1581.316607810849291,0.920065654000000
Kawata PME,8,64,6000,1581.316607913949383,0.935522313000000
Kawata PME,8,64,6000,1581.316607911358687,0.919852910000000
Kawata PME,8,64,6000,1581.316607751816036,0.933378087000000
Kawata PME,8,64,6000,1581.316607875822001,0.924944806000000
Kawata PME,8,64,6000,1581.316607859101168,0.933188227000000
Kawata PME,8,64,6000,1581.316607832623049,0.921013918000000
Kawata PME,8,64,6000,1581.316607806347520,0.932603788000000
Kawata PME,8,64,6000,1581.316607763534648,0.920147261000000
Kawata PME,8,64,6000,1581.316607700481882,0.934637611000000
Kawata PME,8,64,6000,1581.316607857888357,0.921035361000000
Kawata PME,8,64,6000,1581.316607849748380,0.934416690000000
Kawata PME,8,64,6000,1581.316607904487910,0.921227519000000
Kawata PME,8,64,6000,1581.316607935870479,0.931739037000000
Kawata PME,8,64,6000,1581.316607873120574,0.927059543000000
Kawata PME,8,64,6000,1581.316607750837420,0.933077602000000
Kawata PME,8,64,6000,1581.316607830055091,0.919622529000000
Kawata PME,8,64,6000,1581.316607911744541,0.928331622000000
Kawata PME,8,64,6000,1581.316607898477741,0.929968386000000
Kawata PME,8,64,6000,1581.316607849932097,0.922578176000000
Kawata PME,8,64,6000,1581.316607911882329,0.933474134000000
Kawata PME,8,64,7000,5336.199185844177009,1.071435485000000
Kawata PME,8,64,7000,5336.199186275153806,1.085886936000000
Kawata PME,8,64,7000,5336.199186406238368,1.090027067000000
Kawata PME,8,64,7000,5336.199186106805428,1.078200026000000
Kawata PME,8,64,7000,5336.199186057822772,1.122450948000000
Kawata PME,8,64,7000,5336.199185718650369,1.074699002000000
Kawata PME,8,64,7000,5336.199185871912960,1.087413984000000
Kawata PME,8,64,7000,5336.199186143428051,1.075901622000000
Kawata PME,8,64,7000,5336.199185906728417,1.089204415000000
Kawata PME,8,64,7000,5336.199185763181049,1.085156977000000
Kawata PME,8,64,7000,5336.199185679098264,1.081838423000000
Kawata PME,8,64,7000,5336.199186124848893,1.091972330000000
Kawata PME,8,64,7000,5336.199186115418343,1.076579759000000
Kawata PME,8,64,7000,5336.199185803623550,1.088770164000000
Kawata PME,8,64,7000,5336.199185964558637,1.075857506000000
Kawata PME,8,64,7000,5336.199185996961205,1.094617081000000
Kawata PME,8,64,7000,5336.199185908018990,1.074941341000000
Kawata PME,8,64,7000,5336.199185589412082,1.087013135000000
Kawata PME,8,64,7000,5336.199185992350976,1.082013391000000
Kawata PME,8,64,7000,5336.199185896838571,1.080946749000000
Kawata PME,8,64,7000,5336.199185903384205,1.088987140000000
Kawata PME,8,64,7000,5336.199185616826981,1.075163834000000
Kawata PME,8,64,7000,5336.199186127991197,1.087700017000000
Kawata PME,8,64,7000,5336.199185992459206,1.077072651000000
Kawata PME,8,64,7000,5336.199186027683936,1.089095475000000
Kawata PME,8,64,7000,5336.199185891565321,1.077924156000000
Kawata PME,8,64,7000,5336.199186166229993,1.094435793000000
Kawata PME,8,64,7000,5336.199185953837514,1.081371352000000
Kawata PME,8,64,7000,5336.199186000158988,1.083499800000000
Kawata PME,8,64,7000,5336.199185989078615,1.088153215000000
Kawata PME,8,64,8000,6154.845392555696890,1.219337095000000
Kawata PME,8,64,8000,6154.845392491901293,1.244666519000000
Kawata PME,8,64,8000,6154.845392545994400,1.238078333000000
Kawata PME,8,64,8000,6154.845392361523409,1.238466405000000
Kawata PME,8,64,8000,6154.845392414727030,1.240688032000000
Kawata PME,8,64,8000,6154.845392364086365,1.231643806000000
Kawata PME,8,64,8000,6154.845392470930165,1.249645582000000
Kawata PME,8,64,8000,6154.845392548071686,1.245761799000000
Kawata PME,8,64,8000,6154.845392745521167,1.233003658000000
Kawata PME,8,64,8000,6154.845392323259148,1.242642373000000
Kawata PME,8,64,8000,6154.845392607614485,1.242919700000000
Kawata PME,8,64,8000,6154.845392225393880,1.231525712000000
Kawata PME,8,64,8000,6154.845392377041208,1.241873806000000
Kawata PME,8,64,8000,6154.845392537763473,1.237332041000000
Kawata PME,8,64,8000,6154.845392781751798,1.239864127000000
Kawata PME,8,64,8000,6154.845392105115025,1.243585270000000
Kawata PME,8,64,8000,6154.845392316239668,1.231447109000000
Kawata PME,8,64,8000,6154.845392552642807,1.244387750000000
Kawata PME,8,64,8000,6154.845392545132199,1.244617956000000
Kawata PME,8,64,8000,6154.845392476319830,1.233676633000000
Kawata PME,8,64,8000,6154.845392541310503,1.243764294000000
Kawata PME,8,64,8000,6154.845392436823204,1.244371505000000
Kawata PME,8,64,8000,6154.845392344646825,1.229986439000000
Kawata PME,8,64,8000,6154.845392490742597,1.248706444000000
Kawata PME,8,64,8000,6154.845392706240091,1.252988438000000
Kawata PME,8,64,8000,6154.845392240618821,1.272956883000000
Kawata PME,8,64,8000,6154.845392344397624,1.242978187000000
Kawata PME,8,64,8000,6154.845392626719331,1.231290806000000
Kawata PME,8,64,8000,6154.845392216171604,1.243634955000000
Kawata PME,8,64,8000,6154.845392805777010,1.244805028000000
Kawata PME,8,64,9000,2021.724558728208422,1.374804882000000
Kawata PME,8,64,9000,2021.724558743289435,1.401259599000000
Kawata PME,8,64,9000,2021.724559016768353,1.403646679000000
Kawata PME,8,64,9000,2021.724559023135043,1.401050110000000
Kawata PME,8,64,9000,2021.724558782225358,1.387330065000000
Kawata PME,8,64,9000,2021.724559222095650,1.398553662000000
Kawata PME,8,64,9000,2021.724559069604538,1.401215319000000
Kawata PME,8,64,9000,2021.724559126180111,1.386537134000000
Kawata PME,8,64,9000,2021.724559016447074,1.399919458000000
Kawata PME,8,64,9000,2021.724559078957554,1.399950294000000
Kawata PME,8,64,9000,2021.724559371665237,1.396278655000000
Kawata PME,8,64,9000,2021.724558751447830,1.395414068000000
Kawata PME,8,64,9000,2021.724558870825604,1.401804858000000
Kawata PME,8,64,9000,2021.724558875586581,1.403298042000000
Kawata PME,8,64,9000,2021.724558923912127,1.389231229000000
Kawata PME,8,64,9000,2021.724558853353528,1.399355693000000
Kawata PME,8,64,9000,2021.724558776988488,1.402563562000000
Kawata PME,8,64,9000,2021.724558897746647,1.398398235000000
Kawata PME,8,64,9000,2021.724558405873722,1.385599481000000
Kawata PME,8,64,9000,2021.724558953568931,1.400886419000000
Kawata PME,8,64,9000,2021.724558846491391,1.396931153000000
Kawata PME,8,64,9000,2021.724559199788928,1.387632496000000
Kawata PME,8,64,9000,2021.724559053053554,1.395946755000000
Kawata PME,8,64,9000,2021.724558804477056,1.400006125000000
Kawata PME,8,64,9000,2021.724559354172925,1.400835846000000
Kawata PME,8,64,9000,2021.724558585285649,1.386134430000000
Kawata PME,8,64,9000,2021.724559012073769,1.399731273000000
Kawata PME,8,64,9000,2021.724559055456211,1.396118178000000
Kawata PME,8,64,9000,2021.724558845930460,1.391358100000000
Kawata PME,8,64,9000,2021.724559765011236,1.395973650000000
Kawata PME,8,64,10000,351.687383412071313,1.541702153000000
Kawata PME,8,64,10000,351.687383817434181,1.563502099000000
Kawata PME,8,64,10000,351.687383871768020,1.555261732000000
Kawata PME,8,64,10000,351.687382826903331,1.548651922000000
Kawata PME,8,64,10000,351.687383624849531,1.561021867000000
Kawata PME,8,64,10000,351.687383206018069,1.563327964000000
Kawata PME,8,64,10000,351.687383212688019,1.564114707000000
Kawata PME,8,64,10000,351.687382962480626,1.563107024000000
Kawata PME,8,64,10000,351.687383177757852,1.582816265000000
Kawata PME,8,64,10000,351.687383584884742,1.575821077000000
Kawata PME,8,64,10000,351.687383421754646,1.563750712000000
Kawata PME,8,64,10000,351.687383940930147,1.564559938000000
Kawata PME,8,64,10000,351.687383527868178,1.557587403000000
Kawata PME,8,64,10000,351.687383574980799,1.549685446000000
Kawata PME,8,64,10000,351.687383990725380,1.556195017000000
Kawata PME,8,64,10000,351.687383700553085,1.560643572000000
Kawata PME,8,64,10000,351.687383649205060,1.556998198000000
Kawata PME,8,64,10000,351.687383132740024,1.560318153000000
Kawata PME,8,64,10000,351.687382907172946,1.546424566000000
Kawata PME,8,64,10000,351.687383370186296,1.562720942000000
Kawata PME,8,64,10000,351.687383272892475,1.555669675000000
Kawata PME,8,64,10000,351.687383366676727,1.557708591000000
Kawata PME,8,64,10000,351.687382510354269,1.555996566000000
Kawata PME,8,64,10000,351.687383340207987,1.547213486000000
Kawata PME,8,64,10000,351.687382767011229,1.555968578000000
Kawata PME,8,64,10000,351.687383203813056,1.558419469000000
Kawata PME,8,64,10000,351.687382964318090,1.559488655000000
Kawata PME,8,64,10000,351.687382854230975,1.564032078000000
Kawata PME,8,64,10000,351.687383241269856,1.546684695000000
Kawata PME,8,64,10000,351.687383036897927,1.563765253000000
Kawata PME,8,64,11000,2648.581597525168036,1.702569267000000
Kawata PME,8,64,11000,2648.581596374539458,1.720834765000000
Kawata PME,8,64,11000,2648.581595554222076,1.722113234000000
Kawata PME,8,64,11000,2648.581596269436432,1.723826931000000
Kawata PME,8,64,11000,2648.581596251944120,1.715007591000000
Kawata PME,8,64,11000,2648.581596816413366,1.707920628000000
Kawata PME,8,64,11000,2648.581596497282135,1.719049774000000
Kawata PME,8,64,11000,2648.581596695470580,1.719259259000000
Kawata PME,8,64,11000,2648.581596588641332,1.725829895000000
Kawata PME,8,64,11000,2648.581596420857295,1.718368398000000
Kawata PME,8,64,11000,2648.581596442001683,1.724363852000000
Kawata PME,8,64,11000,2648.581596354658359,1.719279766000000
Kawata PME,8,64,11000,2648.581596702783827,1.720299534000000
Kawata PME,8,64,11000,2648.581596617268588,1.715528341000000
Kawata PME,8,64,11000,2648.581596218134109,1.713364305000000
Kawata PME,8,64,11000,2648.581596416470347,1.758627589000000
Kawata PME,8,64,11000,2648.581595723576356,1.718177724000000
Kawata PME,8,64,11000,2648.581596536218058,1.724331884000000
Kawata PME,8,64,11000,2648.581596354400972,1.718765401000000
Kawata PME,8,64,11000,2648.581596911152701,1.719049869000000
Kawata PME,8,64,11000,2648.581595959970400,1.719385695000000
Kawata PME,8,64,11000,2648.581596665200777,1.715148625000000
Kawata PME,8,64,11000,2648.581596313222690,1.709041530000000
Kawata PME,8,64,11000,2648.581596781170447,1.718610061000000
Kawata PME,8,64,11000,2648.581596385270132,1.724864628000000
Kawata PME,8,64,11000,2648.581597404929198,1.718891041000000
Kawata PME,8,64,11000,2648.581596657899354,1.717133897000000
Kawata PME,8,64,11000,2648.581596710428130,1.719497957000000
Kawata PME,8,64,11000,2648.581597419321497,1.722136461000000
Kawata PME,8,64,11000,2648.581596478393294,1.721709453000000
Kawata PME,8,64,12000,2116.935086922781466,1.869213460000000
Kawata PME,8,64,12000,2116.935086892568961,1.879590434000000
Kawata PME,8,64,12000,2116.935088237390573,1.873136217000000
Kawata PME,8,64,12000,2116.935087666122854,1.874051469000000
Kawata PME,8,64,12000,2116.935087020621722,1.873953608000000
Kawata PME,8,64,12000,2116.935087401418059,1.878529360000000
Kawata PME,8,64,12000,2116.935087932555234,1.885975556000000
Kawata PME,8,64,12000,2116.935087152735832,1.880787154000000
Kawata PME,8,64,12000,2116.935087026355177,1.880830524000000
Kawata PME,8,64,12000,2116.935087715187819,1.879307837000000
Kawata PME,8,64,12000,2116.935087151339303,1.881612380000000
Kawata PME,8,64,12000,2116.935087400094744,1.878885164000000
Kawata PME,8,64,12000,2116.935087507733442,1.891699867000000
Kawata PME,8,64,12000,2116.935088170176186,1.882001011000000
Kawata PME,8,64,12000,2116.935087337915320,1.882849757000000
Kawata PME,8,64,12000,2116.935087337069945,1.880977497000000
Kawata PME,8,64,12000,2116.935087444653618,1.881652744000000
Kawata PME,8,64,12000,2116.935087381757057,1.879212986000000
Kawata PME,8,64,12000,2116.935087741238476,1.919033562000000
Kawata PME,8,64,12000,2116.935087255725193,1.888078492000000
Kawata PME,8,64,12000,2116.935087330160968,1.881514579000000
Kawata PME,8,64,12000,2116.935086842056990,1.881265348000000
Kawata PME,8,64,12000,2116.935086779950780,1.883312408000000
Kawata PME,8,64,12000,2116.935087502331498,1.887356503000000
Kawata PME,8,64,12000,2116.935087104888225,1.880039443000000
Kawata PME,8,64,12000,2116.935086972297086,1.879701885000000
Kawata PME,8,64,12000,2116.935087608243521,1.878131509000000
Kawata PME,8,64,12000,2116.935087043002113,1.871706148000000
Kawata PME,8,64,12000,2116.935088073158568,1.874003805000000
Kawata PME,8,64,12000,2116.935087358127475,1.873835324000000
Kawata PME,8,64,13000,3493.876543530478557,2.031641140000000
Kawata PME,8,64,13000,3493.876542933706332,2.043649076000000
Kawata PME,8,64,13000,3493.876542835402688,2.041039169000000
Kawata PME,8,64,13000,3493.876543463484722,2.041253350000000
Kawata PME,8,64,13000,3493.876543372236483,2.040231910000000
Kawata PME,8,64,13000,3493.876542818460621,2.039322957000000
Kawata PME,8,64,13000,3493.876543286573451,2.047831952000000
Kawata PME,8,64,13000,3493.876543532003325,2.043429163000000
Kawata PME,8,64,13000,3493.876543553263218,2.048975688000000
Kawata PME,8,64,13000,3493.876544457147247,2.044500927000000
Kawata PME,8,64,13000,3493.876543638043586,2.042054410000000
Kawata PME,8,64,13000,3493.876543244251934,2.046764317000000
Kawata PME,8,64,13000,3493.876542747902931,2.040166185000000
Kawata PME,8,64,13000,3493.876543913571368,2.047038951000000
Kawata PME,8,64,13000,3493.876542998160403,2.046678123000000
Kawata PME,8,64,13000,3493.876542751136185,2.043459703000000
Kawata PME,8,64,13000,3493.876542647797123,2.047506227000000
Kawata PME,8,64,13000,3493.876543185696846,2.043558530000000
Kawata PME,8,64,13000,3493.876543575790492,2.073798733000000
Kawata PME,8,64,13000,3493.876542893944134,2.040184090000000
Kawata PME,8,64,13000,3493.876542774655718,2.047993790000000
Kawata PME,8,64,13000,3493.876542851094200,2.042099036000000
Kawata PME,8,64,13000,3493.876543417768517,2.049526635000000
Kawata PME,8,64,13000,3493.876544570078295,2.044437610000000
Kawata PME,8,64,13000,3493.876543000810670,2.044860102000000
Kawata PME,8,64,13000,3493.876543470631987,2.043264846000000
Kawata PME,8,64,13000,3493.876544162621030,2.044709386000000
Kawata PME,8,64,13000,3493.876542963987959,2.042960868000000
Kawata PME,8,64,13000,3493.876543261803818,2.048993359000000
Kawata PME,8,64,13000,3493.876543139429486,2.045295701000000
Kawata PME,8,64,14000,1311.169575029063708,2.184456837000000
Kawata PME,8,64,14000,1311.169574394109759,2.203081418000000
Kawata PME,8,64,14000,1311.169575957800589,2.201732713000000
Kawata PME,8,64,14000,1311.169575779313845,2.208560591000000
Kawata PME,8,64,14000,1311.169576495653700,2.207997721000000
Kawata PME,8,64,14000,1311.169575531922419,2.206701660000000
Kawata PME,8,64,14000,1311.169574411041822,2.206385232000000
Kawata PME,8,64,14000,1311.169573765109135,2.214377586000000
Kawata PME,8,64,14000,1311.169574647900163,2.203894740000000
Kawata PME,8,64,14000,1311.169575393689684,2.203860141000000
Kawata PME,8,64,14000,1311.169577549255337,2.202754591000000
Kawata PME,8,64,14000,1311.169576649642522,2.211100979000000
Kawata PME,8,64,14000,1311.169575451606534,2.206154844000000
Kawata PME,8,64,14000,1311.169575655492054,2.212410044000000
Kawata PME,8,64,14000,1311.169575340330084,2.205073951000000
Kawata PME,8,64,14000,1311.169573860822538,2.204053089000000
Kawata PME,8,64,14000,1311.169575634994999,2.237578801000000
Kawata PME,8,64,14000,1311.169573358000434,2.205210698000000
Kawata PME,8,64,14000,1311.169573366122222,2.216097761000000
Kawata PME,8,64,14000,1311.169574340455711,2.211578487000000
Kawata PME,8,64,14000,1311.169573633555729,2.206839048000000
Kawata PME,8,64,14000,1311.169573348923450,2.202414623000000
Kawata PME,8,64,14000,1311.169575113807696,2.206017996000000
Kawata PME,8,64,14000,1311.169575603013982,2.206990884000000
Kawata PME,8,64,14000,1311.169576042755352,2.203691982000000
Kawata PME,8,64,14000,1311.169574471797205,2.202748652000000
Kawata PME,8,64,14000,1311.169574841899703,2.206205884000000
Kawata PME,8,64,14000,1311.169574126206953,2.210729972000000
Kawata PME,8,64,14000,1311.169576362557336,2.204406613000000
Kawata PME,8,64,14000,1311.169575706996056,2.211899972000000
Kawata PME,8,64,15000,1246.978439762917333,2.349658453000000
Kawata PME,8,64,15000,1246.978440166902146,2.367126490000000
Kawata PME,8,64,15000,1246.978442096386061,2.368686928000000
Kawata PME,8,64,15000,1246.978440527596376,2.374159221000000
Kawata PME,8,64,15000,1246.978441399730173,2.371841277000000
Kawata PME,8,64,15000,1246.978439950483335,2.367364545000000
Kawata PME,8,64,15000,1246.978440117106857,2.371515470000000
Kawata PME,8,64,15000,1246.978440921438278,2.371442979000000
Kawata PME,8,64,15000,1246.978441739477148,2.381632490000000
Kawata PME,8,64,15000,1246.978441023821915,2.377766079000000
Kawata PME,8,64,15000,1246.978437618762428,2.369136179000000
Kawata PME,8,64,15000,1246.978440167416693,2.370157369000000
Kawata PME,8,64,15000,1246.978441036720824,2.379916327000000
Kawata PME,8,64,15000,1246.978439193266695,2.405873400000000
Kawata PME,8,64,15000,1246.978439879486132,2.369294280000000
Kawata PME,8,64,15000,1246.978441324136838,2.375884972000000
Kawata PME,8,64,15000,1246.978439770120076,2.378826585000000
Kawata PME,8,64,15000,1246.978440215944147,2.363529251000000
Kawata PME,8,64,15000,1246.978440732914351,2.373113352000000
Kawata PME,8,64,15000,1246.978438441248045,2.371450404000000
Kawata PME,8,64,15000,1246.978443189162590,2.366437020000000
Kawata PME,8,64,15000,1246.978440476625110,2.378567834000000
Kawata PME,8,64,15000,1246.978439440396414,2.377913922000000
Kawata PME,8,64,15000,1246.978440759162595,2.378398763000000
Kawata PME,8,64,15000,1246.978443208566205,2.371227496000000
Kawata PME,8,64,15000,1246.978438711336821,2.370061413000000
Kawata PME,8,64,15000,1246.978440005885204,2.373432702000000
Kawata PME,8,64,15000,1246.978440494264760,2.373849436000000
Kawata PME,8,64,15000,1246.978440365348433,2.372323351000000
Kawata PME,8,64,15000,1246.978440473538285,2.369868498000000
Kawata PME,8,64,16000,2726.602830711046408,2.524781775000000
Kawata PME,8,64,16000,2726.602828275451429,2.531126397000000
Kawata PME,8,64,16000,2726.602829239127459,2.531249568000000
Kawata PME,8,64,16000,2726.602828896219762,2.544445170000000
Kawata PME,8,64,16000,2726.602828159948331,2.533513456000000
Kawata PME,8,64,16000,2726.602829673972792,2.532070957000000
Kawata PME,8,64,16000,2726.602830879559860,2.533691740000000
Kawata PME,8,64,16000,2726.602829044246391,2.596463036000000
Kawata PME,8,64,16000,2726.602827884401904,2.530243234000000
Kawata PME,8,64,16000,2726.602828524170491,2.533231008000000
Kawata PME,8,64,16000,2726.602829139720598,2.554165129000000
Kawata PME,8,64,16000,2726.602828631891953,2.532861932000000
Kawata PME,8,64,16000,2726.602829563917567,2.529633164000000
Kawata PME,8,64,16000,2726.602826786654987,2.537826470000000
Kawata PME,8,64,16000,2726.602829162137823,2.528842940000000
Kawata PME,8,64,16000,2726.602829602099973,2.533647385000000
Kawata PME,8,64,16000,2726.602829859308258,2.534882744000000
Kawata PME,8,64,16000,2726.602830639973035,2.537632950000000
Kawata PME,8,64,16000,2726.602829314500468,2.530878312000000
Kawata PME,8,64,16000,2726.602828748037609,2.531838727000000
Kawata PME,8,64,16000,2726.602829474139071,2.546036325000000
Kawata PME,8,64,16000,2726.602829843910513,2.532113158000000
Kawata PME,8,64,16000,2726.602830255759727,2.534864478000000
Kawata PME,8,64,16000,2726.602829362053399,2.539813393000000
Kawata PME,8,64,16000,2726.602829890581688,2.529302567000000
Kawata PME,8,64,16000,2726.602827703559342,2.537091533000000
Kawata PME,8,64,16000,2726.602830283505227,2.538907778000000
Kawata PME,8,64,16000,2726.602828619718366,2.535719614000000
Kawata PME,8,64,16000,2726.602828002542083,2.532860121000000
Kawata PME,8,64,16000,2726.602830517708298,2.533741888000000
Kawata PME,8,64,17000,12859.907593070665826,2.691888399000000
Kawata PME,8,64,17000,12859.907590733961115,2.724876085000000
Kawata PME,8,64,17000,12859.907589859401924,2.704869204000000
Kawata PME,8,64,17000,12859.907592512590782,2.706079822000000
Kawata PME,8,64,17000,12859.907591713992588,2.705430219000000
Kawata PME,8,64,17000,12859.907592672267128,2.710728340000000
Kawata PME,8,64,17000,12859.907592923704215,2.696272598000000
Kawata PME,8,64,17000,12859.907592404879324,2.701476608000000
Kawata PME,8,64,17000,12859.907591477676760,2.702577135000000
Kawata PME,8,64,17000,12859.907591504521406,2.697249384000000
Kawata PME,8,64,17000,12859.907589894020930,2.707258293000000
Kawata PME,8,64,17000,12859.907592004456092,2.699962425000000
Kawata PME,8,64,17000,12859.907592369818303,2.698189123000000
Kawata PME,8,64,17000,12859.907591928644251,2.709252408000000
Kawata PME,8,64,17000,12859.907589842645393,2.703905135000000
Kawata PME,8,64,17000,12859.907591125047475,2.701591514000000
Kawata PME,8,64,17000,12859.907588699939879,2.698602140000000
Kawata PME,8,64,17000,12859.907590494687611,2.691847583000000
Kawata PME,8,64,17000,12859.907591316805338,2.705881333000000
Kawata PME,8,64,17000,12859.907590583372439,2.701013047000000
Kawata PME,8,64,17000,12859.907589708967862,2.700807588000000
Kawata PME,8,64,17000,12859.907591350469374,2.700258912000000
Kawata PME,8,64,17000,12859.907591783103271,2.692564686000000
Kawata PME,8,64,17000,12859.907590893380984,2.738196654000000
Kawata PME,8,64,17000,12859.907590782848274,2.703191555000000
Kawata PME,8,64,17000,12859.907592816542092,2.701039638000000
Kawata PME,8,64,17000,12859.907591139526630,2.707446546000000
Kawata PME,8,64,17000,12859.907589169582934,2.717992648000000
Kawata PME,8,64,17000,12859.907590930424703,2.704282803000000
Kawata PME,8,64,17000,12859.907590035403700,2.694771547000000
Kawata PME,8,64,18000,1327.357660840393009,2.840523540000000
Kawata PME,8,64,18000,1327.357659682304984,2.871775045000000
Kawata PME,8,64,18000,1327.357659236893369,2.867590537000000
Kawata PME,8,64,18000,1327.357659249259541,2.873992050000000
Kawata PME,8,64,18000,1327.357659345873344,2.862980655000000
Kawata PME,8,64,18000,1327.357659395043811,2.873627877000000
Kawata PME,8,64,18000,1327.357658466977682,2.872062633000000
Kawata PME,8,64,18000,1327.357658643925561,2.876240747000000
Kawata PME,8,64,18000,1327.357656898518599,2.860958183000000
Kawata PME,8,64,18000,1327.357659977225921,2.873261709000000
Kawata PME,8,64,18000,1327.357659367408587,2.871405373000000
Kawata PME,8,64,18000,1327.357658453233398,2.878856332000000
Kawata PME,8,64,18000,1327.357657571765003,2.860105273000000
Kawata PME,8,64,18000,1327.357656640832602,2.867625516000000
Kawata PME,8,64,18000,1327.357671493420412,2.872328064000000
Kawata PME,8,64,18000,1327.357656331697626,2.863542706000000
Kawata PME,8,64,18000,1327.357660708169078,2.869684998000000
Kawata PME,8,64,18000,1327.357658546062112,2.868847008000000
Kawata PME,8,64,18000,1327.357658695447753,2.875789043000000
Kawata PME,8,64,18000,1327.357658683945374,2.860795094000000
Kawata PME,8,64,18000,1327.357658601038793,2.873612022000000
Kawata PME,8,64,18000,1327.357659228422563,2.862214321000000
Kawata PME,8,64,18000,1327.357658949807956,2.877859643000000
Kawata PME,8,64,18000,1327.357656874998838,2.868346294000000
Kawata PME,8,64,18000,1327.357657955868717,2.874539086000000
Kawata PME,8,64,18000,1327.357659822952428,2.859518037000000
Kawata PME,8,64,18000,1327.357660306462776,2.875366297000000
Kawata PME,8,64,18000,1327.357657527519223,2.861747697000000
Kawata PME,8,64,18000,1327.357659953412394,2.877284621000000
Kawata PME,8,64,18000,1327.357658064609950,2.860787533000000
Kawata PME,8,64,19000,2730.924983423828053,3.028587319000000
Kawata PME,8,64,19000,2730.924982707106665,3.037218625000000
Kawata PME,8,64,19000,2730.924981309641225,3.045608380000000
Kawata PME,8,64,19000,2730.924982294669462,3.030914991000000
Kawata PME,8,64,19000,2730.924983540970061,3.051389257000000
Kawata PME,8,64,19000,2730.924984964578016,3.060391585000000
Kawata PME,8,64,19000,2730.924986865324172,3.034787577000000
Kawata PME,8,64,19000,2730.924977436709014,3.039727933000000
Kawata PME,8,64,19000,2730.924980450480234,3.036409132000000
Kawata PME,8,64,19000,2730.924986812993211,3.057570959000000
Kawata PME,8,64,19000,2730.924986699506462,3.028992571000000
Kawata PME,8,64,19000,2730.924981124517217,3.045646528000000
Kawata PME,8,64,19000,2730.924981318902610,3.029809699000000
Kawata PME,8,64,19000,2730.924984905503607,3.036151088000000
Kawata PME,8,64,19000,2730.924986621088465,3.029753726000000
Kawata PME,8,64,19000,2730.924983846591203,3.037516489000000
Kawata PME,8,64,19000,2730.924986637993243,3.034510513000000
Kawata PME,8,64,19000,2730.924990283410807,3.030065406000000
Kawata PME,8,64,19000,2730.924984425245384,3.042974002000000
Kawata PME,8,64,19000,2730.924982631586317,3.035830711000000
Kawata PME,8,64,19000,2730.924986157385320,3.041527934000000
Kawata PME,8,64,19000,2730.924985236853445,3.031454758000000
Kawata PME,8,64,19000,2730.924986597385214,3.044127576000000
Kawata PME,8,64,19000,2730.924987842780865,3.036306358000000
Kawata PME,8,64,19000,2730.924984645300356,3.031568328000000
Kawata PME,8,64,19000,2730.924982179717517,3.075419882000000
Kawata PME,8,64,19000,2730.924984312609013,3.035503269000000
Kawata PME,8,64,19000,2730.924985087320238,3.046156185000000
Kawata PME,8,64,19000,2730.924987019100627,3.031035598000000
Kawata PME,8,64,19000,2730.924983955148491,3.045951189000000
Kawata PME,8,64,20000,2208.549030956991828,3.188922790000000
Kawata PME,8,64,20000,2208.549032123413781,3.199606005000000
Kawata PME,8,64,20000,2208.549038153878428,3.212977436000000
Kawata PME,8,64,20000,2208.549036421039546,3.198432493000000
Kawata PME,8,64,20000,2208.549032682223242,3.207633425000000
Kawata PME,8,64,20000,2208.549035114547678,3.209912782000000
Kawata PME,8,64,20000,2208.549029772121230,3.200785818000000
Kawata PME,8,64,20000,2208.549033162867090,3.213047747000000
Kawata PME,8,64,20000,2208.549034091870453,3.208155591000000
Kawata PME,8,64,20000,2208.549028829943381,3.200591101000000
Kawata PME,8,64,20000,2208.549037595454593,3.216385874000000
Kawata PME,8,64,20000,2208.549022286220406,3.212239037000000
Kawata PME,8,64,20000,2208.549031598519377,3.196732424000000
Kawata PME,8,64,20000,2208.549032422350592,3.209427294000000
Kawata PME,8,64,20000,2208.549029688553674,3.235276677000000
Kawata PME,8,64,20000,2208.549034236703847,3.199793006000000
Kawata PME,8,64,20000,2208.549030329314064,3.210150825000000
Kawata PME,8,64,20000,2208.549037302121633,3.200959058000000
Kawata PME,8,64,20000,2208.549038774959172,3.217353858000000
Kawata PME,8,64,20000,2208.549032459228783,3.212088153000000
Kawata PME,8,64,20000,2208.549037576014143,3.203001382000000
Kawata PME,8,64,20000,2208.549036753234759,3.216221261000000
Kawata PME,8,64,20000,2208.549035913550597,3.212601313000000
Kawata PME,8,64,20000,2208.549031500293040,3.195555671000000
Kawata PME,8,64,20000,2208.549036945396438,3.208251590000000
Kawata PME,8,64,20000,2208.549037449633488,3.219815554000000
Kawata PME,8,64,20000,2208.549032871997042,3.198258403000000
Kawata PME,8,64,20000,2208.549038109576941,3.205579605000000
Kawata PME,8,64,20000,2208.549034240723358,3.207541257000000
Kawata PME,8,64,20000,2208.549033184144719,3.208049255000000
Kawata PME,8,64,21000,2931.093359632187003,3.355149905000000
Kawata PME,8,64,21000,2931.093360104413478,3.374051061000000
Kawata PME,8,64,21000,2931.093358124512179,3.387717069000000
Kawata PME,8,64,21000,2931.093357636113979,3.369471409000000
Kawata PME,8,64,21000,2931.093360841605772,3.370227845000000
Kawata PME,8,64,21000,2931.093362203828747,3.375841371000000
Kawata PME,8,64,21000,2931.093360138665957,3.353569649000000
Kawata PME,8,64,21000,2931.093357181608098,3.370557954000000
Kawata PME,8,64,21000,2931.093355685387905,3.378132900000000
Kawata PME,8,64,21000,2931.093353186437525,3.362043671000000
Kawata PME,8,64,21000,2931.093357751286021,3.361887922000000
Kawata PME,8,64,21000,2931.093357117240885,3.364851599000000
Kawata PME,8,64,21000,2931.093360571720041,3.373335515000000
Kawata PME,8,64,21000,2931.093355403080750,3.360765924000000
Kawata PME,8,64,21000,2931.093354416362217,3.378371373000000
Kawata PME,8,64,21000,2931.093357926763929,3.372704195000000
Kawata PME,8,64,21000,2931.093356457196933,3.360895585000000
Kawata PME,8,64,21000,2931.093361356427067,3.363771945000000
Kawata PME,8,64,21000,2931.093354105757498,3.368324118000000
Kawata PME,8,64,21000,2931.093359655192216,3.376150222000000
Kawata PME,8,64,21000,2931.093354729759994,3.391237609000000
Kawata PME,8,64,21000,2931.093353604001095,3.361101942000000
Kawata PME,8,64,21000,2931.093350429139718,3.377383891000000
Kawata PME,8,64,21000,2931.093354327907036,3.371851188000000
Kawata PME,8,64,21000,2931.093351487003929,3.358254688000000
Kawata PME,8,64,21000,2931.093367061127083,3.374517028000000
Kawata PME,8,64,21000,2931.093358828296914,3.375933499000000
Kawata PME,8,64,21000,2931.093358504573189,3.363571755000000
Kawata PME,8,64,21000,2931.093356571669574,3.360192495000000
Kawata PME,8,64,21000,2931.093358545308547,3.371287466000000
Kawata PME,8,64,22000,9505.691720672921292,3.516223564000000
Kawata PME,8,64,22000,9505.691728442929161,3.543704499000000
Kawata PME,8,64,22000,9505.691724955810059,3.531003539000000
Kawata PME,8,64,22000,9505.691725027489156,3.533686350000000
Kawata PME,8,64,22000,9505.691725001543091,3.552153989000000
Kawata PME,8,64,22000,9505.691727810437442,3.543314479000000
Kawata PME,8,64,22000,9505.691721586581480,3.540158734000000
Kawata PME,8,64,22000,9505.691726667462717,3.537385199000000
Kawata PME,8,64,22000,9505.691729783598930,3.558540231000000
Kawata PME,8,64,22000,9505.691728971349221,3.543891379000000
Kawata PME,8,64,22000,9505.691727529783748,3.536603981000000
Kawata PME,8,64,22000,9505.691725540837069,3.536688051000000
Kawata PME,8,64,22000,9505.691735296633851,3.544776363000000
Kawata PME,8,64,22000,9505.691723908033964,3.542601960000000
Kawata PME,8,64,22000,9505.691725055528877,3.534208915000000
Kawata PME,8,64,22000,9505.691724186390275,3.546841044000000
Kawata PME,8,64,22000,9505.691727878276652,3.541585080000000
Kawata PME,8,64,22000,9505.691727803015965,3.538769596000000
Kawata PME,8,64,22000,9505.691728739093378,3.533244038000000
Kawata PME,8,64,22000,9505.691720112494295,3.545717392000000
Kawata PME,8,64,22000,9505.691732215280354,3.560918389000000
Kawata PME,8,64,22000,9505.691727286248351,3.590184323000000
Kawata PME,8,64,22000,9505.691726459535857,3.551371246000000
Kawata PME,8,64,22000,9505.691728053719999,3.578536153000000
Kawata PME,8,64,22000,9505.691741267730322,3.621801659000000
Kawata PME,8,64,22000,9505.691730402568282,3.561923200000000
Kawata PME,8,64,22000,9505.691727011289913,3.771447545000000
Kawata PME,8,64,22000,9505.691729135764035,3.783245291000000
Kawata PME,8,64,22000,9505.691723926554914,3.638717543000000
Kawata PME,8,64,22000,9505.691727138882925,3.684142422000000
Kawata PME,8,64,23000,6224.181118614865227,3.784287762000000
Kawata PME,8,64,23000,6224.181130499655410,3.954879082000000
Kawata PME,8,64,23000,6224.181127490256586,3.970629407000000
Kawata PME,8,64,23000,6224.181122784395484,3.748108812000000
Kawata PME,8,64,23000,6224.181124151511540,3.716415933000000
Kawata PME,8,64,23000,6224.181126557412426,3.714442162000000
Kawata PME,8,64,23000,6224.181125879756109,3.715895374000000
Kawata PME,8,64,23000,6224.181122481477360,3.716854418000000
Kawata PME,8,64,23000,6224.181130076937734,3.708760227000000
Kawata PME,8,64,23000,6224.181127745076083,3.712109301000000
Kawata PME,8,64,23000,6224.181121338721823,3.713476707000000
Kawata PME,8,64,23000,6224.181124929162252,3.740786909000000
Kawata PME,8,64,23000,6224.181118834772860,3.724953765000000
Kawata PME,8,64,23000,6224.181126513058189,3.721433571000000
Kawata PME,8,64,23000,6224.181126615440007,3.719620766000000
Kawata PME,8,64,23000,6224.181123525966541,3.722728988000000
Kawata PME,8,64,23000,6224.181124287741113,3.722558083000000
Kawata PME,8,64,23000,6224.181132665897167,3.713099552000000
Kawata PME,8,64,23000,6224.181125646032342,3.713594843000000
Kawata PME,8,64,23000,6224.181124586806618,3.706337249000000
Kawata PME,8,64,23000,6224.181126640319235,3.710041618000000
Kawata PME,8,64,23000,6224.181126851260160,3.716507112000000
Kawata PME,8,64,23000,6224.181122465823137,3.715580515000000
Kawata PME,8,64,23000,6224.181126323982426,3.715079624000000
Kawata PME,8,64,23000,6224.181127893286430,3.728985758000000
Kawata PME,8,64,23000,6224.181122935698113,3.717964030000000
Kawata PME,8,64,23000,6224.181127196997295,3.720899904000000
Kawata PME,8,64,23000,6224.181123410940017,3.750344344000000
Kawata PME,8,64,23000,6224.181124882215954,3.721728636000000
Kawata PME,8,64,23000,6224.181112123734238,3.716369116000000
Kawata PME,8,64,24000,5825.707438085295507,3.860549384000000
Kawata PME,8,64,24000,5825.707426948059947,3.872263764000000
Kawata PME,8,64,24000,5825.707441065919738,3.879820917000000
Kawata PME,8,64,24000,5825.707439102994613,3.896313908000000
Kawata PME,8,64,24000,5825.707434565852964,3.873411143000000
Kawata PME,8,64,24000,5825.707433304618462,3.874789791000000
Kawata PME,8,64,24000,5825.707435733820603,3.881056234000000
Kawata PME,8,64,24000,5825.707433838881116,3.872384423000000
Kawata PME,8,64,24000,5825.707432019056796,3.873579793000000
Kawata PME,8,64,24000,5825.707442622692724,3.884100398000000
Kawata PME,8,64,24000,5825.707434495883717,3.875326743000000
Kawata PME,8,64,24000,5825.707435467718824,3.874359965000000
Kawata PME,8,64,24000,5825.707433057591516,3.909651551000000
Kawata PME,8,64,24000,5825.707437720633607,3.872219478000000
Kawata PME,8,64,24000,5825.707434945768910,3.875166208000000
Kawata PME,8,64,24000,5825.707430630906856,3.874347291000000
Kawata PME,8,64,24000,5825.707431888376050,3.870441549000000
Kawata PME,8,64,24000,5825.707425396101826,3.867817186000000
Kawata PME,8,64,24000,5825.707430591199227,3.874139423000000
Kawata PME,8,64,24000,5825.707431523823288,3.879621386000000
Kawata PME,8,64,24000,5825.707429752066673,3.870507125000000
Kawata PME,8,64,24000,5825.707433099484660,3.880461240000000
Kawata PME,8,64,24000,5825.707432685761887,3.877060437000000
Kawata PME,8,64,24000,5825.707433810805014,3.874168895000000
Kawata PME,8,64,24000,5825.707434359103900,3.875433020000000
Kawata PME,8,64,24000,5825.707433820725782,3.885154661000000
Kawata PME,8,64,24000,5825.707438266396821,3.878026822000000
Kawata PME,8,64,24000,5825.707432219486691,3.877933016000000
Kawata PME,8,64,24000,5825.707430210551138,3.907881936000000
Kawata PME,8,64,24000,5825.707437841318097,3.873918701000000
Kawata PME,8,64,25000,2884.124274174689162,4.038974201000000
Kawata PME,8,64,25000,2884.124263284848439,4.050599262000000
Kawata PME,8,64,25000,2884.124263035983404,4.057822955000001
Kawata PME,8,64,25000,2884.124260063830206,4.070505960000000
Kawata PME,8,64,25000,2884.124265670171553,4.072041493000000
Kawata PME,8,64,25000,2884.124259926112245,4.060301941000000
Kawata PME,8,64,25000,2884.124253889088322,4.053012148000000
Kawata PME,8,64,25000,2884.124258148770423,4.057830390000000
Kawata PME,8,64,25000,2884.124261086286879,4.061668890000000
Kawata PME,8,64,25000,2884.124260555345700,4.051422755000000
Kawata PME,8,64,25000,2884.124254654354900,4.066471079999999
Kawata PME,8,64,25000,2884.124260590980157,4.055721478000000
Kawata PME,8,64,25000,2884.124252872602938,4.054590254000000
Kawata PME,8,64,25000,2884.124255748160522,4.080427613000000
Kawata PME,8,64,25000,2884.124258607401316,4.094775000000000
Kawata PME,8,64,25000,2884.124259122662806,4.063361686000000
Kawata PME,8,64,25000,2884.124265893092343,4.079229117000000
Kawata PME,8,64,25000,2884.124262710824951,4.057092429000000
Kawata PME,8,64,25000,2884.124262425357301,4.060694510000000
Kawata PME,8,64,25000,2884.124264118176143,4.070546207000000
Kawata PME,8,64,25000,2884.124261384764850,4.078435483000000
Kawata PME,8,64,25000,2884.124262045957494,4.062968713000000
Kawata PME,8,64,25000,2884.124277303963481,4.094217708000000
Kawata PME,8,64,25000,2884.124261778790242,4.067790089000000
Kawata PME,8,64,25000,2884.124260985519868,4.077431467000000
Kawata PME,8,64,25000,2884.124262732728312,4.061955561000000
Kawata PME,8,64,25000,2884.124263538639752,4.056201814000000
Kawata PME,8,64,25000,2884.124259737992816,4.058671341000000
Kawata PME,8,64,25000,2884.124261685300098,4.088469872000000
Kawata PME,8,64,25000,2884.124261312001181,4.061340162000000
